code,name,classification,kcal,protein,carbs,fat,fiber,sugar
C131000,"Hafer ganzes Korn, roh",C,343,11.38,53.7,7.09,9.3,1.08
C133000,Hafer Flocken,C,348,13.22,53.3,6.65,10.98,0.74
C141000,"Gerste ganzes Korn, roh",C,332,11.24,62.6,2.1,8.7,1.71
C243000,Gerste Mehl,C,340,11.3,62.6,2,13,1.71
C341000,Mais roh,C,336,8.656,62.84,3.8,7.7,1.39
C443000,Mais Mehl,C,330,8.663,62.84,2.82,9.42,1.39
C352000,"Reis poliert, roh",C,351,7.931,77.1,0.62,2.5,0.28
C359000,"Reis parboiled, poliert, roh",C,333,8.125,72.1,1.03,1.4,0.34
E401000,"Teigwaren eifrei, roh",E,346,12.4,68.83,1.6,3.406,2.015
E510000,"Vollkornteigwaren eifrei, roh",E,356,14.3,62.9,2.93,10.2,2.8
F301100,Erdbeere roh,F,38,0.82,5.917,0.4,2,5.857
F302100,Himbeere roh,F,43,1,5.2,0.3,4.7,5.2
F331100,Maulbeere roh,F,51,1.37,8.1,0.39,1.7,8.1
G130100,Rucola roh,G,21,3.6,0,0.4,1.7,0
G420100,"Stielmus/Rübstiel, roh",G,18,1.5,0.81,0.3,3.2,0.81
G541100,"Gemüsepaprika grün, roh",G,38,1.08,6.88,0.24,2,6.51
G543100,"Gemüsepaprika rot, roh",G,36,1.025,6.19,0.2,2.2,6.19
G611100,"Kohlrübe/Steckrübe, roh",G,22,1.25,2.3,0.16,2.9,1.39
G660100,Knollensellerie roh,G,30,1.55,2.77,0.33,4.2,2.11
G614100,"Weiße Rübe/Wasserrübe/Herbstrübe, roh",G,40,0.99,6.58,0.22,3.49,5.67
H640100,"Alfalfasprossen/Alfalfakeimlinge, roh",H,29,4,0.3,0.69,2.8,0.3
H662100,"Linsensprossen/Linsenkeimlinge, roh",H,29,4.65,0.3,0.39,2.8,0.3
H861000,Tofu,H,115,15.51,0,5.63,1.3,0
H861100,Seidentofu,H,46,4.57,0,2.9,0.6,0
M012100,Roquefort mind. 50 % Fett i. Tr.,M,363,21.5,0,30.6,0,0
M5B1600,Gorgonzola mind. 48 % Fett i. Tr.,M,329,18.65,0,28.06,0,0
M881000,"Milchpulver mit hohem Fettgehalt (Sahnepulver, Rahmpulver)",M,586,21.6,28.3,42,0,28.3
M882000,Vollmilchpulver,M,483,24.69,35.1,26.2,0,35.1
M884000,Magermilchpulver,M,347,34.29,50.5,0.48,0,50.5
M886000,Buttermilchpulver,M,363,32.72,42.12,6.75,0,42.12
N500900,Kaffeeersatzpulver,N,279,3.97,51.25,0.08,28.7,7.62
N540900,Zichorienkaffeepulver,N,304,6.8,51.25,1.6,28.7,7.62
P353100,Apfelwein,P,44,0,4,0,0,4
P752100,Obstbrand/Obstwasser,P,274,0,0,0,0,0
P712000,Wodka,P,225,0,0,0,0,0
P741000,"Rum 37,5/40 % vol",P,214,0,0,0,0,0
S120000,Honig,S,305,0.4,74.09,0,0,70.76
S121000,Blütenhonig (Nektarhonig),S,318,0.38,78.56,0,0,77.65
T102100,Hering roh,T,150,17.2,0,9.005,0,0
T102600,Bückling (Hering) heiß geräuchert,T,224,21.2,0,15.5,0,0
T106600,Sprotte geräuchert,T,243,19.4,0,18.4,0,0
T302100,Steinbutt roh,T,82,16.7,0,1.73,0,0
T306100,"Heilbutt/Weißer Heilbutt, roh",T,133,20.1,0,5.83,0,0
T501100,Karpfen roh,T,119,18,0,5.18,0,0
T502100,"Blei/Brachsen/Brasse, roh",T,96,16.6,0,3.31,0,0
T601100,"Barsch/Flussbarsch, roh",T,79,18.4,0,0.6,0,0
T615100,"Rotbarsch/Goldbarsch, roh",T,92,15.3,0,3.47,0,0
T730100,Hummer roh,T,81,15.9,0,1.9,0,0
T753100,"Garnele/Granat/Krabbe, roh",T,87,18.6,0,1.44,0,0
T780100,Europäische Auster roh,T,67,9,1.09,2.94,0,0
T792100,Miesmuschel roh,T,60,10.51,0,1.955,0,0
U505100,"Schwein Fettwamme, ohne Schwarten, geringer Magerfleischanteil (S XI) roh",U,645,6.3,0,68.82,0,0
U805800,"Schaf Fettgewebe, intermuskulär roh",U,637,5.06,0,68.5,0,0
U852100,"Schaf Brust, mittelfett, roh",U,179,19.6,0,11.2,0,0
U853100,"Schaf Brust, fett, roh",U,381,12,0,37,0,0
U861100,"Schaf Bug/Schulter, mager, roh",U,140,19.7,0,6.76,0,0
U891100,"Schaf Hinterhaxe, mager, roh",U,112,20.4,0,3.35,0,0
V132100,"Kaninchen Fleisch, roh",V,133,20.8,0,5.5,0,0
V232100,"Hase Fleisch, roh",V,113,21.6,0,3.01,0,0
V523100,"Schwein Hirn, roh",V,123,10.6,0,9,0,0
V524100,"Schaf Hirn, roh",V,119,10.4,0,8.58,0,0
C232000,Hafer Schrot,C,343,11.38,53.7,7.09,9.3,1.08
C137000,Hafer Grütze,C,351,15.9,53.3,5.84,10.69,0.74
C233000,Hafer Mehl,C,360,14.24,53.2,7.15,12.8,0.61
C138000,Hafer Kleie,C,371,15.6,53.3,7.7,12.9,0.74
C148000,Gerste Graupen,C,313,10.4,62.6,1.36,4.6,1.71
C242000,Gerste Schrot,C,332,11.24,62.6,2.1,8.7,1.71
C147000,Gerste Grütze,C,316,8.502,62.01,1.5,10.3,1.71
C143000,Gerste Flocken,C,332,11.24,62.6,2.1,8.7,1.71
C146000,Gerste Grieß,C,340,11.3,62.6,2,13,1.71
C446000,Mais Stärke,C,348,0.431,85.9,0.08,1,0
C453000,Reis Mehl,C,347,7.198,77.1,0.65,2,0.28
C351000,"Reis unpoliert, roh",C,360,8.384,73.43,2.7,4,0.73
C346000,Mais Grieß,C,330,8.663,62.84,2.82,9.42,1.39
C347000,Mais Grütze,C,330,8.663,62.84,2.82,9.42,1.39
E432000,Eierteigwaren roh,E,342,13.2,66.09,2,3.38,1.638
F409100,Wald-Erdbeere roh,F,38,0.82,5.917,0.4,2,5.857
F306100,Loganbeere roh,F,36,1.1,3.4,0.3,4.7,3.4
F303100,Brombeere roh,F,49,1.3,10.2,0.2,3.2,5.4
F408000,Moltebeere roh,F,43,1,5.2,0.3,4.7,5.2
F321100,"Johannisbeere rot, roh",F,39,1.438,4.3,0.2,3.5,4.3
F307100,Boysenbeere roh,F,48,0.5,7.01,0.3,4.7,7.01
F304100,Heidelbeere roh,F,61,0.5,9.7,0.6,4.9,9.7
F411100,Wald-Himbeere roh,F,43,1,5.2,0.3,4.7,5.2
G553100,"Pfefferschote grün, roh",G,41,2,6.88,0.2,1.5,6.51
G542100,"Gemüsepaprika gelb, roh",G,28,0.8,4.422,0.2,2.2,4.422
G554100,"Pfefferschote rot, roh",G,40,1.87,6.19,0.44,1.5,6.19
H650100,"Mungbohnensprossen/Mungbohnenkeimlinge, roh",H,19,3.2,0.3,0.3,1.24,0.3
H620100,"Sojabohnensprossen/Sojabohnenkeimlinge, roh",H,40,6.306,0.3,1.025,2.38,0.3
M012200,Feta mind. 45 % Fett i. Tr.,M,284,15.68,0,24.09,0,0
M502700,Edelpilzkäse mind. 50 % Fett i. Tr.,M,346,21.4,0,28.7,0,0
M502600,Edelpilzkäse mind. 45 % Fett i. Tr.,M,329,18.65,0,28.06,0,0
M502800,Edelpilzkäse mind. 60 % Fett i. Tr.,M,409,17.6,0.1,37.4,0,0.1
M887000,Süßmolkenpulver,M,349,10.9,72.8,1.1,0,72.8
P350000,Fruchtwein (Obstwein),P,43,0,4,0,0,4
P355000,Most,P,37,0,1.6,0,,1.6
P733000,Whisky/Whiskey,P,231,0,0,0,0,0
P742000,Arrak,P,214,0,0,0,0,0
P743000,Rum 80 % vol,P,455,0,0,0,0,0
P7A4000,Agavenbrand (Mezcal/Tequila),P,234,0,0,0,0,0
P740000,Brand aus Zuckerrohr (Cachaca),P,214,0,0,0,0,0
P640000,Calvados,P,227,0,0,0,0,0
P7A3000,Spirituosen mit Kümmel/Aquavit,P,274,0,0,0,0,0
P754100,Obstgeist,P,274,0,0,0,0,0
C549000,Gerstenmalzextrakt,C,359,4.4,73.8,0,,50.6
S122000,Honigtauhonig (Waldhonig),S,362,0.38,85.93,0,0,77.65
T105100,Sardine roh,T,151,19.4,0,8.15,0,0
T033000,"Schillerlocken (Dornhai, Bauchlappen, heiß geräuchert)",T,286,21.3,0,22.3,0,0
T106100,Sprotte roh,T,186,16.7,0,13.3,0,0
T305100,"Goldbutt/Scholle, roh",T,76,17.2,0,0.8,0,0
T307100,Schwarzer Heilbutt roh,T,161,13.22,0,12,0,0
T604100,"Katfisch/Steinbeißer, roh",T,82,15.8,0,2.13,0,0
T512100,Schleie roh,T,77,17.7,0,0.74,0,0
T506100,Wels roh,T,128,15.3,0,7.4,0,0
T507100,"Pangasius/Schlankwels, roh",T,76,14.91,0,1.82,0,0
T603100,Zander roh,T,86,20,0,0.66,0,0
T633100,Meeräsche roh,T,108,20.4,0,2.89,0,0
T617100,Schafskopf (Meerbrasse) roh,T,102,20.2,0,2.41,0,0
T710100,"Edelkrebs/Flusskrebs, roh",T,64,15,0,0.47,0,0
T720100,Languste roh,T,79,17.2,0,1.1,0,0
T791100,Große Sandklaffmuschel roh,T,54,10.5,0,1.31,0,0
T797100,Venusmuschel roh,T,73,14.7,1.4,0.96,0,0
T793100,"Pilgermuschel/Jakobsmuschel, roh",T,63,15.6,0,0.1,0,0
U605000,"Schwein Rückenspeck, kernig, ohne Schwartenzug (S VIII) roh",U,746,4.41,0,80.92,0,0
U605700,"Schwein Speck, ohne Schwartenzug (S VII) roh",U,660,6.94,0,70.23,0,0
U605800,"Schwein Fettabschnitte, geringer Schwartenzug, sehr geringer Magerfleischanteil (S IX) roh",U,661,7.68,0,70.04,0,0
U807100,"Lamm Fettgewebe, intermuskulär roh",U,637,5.49,0,68.3,0,0
U783100,"Schaf Kochfleisch (Brust, fett) roh",U,381,12,0,37,0,0
U856100,"Hammel Brust, roh",U,381,12,0,37,0,0
U857100,"Lamm Brust, roh",U,290,16.3,0,25,0,0
U863100,"Schaf Bug/Schulter, fett, roh",U,294,17.2,0,25,0,0
U867100,"Lamm Bug/Schulter, roh",U,121,19.8,0,4.6,0,0
U751100,"Schaf Gulasch (Bug, mager) roh",U,140,19.7,0,6.76,0,0
U771100,"Schaf Bratenfleisch (Bug, mager) roh",U,140,19.7,0,6.76,0,0
U881100,"Schaf Keule, mager, roh",U,128,22.6,0,4.2,0,0
U871100,"Schaf Vorderhaxe, mager, roh",U,112,20.4,0,3.35,0,0
V242100,"Wildkaninchen Fleisch, roh",V,104,20.9,0,2.32,0,0
V526100,"Hammel Hirn, roh",V,126,10.9,0,9.1,0,0
C136000,Hafer Grieß,C,360,14.24,53.2,7.15,12.8,0.61
C353100,Wildreis roh,C,363,13.14,73.43,0.953,4,0.73
H030400,"Glasnudeln aus Mungbohnenstärke, roh",H,350,0.237,85.9,0.056,2.67,0
C216000,Weizen Stärke,C,335,0.431,82.5,0.14,1.2,0
K230000,Kartoffelstärke (Kartoffelmehl),K,338,0.614,83.1,0.1,1,0
C456000,Reis Stärke,C,344,0.819,85,0.08,0.2,0
C356000,Reis Grieß,C,347,7.198,77.1,0.65,2,0.28
C559000,Reisnudeln roh,C,365,7.198,81.9,0.56,1.6,0.28
E609200,Eierteigwaren Tortellini (Fleischfüllung) getrocknet,E,369,13.51,61.85,7.01,2.3,1.25
E609100,Eierteigwaren Tortelloni (Ricotta-Spinat-Füllung) getrocknet,E,278,10.52,47.76,4.51,2,2.86
F413100,Wald-Brombeere roh,F,49,1.3,10.2,0.2,3.2,5.4
F407100,Moosbeere roh,F,69,0.4,9.93,0.7,4.9,9.93
F401100,Preiselbeere roh,F,43,0.6875,6.231,0.53,2.89,6.109
F322100,"Johannisbeere weiß, roh",F,45,1.1,6.1,0.2,3.5,6.1
F323100,Johannisbeere schwarz roh,F,57,1.375,8.71,0.22,3.5,8.71
M052000,"Salzlakenkäse aus Kuhmilch, Hirtenkäse, mind. 45 % Fett i. Tr.",M,259,16.36,0,21,0,0
M3A4300,"Salzlakenkäse aus Schafmilch, mind. 20 % Fett i. Tr.",M,161,18.85,0,9,0,0
M053000,"Salzlakenkäse aus Ziegenmilch, mind. 45 % Fett i. Tr.",M,271,14.9,0,23,0,0
M6A6800,"Salzlakenkäse aus Schafmilch, mind. 45 % Fett i. Tr.",M,283,15.45,0,24.09,0,0
M516700,Danablu mind. 50 % Fett i. Tr.,M,354,21.5,0,29.5,0,0
P721000,Spirituosen mit Wacholder,P,231,0,0,0,0,0
P7A1000,Spirituosen mit Anis,P,231,0,0,0,0,0
P730000,Getreidebrand (Korn),P,231,0,0,0,0,0
P620000,Weinbrand/Brandy,P,221,0,0,0,0,0
P722000,Gin,P,246,0,0,0,0,0
T402100,Stint roh,T,85,17.4,0,1.7,0,0
T104100,Sardelle roh,T,204,20.1,0,13.7,0,0
T070100,Seeteufel roh,T,66,14.9,0,0.76,0,0
T305200,"Goldbutt/Scholle, tiefgefroren",T,76,16.4,0,1.2,0,0
T311100,Flunder roh,T,88,16.5,0,2.39,0,0
T600100,Meerbarbe roh,T,98,20.1,0,2,0,0
T020100,Tintenfisch roh,T,73,16.1,0,0.98,0,0
W412000,Schwein Speck/Rückenspeck (grüner Speck) roh,W,746,4.41,0,80.92,0,0
U205800,"Rind Fettgewebe, intermuskulär roh",U,671,8.2,0,70.9,0,0
U753100,"Schaf Gulasch (Bug, fett) roh",U,294,17.2,0,25,0,0
U773100,"Schaf Bratenfleisch (Bug, fett) roh",U,294,17.2,0,25,0,0
U866100,"Hammel Bug/Schulter, roh",U,287,15.6,0,25,0,0
V122100,"Ziege Fleisch, roh",V,127,20.55,0,5.005,0,0
U882100,"Schaf Keule, mittelfett, roh",U,180,18.8,0,11.6,0,0
U741100,"Schaf Schnitzel (Keule, mager) roh",U,128,22.6,0,4.2,0,0
U883100,"Schaf Keule, fett, roh",U,234,18,0,18,0,0
F403100,Schlehe roh,F,52,0.75,7.82,0.22,3.5,7.82
F406100,Holunderbeere roh,F,72,2.53,7.83,1.7,3.5,7.83
K512000,Tapioka/Tapiokastärke,K,346,0.625,84.9,0.24,1,0
K213000,Kartoffelpüree Instantpulver,K,329,7.4,70.7,0.467,6.05,0
K550000,Pfeilwurzelmehl/Marantastärke,K,341,0.3,83.1,0.1,3.4,0
P610000,Cognac,P,221,0,0,0,0,0
P7A2000,Spirituosen mit bitterem Geschmack (Bitter),P,325,0,0,0,0,0
V050100,Schnecken roh,V,68,14.4,0,1.2,0,0
T309100,Seezunge roh,T,87,17.5,0,1.86,0,0
T313100,Rotzunge roh,T,71,15.5,0,1,0,0
U405800,"Kalb Fettgewebe, intermuskulär roh",U,671,8.2,0,70.9,0,0
U892100,"Schaf Hinterhaxe, mittelfett, roh",U,180,18.8,0,11.6,0,0
U742100,"Schaf Schnitzel (Keule, mittelfett) roh",U,180,18.8,0,11.6,0,0
U886100,"Hammel Keule, roh",U,234,18,0,18,0,0
K240400,Kartoffelkloß (aus rohen Kartoffeln) Trockenprodukt,K,320,6.03,70.7,0.227,5.67,0
K240500,Kartoffelkloß (aus gekochten Kartoffeln) Trockenprodukt,K,324,5.76,70.7,1.09,4.38,0
T309200,Seezunge tiefgefroren,T,73,16.7,0,0.7,0,0
U872100,"Schaf Vorderhaxe, mittelfett, roh",U,180,18.8,0,11.6,0,0
B121000,Roggenvollkornbrot,B,193,6.04,32.49,1.81,9.62,4.58
B271000,Roggenmischbrot,B,218,7.38,41.96,0.97,6.1,1.26
B311000,Weizenbrot/Weißbrot,B,272,8.69,50.54,2.97,4,3.97
B511000,Weizenbrötchen,B,280,10.09,53.97,1.81,3.6,3.07
C114000,Weizen Keim,C,324,28.48,24.54,8.34,18.46,2.495
C118000,"Quinoa weiß, roh",C,361,12.56,59.65,6.29,7.6,1.75
C211000,Weizen Vollkornmehl,C,339,12.76,61.78,1.78,12.27,0.7438
C212000,"Weizen Backschrot, Type 1700",C,341,12.52,62.39,1.8,12.56,1.131
C213100,"Weizen Mehl, Type 812",C,352,12.44,69.29,1.38,6.54,0.4854
C213200,"Weizen Mehl, Type 1050",C,352,13.08,67.91,1.7,6.4,0.5263
C213500,"Weizen Mehl, Type 1600",C,339,14.52,59.27,2.44,11.07,0.6862
C214100,"Weizen Mehl, Type 405",C,348,10.46,71.77,0.93,5.3,0.307
C214200,"Weizen Mehl, Type 550",C,349,11.94,70.55,1.09,4.86,0.4671
C217000,Weizen Kleie,C,266,17.2,18.92,3.95,43.16,1.363
C223100,"Roggen Mehl, Type 815",C,323,7.54,65.17,0.92,11.88,1.107
C235000,Dinkel Vollkornmehl,C,335,13.42,60.13,2.3,10.15,1.046
C322000,Buchweizen roh,C,339,13.05,61.86,3.13,5.53,1.051
C332000,Hirse roh,C,352,11.79,67.6,3.13,3.3,0.5551
C515000,Cornflakes gesüßt,C,366,6.24,79.35,1.75,4.19,1.29
C515400,Cornflakes ungesüßt,C,376,7.18,82.96,0.84,4.13,0.71
C532700,Reiswaffeln ungesalzen,C,371,8,77.47,2.42,3.63,0.42
C533100,Maiswaffeln gesalzen,C,389,7.98,79.4,3.93,2.22,0
C534300,"Cerealien extrudiert, gesüßt, ungefüllt, mit Frucht-/Honig-/Karamell-/Schokogeschmack",C,371,7.92,75.33,2.76,5.44,26.62
C534500,"Cerealien extrudiert, gesüßt, divers gefüllt",C,481,6.98,63.7,21.08,4.03,39
C537000,"Weizenpops/Weizen gepufft, gesüßt",C,372,9.34,76.52,1.8,5.64,22.74
C539100,"Cerealien aus Vollkornweizenschrot, gesüßt, ungefüllt, Natur/Frucht/Schokolade",C,363,10.36,71.29,1.8,9.64,15.2
C650000,Reisdrink ungesüßt,C,59,0,12.31,1.04,0,6.58
C660000,Haferdrink ungesüßt,C,29,0.74,4,1.01,0.45,3.815
D038000,Zwieback eifrei,D,414,11.05,72.21,7.86,4.62,13.29
H110600,Erdnuss geröstet,H,620,29,9.9,49.7,8.4,4.9
D064000,Salzbrezeln/Salzstangen (Laugendauergebäck),D,389,11.54,73.72,4.3,4.17,2.41
D630400,Butterkekse/Butterplätzchen (Mürbeteig),D,456,7.54,68.89,16.12,2.41,27.06
E111100,Hühnerei roh,E,135,13.18,0.34,9,0,0.34
E111500,Hühnerei Pulver,E,562,46,0.56,41.8,0,0.56
E112100,"Hühnerei Eigelb, roh",E,345,15.6,0.21,31.3,0,0.21
E112400,"Hühnerei Eigelb, getrocknet",E,671,34.2,0.23,59.3,0,0.23
E113100,"Hühnerei Eiklar, roh",E,42,9.9,0.41,0.03,0,0.41
E113400,"Hühnerei Eiklar, getrocknet",E,338,81.1,3.1,0.12,0,3.1
F081100,Rhabarber roh,F,20,0.6,1.359,0.14,3.2,1.129
F110100,Apfel roh,F,58,0.424,11.7,0.5,2.275,10.49
F110400,Apfel getrocknet,F,242,1.29,53.43,0,9.28,51.58
F201100,Aprikose roh,F,42,0.8,8.22,0.13,1.54,7.42
F201400,Aprikose getrocknet,F,216,2.66,44,0.23,6.04,38.46
F203902,"Pfirsich gezuckert, Konserve, abgetropft",F,65,0.54,14.8,0,1.34,14.58
F212902,"Sauerkirsche gezuckert, Konserve, abgetropft",F,52,0.84,11.06,0.21,1.08,10.1
F220400,Pflaume getrocknet,F,205,2.29,44.2,0,6.12,37.2
F402100,Hagebutte roh,F,111,3.6,16.2,0.6,6.1,16.2
F405100,Sanddornbeere roh,F,51,1.42,2.4,3.2,3.6,2.3
F414400,"Cranberries getrocknet, gezuckert",F,287,0.53,68.61,0.34,3.9,67.46
F501902,"Ananas gezuckert, Konserve, abgetropft",F,61,0.4,14.01,0,1.27,14.01
F502100,Avocado roh,F,132,1.37,1.37,12.5,4.1,1.37
F503100,Banane roh,F,79,1.319,15.89,0.4,2,13.89
F504400,Dattel getrocknet,F,356,2.64,79.3,0.36,11.16,78.92
F505100,Feige roh,F,52,1.3,9.6,0.5,2.02,9.6
F505400,Feige getrocknet,F,276,3.54,55.17,1.28,13,55.13
F506100,Granatapfel roh,F,79,0.7,16.1,0.6,2.24,16.1
F507100,Kaki roh,F,67,0.7,14.12,0.3,2.46,14.12
F508100,"Maracuja/Passionsfrucht, roh",F,57,0.7133,9.54,0.2,1.4,9.54
F511100,Acerola roh,F,16,0.21,2.66,0.23,,2.66
F514100,Kiwi roh,F,61,0.9,10.1,0.5,3.9,10.1
F515100,Litschi roh,F,83,0.86,18.4,0.3,1.6,17.9
F516100,Mango roh,F,60,0.7,12,0.45,1.7,11
F517100,Papaya roh,F,46,0.7,9.6,0.09,1.9,9.6
F523100,Brotfrucht roh,F,100,1.3,22.53,0.3,0.9,2.9
F532100,"Netzmelone/Cantaloupmelone, roh",F,25,0.84,4.5,0.19,0.8,4.5
F549100,Jackfrucht roh,F,78,1.1,15.31,0.45,4.15,14.6
F553100,"Karambole/Sternfrucht, roh",F,27,1.2,3.5,0.5,1.9,3.5
F556100,Kaktusfeige roh,F,52,1,8.63,0.4,5,8.63
F563100,"Feijoa/Ananas-Guave, roh",F,53,0.8,8.4,0.42,6.4,8.2
F603600,Orangensaft,F,41,0.75,8.5,0,0.31,8.5
F606902,"Mandarine gezuckert, Konserve, abgetropft",F,72,0.51,16.15,0.31,0.51,16.15
F850100,"Bananenchips frittiert, gesüßt",F,490,1.88,49.35,30.32,5.16,10.7
G061000,Basilikum roh,G,23,3.15,0.31,0.64,1.6,0.31
G081100,Schnittlauch roh,G,29,2.6,1.54,0.74,2.6,1.54
G081400,Schnittlauch getrocknet,G,169,21.2,0,3.5,26.2,0
G104100,"Feldsalat/Rapunzel, roh",G,18,1.9,0.808,0.36,1.8,0.8
G105100,Kopfsalat roh,G,18,1.5,1.7,0.22,1.4,1.7
G106100,Radicchio roh,G,20,1.4,2.6,0.25,0.9,1.6
G107100,"Römischer Salat/Romanasalat, roh",G,14,1.2,1.3,0.13,1.6,1.3
G211100,Spinat roh,G,18,2.067,0.93,0.3,1.8,0.75
G250400,Petersilienblatt getrocknet,G,238,26.6,7.3,5.5,26.7,7.3
G261100,Brennnessel roh,G,46,7.37,1.309,0.61,3.11,0.847
G262100,Löwenzahn roh,G,34,3.13,2.44,0.62,3.02,2.349
G263100,Sauerampfer roh,G,25,3.19,1.16,0.36,1.95,0.723
G280100,Gartenkresse roh,G,31,4.2,0.23,0.7,3.52,0.23
G311100,Blumenkohl roh,G,35,2.424,5.33,0.28,2.9,2.16
G312100,Broccoli roh,G,35,3.622,2.3,0.5967,3,1.38
G341100,Rotkohl roh,G,28,1.563,3.732,0.18,2.5,3.66
G341900,Rotkohlgemüse (küchenfertig) Konserve,G,56,1.3,10.29,0.15,3.21,9.74
G342100,Weißkohl roh,G,32,1.382,4.54,0.19,3,4.4
G345902,"Sauerkraut Konserve, abgetropft",G,34,1.15,2.37,0.41,3.95,2.15
G431100,"Fenchelblatt/Bologneser Fenchel, roh",G,33,2.43,3.24,0.3,4.19,2.75
G450100,Spargel roh,G,28,1.96,3.98,0.156,1.4,3.8
G470100,"Porree/Lauch, roh",G,36,2.14,5,0.25,2.2,3.8
G530100,Okra roh,G,32,2.1,3.05,0.2,4.9,3.05
G561100,Tomate roh,G,22,0.95,3.25,0.11,1.3,3.25
G570100,Zuckermais roh,G,67,3.28,9.4,1.23,2.8,3.4
G570902,"Zuckermais Konserve, abgetropft",G,79,2.71,10.84,1.94,3.59,6.22
G581100,Kürbis Pumpkin (C. pepo) roh,G,36,1.1,5.81,0.13,3.43,5.1
G582100,Zucchini roh,G,22,1.3,3,0.287,1.1,2
G613100,"Rote Rübe/Rote Bete, roh",G,43,2.063,7.22,0.1,2.5,7.22
G620100,"Karotte/Möhre, roh",G,40,0.84,6.471,0.4,2.9,6.37
G890702,"Salzgurke/Salzdillgurke, milchsauer fermentiert, abgetropft",G,12,0.52,1.38,0,0.7,1.36
G995000,Nori-Blatt geröstet,G,261,38.26,1.76,4.36,30.6,0.48
H012000,Sojalecithin,H,760,0,3.2,83,0,3.2
H880200,Erdnussbutter/Erdnusscreme,H,606,24.08,16.09,47.78,7.44,11.72
H130100,Haselnuss,H,667,16.25,4.2,63.3,7.6,3.85
H150100,"Kokos Fruchtfleisch, roh",H,378,4.623,3.5,36.5,8.33,3.5
H150400,"Kokos Fruchtfleisch, geraspelt, getrocknet",H,676,7.38,7.8,65.2,14.8,7.1
H151000,Kokoswasser (Fruchtwasser),H,10,0.25,1.28,0.4,,1.28
H170100,Cashewkern,H,618,21.01,26,47.1,3,6.15
H180100,Paranuss,H,704,16.96,2.8,68.1,5.8,2.39
H230100,Edelkastanie/Marone,H,210,2.925,41.2,1.9,8.37,13.9
H250600,Pistazie geröstet ohne Fett,H,603,24.18,7.6,49.3,16.28,6.62
H310100,Kürbiskern,H,588,35.49,2.81,46.34,8.66,1.34
H739400,Gartenbohne reif,H,344,22.62,45.75,1.6,23.24,2.03
H765000,"Sojaschnetzel/Sojagranulat, texturiert, trocken",H,351,50.2,13.46,6.74,18.05,13.46
H770100,Mungbohne reif,H,292,23.9,38.7,1.15,15.6,1.5
H800000,Mandeldrink ungesüßt,H,24,0.87,0.2,2.159,0.13,0.173
H843200,"Dessert/Puddingalternative, pflanzlich",H,89,2.32,10.85,3.78,0.99,10.82
H844000,Soja-Joghurtalternative ungesüßt,H,44,4.17,0.33,2.67,0,0.16
H845000,Sojakochcreme,H,157,2.2,1.4,15.7,0.5,0
H862200,Miso/Sojabohnenpaste,H,174,10.6,6.2,10.5,6,6.2
H880100,"Sonnenblumenkernaufstrich, Brotaufstrich pflanzlich",H,308,4.15,7.84,27.75,4.65,6.66
H910300,Vegetarische Bratwurst (aus Tofu und Weizenprotein),H,195,18.38,5.31,9.79,5.47,2.66
H910400,Veganes Schnitzel,H,297,15.6,13.57,18.55,5.8,1.22
H930000,Veganer Aufschnitt (Wurstalternative),H,195,16.8,4.67,11.25,2.8,1.82
H930200,"Vegetarischer Aufschnitt (Wurstalternative, mit Ei)",H,179,7.88,2.5,13.41,7.58,0.5
K110100,"Kartoffel geschält, roh",K,83,1.94,17.9,0.1,1.42,0.9
K280100,"Kartoffelchips/Stapelchips, diverse Sorten",K,526,5.5,45.88,34.3,4.8,1.53
K410100,"Maniok/Cassava, roh",K,146,1,33.5,0.23,2.89,1.4
K420100,"Batate/Süßkartoffel, roh",K,119,1.63,25.2,0.6,3.14,5.5
K430100,"Topinambur/Erdartischocke, roh",K,55,2.44,4,0.41,12.07,4
K440100,Yamswurzel roh,K,123,2,25.7,0.13,5.56,0.7
K701100,Champignon roh,K,28,3.66,2.9,0.274,1.9,0.2
K703100,Morchel roh,K,29,2.488,0.6,0.32,7.01,0.6
K713100,Pfifferling roh,K,26,3.91,0.551,0.271,3.27,0.161
K724100,Shiitakepilz roh,K,30,2.5,2.38,0.2,4.17,2.38
K740100,Austernpilz roh,K,32,3.31,1.27,0.22,5.85,1.11
K820000,"Vegetarische Pastete, Brotaufstrich hefebasiert",K,229,4.95,7.9,18.15,6.75,2.62
M111200,"Milch fettarm, frisch, 1,5 % Fett, pasteurisiert",M,44,3.49,3.86,1.54,0,3.86
M111300,"Vollmilch frisch, 3,5 % Fett, pasteurisiert",M,62,3.55,4.03,3.49,0,4.03
M112300,"Rohmilch/Vorzugsmilch, mind. 3,5 % Fett",M,67,3.262,4.716,3.78,0,4.716
M113200,"H-Milch fettarm, 1,5 % Fett, ultrahocherhitzt",M,44,3.16,4.21,1.45,0,4.21
M113300,"H-Vollmilch 3,5 % Fett, ultrahocherhitzt",M,62,3.18,4.19,3.49,0,4.19
M141300,"Joghurt mild, mind. 3,5 % Fett",M,67,3.98,4.13,3.46,0,4.13
M173900,Schlagsahne mind. 36 % Fett,M,363,2.2,3,38,0,3
M181100,"Kondensmagermilch max. 1 % Fett, gezuckert",M,269,10,56.7,0.2,0,56.7
M181400,"Kondensmilch mind. 8 % Fett, gezuckert",M,322,7.91,52.9,8.7,0,52.9
M182500,Kondensmilch 10 % Fett,M,195,7.63,17.9,10.19,0.02,17.75
M241100,"Joghurt mild, aus entrahmter Milch, max. 1 % Fett, mit Fruchtzubereitung, gesüßt",M,75,3.45,13.26,0.42,0.32,12.25
M241300,"Joghurt mild, max. 3,8 % Fett, mit Fruchtzubereitung, gesüßt",M,96,3.01,13,2.96,1.15,12.1
M304600,Emmentaler mind. 45 % Fett i. Tr.,M,374,27.5,0,29.15,0,0
M400600,Schnittkäse mind. 45 % Fett i. Tr.,M,337,25.22,0,26.04,0,0
M402600,Gouda 48 % Fett i. Tr.,M,379,22.47,0,31.58,0,0
M500600,Schnittkäse halbfest mind. 45 % Fett i. Tr.,M,316,21.46,0.1,25.06,0.27,0
M601800,Brie mind. 60 % Fett i. Tr.,M,329,15.22,0.01,29.7,0,0
M602600,Camembert mind. 45 % Fett i. Tr.,M,257,19.58,0.05,19.82,0,0
M603500,Limburger mind. 40 % Fett i. Tr.,M,249,21.18,0.019,18.22,0,0
M6A3700,"Schnittkäse aus Ziegenmilch, mind. 50 % Fett i. Tr.",M,384,19.16,0.022,33.63,0.42,0
M6A9600,"Weichkäse aus Ziegenmilch, mind. 45 % Fett i. Tr.",M,285,17.86,1.92,22.66,0.62,1.77
M710800,"Frischkäsezubereitung Natur, mind. 60 % Fett i. Tr.",M,252,6.6,3.69,23.25,0,3.69
M713100,"Speisequark Magerstufe, Magerquark < 10 % Fett i. Tr.",M,66,11.85,3.68,0.18,0,3.68
M7A1600,"Frischkäse aus Ziegenmilch, Natur, mind. 45 % Fett i. Tr.",M,230,17.94,2.02,16.42,0,1.74
M810600,Schmelzkäsezubereitung 45 - 52 % Fett i. Tr.,M,284,11.8,5.3,23.7,0,5.3
M827800,"Frischkäsezubereitung mind. 60 % Fett i. Tr., mit Gemüse/Kräutern",M,234,5.57,3.89,21.46,0.58,3.69
N019000,"Eistee mit Zitronen-/Pfirsichgeschmack, gesüßt",N,25,0,6.2,0,0,6.2
N110000,Trinkwasser,N,0,0,0,0,0,0
N410100,Kaffee (Getränk),N,1,0.12,0,0,0.3142,0
N420100,Kaffee (Getränk) aus Instantpulver,N,2,0.33,0,0,0.1,0
N420900,Instantkaffeepulver,N,150,19.5,4.1,1.2,22.3,0
N503900,"Cappuccino Instantpulver, gesüßt",N,403,10.34,60.5,10.9,1.8,51.4
N610100,Grüntee (Getränk),N,0,0.1,0,0,0,0
N630000,Schwarztee (Getränk),N,0,0,0,0,0,0
P122000,"Malzgetränk, alkoholfrei",P,43,0.38,10.32,0,0,8.35
P150000,Weizenbier kristallklar,P,40,0.496,2.433,0,0,0.058
P151100,"Hefeweizen/Weizenbier, naturtrüb",P,42,0.614,2.452,0,0,0.077
P162000,Export hell,P,42,0.485,2.238,0,0,0.172
P163000,Pilsner Bier,P,38,0.422,2.218,0,0,0.108
P167000,Schwarzbier,P,39,0.502,2.284,0,0,0.156
P210000,Weißwein trocken,P,64,0.1,0.33,0,0,0.32
P220000,Weißwein halbtrocken,P,74,0.15,1.288,0,0,1.288
P253000,Rotwein halbtrocken,P,84,0,1.77,0,0,1.74
P2A3000,Rotwein trocken,P,70,0.22,0.7,0,0,0.67
P2A6000,"Qualitätsschaumwein, Sekt, trocken",P,75,0,2.09,0,0,2.08
P2B1100,Rosewein lieblich,P,72,0.1,2.5,0,0,2.5
Q140000,Haselnussöl,Q,899,0,0,99.9,0,0
Q190000,Mandelöl,Q,900,0,0,100,0,0
Q250000,Kürbiskernöl,Q,900,0,0,100,0,0
Q611000,Butter mild gesäuert,Q,747,1.188,0.571,82.2,0,0.571
Q730000,Fischleberöl/Lebertran,Q,900,0,0,100,0,0
Q890000,Rinderfett/Rindertalg,Q,897,0.425,0,99.5,0,0
Q901000,Tahin (Sesammus),Q,595,18,0.7,56,8.2,0.3
R111000,Speisesalz/Siedesalz/Tafelsalz,R,0,0,0,0,0,0
R118000,Nitritpökelsalz,R,0,0,0,0,0,0
R118100,Nitritpökelsalz jodiert,R,0,0,0,0,0,0
R123100,Apfelessig,R,18,0.2,0.147,0,0,0.147
R132000,Senf mittelscharf,R,111,5.51,2.94,6.96,4.5,2.76
R141100,Tomatenketchup,R,98,1.4,21.16,0.1,1.81,20.82
R143000,Sojasauce/Sojasoße,R,66,6.3,5.47,0.88,1.14,4.89
R148600,"Feinkostsauce/Grillsauce, Mayonnaise-Basis",R,274,1.1,11.15,24.58,0.64,8.89
R172000,Glutamat/Mononatriumglutamat/Natriumglutamat,R,0,0,0,,,0
R231000,Basilikum getrocknet,R,211,23,1.71,4.07,37.7,1.71
R258100,"Pfeffer schwarz, getrocknet",R,304,10.92,46.07,2.77,25.5,0.67
R411000,Kutterhilfsmittel (E 450),R,0,0,0,,,0
R421100,Backpulver,R,88,0.09,21.6,0.124,0,0
R421200,"Hirschhornsalz (Ammoniumhydrogencarbonat, E 503)",R,0,0,0,0,0,0
R421300,"Pottasche (99 % Kaliumcarbonat, E 501)",R,0,0,0,,,0
R434000,Sahnestandmittel,R,369,0.067,92.06,0.045,0.201,54.62
R458000,Backhefe getrocknet (Trockenbackhefe),R,334,40.4,14.3,7.61,23.3,0
R459000,Backhefe frisch (Frischbackhefe),R,128,16.7,10,1.2,5.18,0
R466000,Apfelpektin getrocknet,R,186,1.5,32,0,24,32
R468000,Gelatine/Speisegelatine,R,341,85.1,0,0.1,0,0
R551000,Milchsäure 80 % (E 270),R,240,0,0,0,0,0
R552000,Citronensäure/Zitronensäure (E 330),R,300,0,0,0,0,0
R553000,Ascorbinsäure (E 300),R,0,0,0,0,0,0
R554000,Essigsäure 60 % (E 260),R,180,0,0,0,0,0
R811000,"Fleisch Bouillon/Brühe/Suppe (Brühwürfel, Pulver)",R,207,7.24,27.76,6.48,2.82,0.83
R821000,"Gemüse Bouillon/Brühe/Suppe (Brühwürfel, Pulver)",R,195,5.82,27.91,5.8,2.9,0.4
R822000,"Hühner Bouillon/Brühe/Suppe (Brühwürfel, Pulver)",R,201,6.96,32.75,4.3,0.78,0.72
S111000,Zucker weiß (Raffinadezucker/Weißzucker),S,400,0,100,0,0,100
S112000,Zucker braun (Kandisfarin/Rohzucker),S,387,0,96.7,0,0,96.7
S115100,Traubenzucker (Dextrose/Glukose),S,400,0,100,0,0,100
S116000,Milchzucker (Laktose),S,400,0,100,0,0,100
S117000,Malzzucker (Maltose),S,400,0,100,0,0,100
S118000,Fruchtzucker (Fruktose),S,400,0,100,0,0,100
S145000,Nuss-Nougat-Creme,S,530,6.9,54.75,30.55,3.52,53.07
S151000,Glukosesirup maltosehaltig,S,413,0,79.5,0,,31.8
S162000,Sorbit Pulver (E 420),S,235,0,98,0,0,0
S163000,Xylit Pulver (E 967),S,238,0,99,0,0,0
S164000,Mannit Pulver (E 421),S,240,0,100,0,0,0
S170000,"Tafelsüße Tabletten (Süßstoffe: Cyclamat, Saccharin)",S,52,0,0,0,0,0
S171000,"Tafelsüße Flüssigsüße (Süßstoffe: Cyclamat, Saccharin)",S,0,0,0,0,0,0
S242000,Schokoladeneis,S,232,3.62,29.25,10.48,2.41,25.11
S242300,Walnusseis,S,240,3.4,26.74,12.8,1.77,22.21
S410000,Lakritze,S,311,5.21,70.64,0.5,1.27,49.7
S581100,"Milchschokoladen-Riegel gefüllt mit Karamell, gerösteten Erdnüssen und Candycreme",S,494,9.08,54.96,25.48,4.22,45.54
S582200,Schokoladen-Schaumkuss,S,380,2.96,68.47,8.66,8.83,47.5
S582500,Milchschokoladen-Riegel gefüllt mit Candycreme/mit Candycreme und Karamell,S,446,3.72,68.7,17.05,0.82,60.82
S582600,Vollmilchschokoladen-Riegel gefüllt mit Milchcreme,S,565,7.51,39.39,40.26,6.67,39.39
S711000,Kakaopulver schwach entölt,S,365,22.61,10.9,19.8,26.32,0.9
T041100,Aal roh,T,288,15.1,0,25.3,0,0
T045100,Dorschleber roh,T,549,4.4,0,59,0,0
T061100,"Hornfisch/Hornhecht, roh",T,107,19.5,0,3.2,0,0
T093100,Kabeljaurogen roh,T,113,22.4,0,2.6,0,0
T107100,Makrele roh,T,149,18.6,0,8.31,0,0
T204100,"Dorsch/Kabeljau, roh",T,79,17.8,0,0.84,0,0
T207100,"Köhler/Seelachs, roh",T,99,19.32,0,2.39,0,0
T410100,Lachs roh,T,180,19.9,0,11.2,0,0
T410600,Lachs geräuchert (Räucherlachs),T,170,21.25,0.16,9.2,0,0.16
T422600,Forelle geräuchert,T,137,21.2,0,5.52,0.03,0
T811100,Matjesfilet (Heringsfilet) nordische Art,T,177,14.64,0,12.6,0,0
T822900,"Heringsfilet in Tomatencreme/Tomatensauce, Konserve",T,205,13.5,4.46,14.6,0.27,4.14
T890100,Surimi (Krebsfleischimitat aus Fischmuskeleiweiß geformt),T,89,7.77,6.25,3.63,0,6.25
T900262,"Tintenfischringe paniert, tiefgefroren, gebacken (Ofen)",T,284,10.62,21.54,15.44,1.52,0
U020100,"Schwein Hackfleisch, roh",U,271,17.88,0,22.14,0,0
U209100,"Rind Blut, roh",U,72,17.8,0,0.13,0,0
U281100,"Rind Keule, roh",U,148,21,0,7.1,0,0
U507100,"Schwein Fettbacke, ohne Schwartenzug (S VI) roh",U,425,13.16,0,41.37,0,0
U508100,"Schwein Maske, ohne Mager- und Fettbacke (S XII) roh",U,315,19.1,0,26.46,0,0
U605900,"Schwein Wamme, mittelfett, ohne Schwartenzug (S X) roh",U,489,11.43,0,49.28,0,0
U608300,"Schwein Schwarte, gekocht",U,237,28.71,0,13.58,0,0
U609100,"Schwein Blut, roh",U,75,18.5,0,0.11,0,0
U611100,"Schwein Filet/Lende, roh",U,118,22.79,0,2.97,0,0
U622100,Schwein Kotelett (Rücken/cranial) roh,U,175,21.02,0,10.08,0,0
U624100,Schwein Kotelett (Rücken/caudal) roh,U,115,23.56,0,2.35,0,0
U642100,Schwein Bauch (wie gewachsen) roh,U,324,17.74,0,28.06,0,0
U651100,"Schwein Brustspitze, roh",U,196,19.66,0,13.07,0,0
U664100,Schwein Dicker Bug (mit Fett und Schwarte) roh,U,198,20.4,0,12.92,0,0
U665100,Schwein Dünner Bug (ohne Fett und Schwarte) roh,U,135,20.51,0,5.83,0,0
U666100,Schwein Restbug (Teile) roh,U,121,21.51,0,3.83,0,0
U672100,"Schwein Vordereisbein/Vorderhaxe, roh",U,200,22.99,0,12.06,0,0
U681700,"Schwein Rohschinken, mager, Rohpökelware, geräuchert",U,138,28.45,0.12,2.02,0.03,0.11
U682700,"Schwein Rohschinken, mit Fettrand, Rohpökelware, geräuchert",U,270,24.05,0.14,18.85,0.03,0.13
U684100,"Schwein Nuss, roh",U,109,21.77,0,2.43,0,0
U685100,"Schwein Hüfte/Schinkenspeck, roh",U,127,22.28,0,4.23,0,0
U686100,Schwein Unterschale (mit Rolle) roh,U,222,19.9,0,15.79,0,0
U687000,Schwein Oberschale (ohne Deckel) roh,U,115,23.01,0,2.51,0,0
U693100,"Schwein Hintereisbein/Hinterhaxe, roh",U,222,20.12,0,15.7,0,0
U821100,"Schaf Rücken, roh",U,120,21.6,0,3.77,0,0
U831100,"Schaf Hals/Kamm/Nacken, roh",U,180,18.1,0,11.9,0,0
U985200,Rindfleischbrühe Konserve,U,8,1.48,0,0.22,0,0
V414100,"Hähnchen ganz, entbeint, mit Haut, roh",V,186,18.37,0,12.53,0,0
V513100,"Schwein Herz, roh",V,117,16.9,0,5.53,0,0
V522100,"Kalb Hirn, roh",V,109,10.1,0,7.6,0,0
V531100,"Rind Leber, roh",V,131,19.21,5.3,3.66,0,0
V532100,"Kalb Leber, roh",V,86,14.9,4.1,1.15,0,0
V533100,"Schwein Leber, roh",V,131,20.96,1,4.77,0,0
V541100,"Rind Lunge, roh",V,98,18.1,0,2.9,0,0
V544100,"Schaf Lunge, roh",V,90,16.7,0,2.6,0,0
V564100,"Schaf Milz, roh",V,97,17.2,0,3.1,0,0
V565100,"Lamm Milz, roh",V,97,17.2,0,3.1,0,0
V575100,"Lamm Niere, roh",V,87,16.1,0,2.54,0,0
V584100,"Schaf Bries, roh",V,81,13.2,0,3.16,0,0
V593100,"Schwein Zunge, roh",V,190,17.27,0,13.44,0,0
V614100,"Hähnchen Herz, roh",V,165,13.09,0,12.5,0,0
V634100,"Hähnchen Leber, roh",V,112,17.44,1.2,4.15,0,0
V654100,"Hähnchen Magen, roh",V,82,15.9,0,2,0,0
W112200,Streichmettwurst/Streichmettwurst mit Zwiebeln,W,231,12.1,0.22,19.8,0,0.22
W121100,Teewurst fein/grob/Rügenwalder Art,W,373,12.72,0,35.6,0,0
W147000,Geflügelsalami mit Pflanzenfett,W,307,20.35,0.009,24.35,0.48,0
W211200,Wiener Würstchen,W,289,12.9,0,26.15,0,0
W231100,Lyoner/Lyoner Wurst,W,281,12.25,0.25,25.5,0,0.24
W233000,"Fleischkäse einfach, fein/Original Bayerischer Leberkäse fein",W,282,13.5,0.57,24.9,0,0.57
W255400,Bierwurst/Blasenwurst,W,275,13.73,0.46,24,0.18,0.46
W310000,Delikatess Leberwurst/Feine Leberwurst/Gutsleberwurst,W,357,12.3,2.05,33.15,0,1.915
W331000,Mettwurst gekocht,W,315,16.32,0.26,27.42,0,0.14
W443000,"Lachsschinken, Rohpökelware, geräuchert",W,123,24.43,0.76,2.08,0,0.74
D650600,Lebkuchen schokoliert,D,399,6.74,64.64,11.5,3.92,40.79
X411243,Hühnerbrühe,X,5,0.5,0,0.3,0,0
X416243,Gemüsebrühe,X,4,0.32,0.54,0.1,0,0.54
H410100,Leinsamen,H,470,22.27,1.7,36.5,22.7,1.21
X4A1000,Fischbrühe,X,8,1,0,0.4,0,0
Y183013,Fleischbrühe (Rind),Y,3,0.4,0,0.2,0,0
H120100,Walnuss,H,721,16.07,3,70.6,4.6,2.68
S241000,Vanilleeis,S,194,2.38,22.64,10.16,0.34,18.14
H420100,Sesam,H,565,20.9,1.42,50.4,11.18,1.2
H430100,Sonnenblumenkern,H,564,26.11,4.8,47.6,5.8,3.45
H450100,Mohn,H,528,23.82,2.99,42.2,20.5,2.99
H510802,"Oliven grün, gesäuert, abgetropft",H,132,1.21,0,13.55,2.36,0
H610100,Bambussprossen roh,H,17,2.5,0.96,0.3,,0.96
M150000,Buttermilch,M,39,3.23,4.73,0.56,0,4.73
G250100,Petersilienblatt roh,G,33,4.088,1.31,0.36,4.25,0.85
G332100,Rosenkohl roh,G,40,4.45,2.26,0.34,4.4,1.58
G480100,Speisezwiebel roh,G,34,1.156,6.01,0.15,1.4,6.01
G510100,Aubergine roh,G,19,0.57,3.02,0.18,1.4,2.69
G520100,Gurke roh,G,16,1.062,1.97,0.2,0.9,1.97
G640100,Pastinake roh,G,59,2.688,9.7,0.43,2.13,3.061
G710100,"Bohne grün, roh",G,28,2.238,3.4,0.24,1.89,2.26
G730100,"Dicke Bohne unreif, roh",G,63,5.4,6.2,0.6,5.8,1.3
G760100,"Erbse grün, roh",G,88,5.9,12.3,0.48,5,1.303
G761100,Zuckererbse roh,G,38,3.6,4.4,0.2,2,3.16
H910500,Vegetarische Wiener Würstchen,H,248,21.6,5.45,15.07,1.8,3.21
U632100,"Schwein Kamm, roh",U,175,19.21,0,10.9,0,0
B122000,Roggenvollkornschrotbrot,B,193,6.04,32.49,1.81,9.62,4.58
B783012,Weizentortilla,B,296,8.85,46.64,7.85,1.2,1.33
B314000,Weizentoastbrot/Buttertoastbrot,B,261,8.29,46.8,3.59,3.947,3.7
C530100,"Amaranth gepufft, ungesüßt",C,393,13.24,66.92,5.9,9.51,0.6174
C335000,Amaranth roh,C,377,14.04,62.38,5.93,8.76,1.298
C118100,"Quinoa tricolore, roh",C,369,13.33,60.17,6.2,9.72,1.73
C530200,"Quinoa gepufft, ungesüßt",C,380,9.04,75.65,3.3,5.79,1.125
C219000,Hartweizen Vollkornmehl,C,346,14.4,60.94,2.32,11.76,1.071
C241000,Einkorn Vollkornmehl,C,337,13.93,58.9,2.86,10.07,1.177
C531000,"Weizen gepufft, ungesüßt",C,368,15.4,67.5,2,9,0.9
C240000,Emmer Vollkornmehl,C,342,13.09,63.27,2.34,7.94,1.114
C111000,"Weizen ganzes Korn, roh",C,331,12.81,59.21,1.833,13.26,1.053
C219300,Hartweizen Grieß,C,352,13.36,68.92,1.48,4.84,1.062
C215000,Weizen Dunst,C,355,10.64,73.72,0.82,4.91,0.8456
C218000,Weichweizen Grieß,C,355,10.72,73.97,0.88,4.06,0.765
C223200,"Roggen Mehl, Type 997",C,321,7.74,63.73,1.05,12.7,1.298
C126000,Roggen Grieß,C,323,7.54,65.17,0.92,11.88,1.107
C221000,Roggen Vollkornmehl,C,312,9,56.56,1.33,18.98,1.816
C223300,"Roggen Mehl, Type 1150",C,319,8.03,61.74,1.14,14.82,1.476
C223600,"Roggen Mehl, Type 1740",C,315,8.98,57.46,1.27,18.66,2.039
C223400,"Roggen Mehl, Type 1370",C,318,8.85,59.18,1.22,17.66,1.78
C222000,"Roggen Backschrot, Type 1800",C,312,9,55.91,1.37,19.86,1.846
C238000,Dinkel Grieß,C,342,12.52,65.75,1.81,6.13,0.6669
C236000,"Dinkel ganzes Korn, roh",C,337,14.25,58.82,2.45,11.53,1.04
C235100,Dinkel Vollkornschrot,C,338,14.85,58.73,2.42,11.09,1.041
C234000,"Dinkel Mehl, Type 630",C,352,13.17,68.35,1.38,6.52,0.4435
C311000,"Grünkern ganzes Korn, roh",C,329,11.07,59.18,2.68,12.16,2.484
C234200,"Dinkel Mehl, Type 1050",C,348,13.87,65.06,2.16,6.66,0.8384
C234100,"Dinkel Mehl, Type 812",C,352,13.7,67.58,1.57,6.25,0.5608
C237000,Dinkel Kleie,C,270,17.06,18.24,5.88,38.14,2.59
C421000,Buchweizen Vollkornmehl,C,355,11.7,68.2,2.71,5.53,1.051
C424000,Buchweizen Mehl,C,350,12.52,65.08,3.12,5.91,1.018
C422000,Buchweizen Schrot,C,339,13.05,61.86,3.13,5.53,1.051
C327000,Buchweizen Grütze,C,322,13.05,61.16,1.55,5.53,0.349
C432000,Hirse Schrot,C,352,11.79,67.6,3.13,3.3,0.5551
C333100,Hirse Flocken,C,352,11.79,67.6,3.13,3.3,0.5551
C433000,Hirse Mehl,C,378,11.6,71.6,4.25,3.5,1.7
C515100,"Cornflakes gesüßt, angereichert mit Vitaminen",C,366,6.24,79.35,1.75,4.19,1.29
C532000,"Reis gepufft, ungesüßt",C,365,7.5,77.47,2.3,2,0.42
C533000,Popcorn ungesüßt,C,338,12,55.3,4.4,14.8,0.86
C546000,Tortillachips (Nachos),C,471,5.96,61.9,21.2,4.4,0.6
C534100,"Cerealien extrudiert, gesüßt, ungefüllt, mit Zimtgeschmack",C,424,8.36,73.36,9.38,5.14,23.41
C534400,"Cerealien extrudiert, gesüßt, ungefüllt, mit Frucht-/Honig-/Karamell-/Schokogeschmack, angereichert mit Vitaminen und Mineralstoffen",C,371,7.92,75.33,2.76,5.44,26.62
C534600,"Cerealien extrudiert, gesüßt, divers gefüllt, angereichert mit Vitaminen und Mineralstoffen",C,481,6.98,63.7,21.08,4.03,39
C539200,"Cerealien aus Vollkornweizenschrot, gesüßt, ungefüllt, Natur/Frucht/Schokolade, angereichert mit Vitaminen und Mineralstoffen",C,363,10.36,71.29,1.8,9.64,15.2
C650200,"Reisdrink ungesüßt, angereichert mit Vitaminen und Calcium",C,59,0,12.31,1.04,0,6.58
C660200,"Haferdrink ungesüßt, angereichert mit Vitaminen, Calcium und Jod",C,29,0.74,4,1.01,0.45,3.815
D630600,Doppelkekse mit Kakaocremefüllung,D,471,5.37,71.18,17.59,2.86,27.71
E141100,Gänseei roh,E,177,13.9,0.34,13.3,0,0.34
E106100,Wachtelei roh,E,135,13.18,0.34,9,0,0.34
E151100,Putenei roh,E,163,13.7,0.34,11.9,0,0.34
E112500,"Hühnerei Eigelb, Pulver",E,671,34.2,0.23,59.3,0,0.23
E113500,"Hühnerei Eiklar, Pulver",E,338,81.1,3.1,0.12,0,3.1
F140100,Quitte roh,F,53,0.42,8.2,0.5,5.92,6.977
F130100,Birne roh,F,58,0.3,13.16,0.29,2.8,10.08
F923900,"Apfelkompott/Apfelmark, ungesüßt, Konserve",F,63,0.4,14.07,0.27,1.14,11.1
F120100,"Apfel geschält, roh",F,43,0.3,8.9,0.13,2.19,7.5
F404100,"Eberesche süß, roh",F,73,1.3,12.7,1.2,6,4.1
F529100,"Japanische Wollmispel/Loquat, roh",F,48,0.55,9.8,0.2,2.07,8.58
F150100,Mispel roh,F,45,0.5,9.2,0.2,2.07,8.58
F120400,"Apfel geschält, getrocknet",F,242,1.29,53.43,0,9.28,51.58
F220100,Pflaume roh,F,48,0.3,10.71,0.17,1.7,8.1
F202100,Nektarine roh,F,48,1.06,9.2,0.2,1.7,8.2
F203100,Pfirsich roh,F,39,0.7,8.02,0.11,1.7,6.99
F203400,Pfirsich getrocknet,F,282,4.9,54.11,0.6,12.79,47.84
F545100,Kochbanane roh,F,130,1.18,29.5,0.07,2.2,7.7
F524100,Cherimoya roh,F,79,1.54,15.89,0.3,2,13.89
F840100,Rosine/Sultanine (Weinbeere getrocknet),F,288,2.7,61.8,1,5.4,60.9
F572100,Tamarillo roh,F,75,1.7,14.12,0.8,2.46,14.12
F552100,"Kapstachelbeere/Physalis, roh",F,81,2.3,14.12,1.1,2.46,14.12
F564100,Mangostane roh,F,67,0.6,14.12,0.6,1.4,14.12
F559100,Rambutan roh,F,63,1,13.7,0.1,1.5,13.7
F533100,Honigmelone roh,F,46,0.505,10.09,0.1,1.13,10.07
F535100,Wassermelone roh,F,35,0.6,6.96,0.4,0.2,6.72
F513100,Guave roh,F,45,0.9,6,0.5,5.2,5.82
F508600,Maracujasaft/Passionsfruchtsaft,F,51,0.8,10.04,0.4,0.31,10.04
F603100,Orange roh,F,49,1,8.85,0.2,2.2,8.85
F604600,Grapefruitsaft,F,37,0.53,7.305,0.1,0.31,7.305
F606600,Mandarinensaft,F,49,0.9,9.59,0.3,0.31,9.59
F110600,Apfelsaft,F,44,0.097,10.59,0,0.31,9.585
G102100,"Endivie/Escariol, roh",G,13,1.25,0.83,0.2,1.22,0.83
G101100,Chicoree roh,G,20,2.39,1.3,0.18,1.3,0.92
G108100,"Schnittsalat/Pflücksalat, roh",G,15,1.2,1.26,0.1,1.83,1.232
G460100,Portulak roh,G,14,1.482,0.587,0.34,1.6,0.192
G220100,Bleichsellerie roh,G,17,1.2,1.5,0.1,2.553,1.4
G103100,Eisbergsalat roh,G,15,0.8,1.62,0.2,1.8,1.62
G230100,Mangold roh,G,17,1.85,0.872,0.28,1.8,0.69
G212100,Gemüseamaranth roh,G,20,2.46,0.93,0.33,1.8,0.75
G213100,Neuseeländer Spinat roh,G,15,1.5,0.93,0.2,1.8,0.75
G410100,Artischocke roh,G,44,2.4,2.69,0.12,10.79,2.51
G350100,Romanesco roh,G,35,2.424,5.33,0.28,2.9,2.16
G322100,Grünkohl roh,G,53,4.16,3.32,0.67,8.39,2.64
G343100,Wirsing roh,G,37,2.779,4.1,0.32,2.8,3.5
G344100,Spitzkohl roh,G,31,1.21,4.54,0.18,3,4.4
G321100,Chinakohl roh,G,18,1.8,1.38,0.2,1.7,1.242
G331100,Kohlrabi roh,G,28,1.94,3.88,0.16,1.5,3.704
G345100,"Sauerkraut abgetropft, roh",G,23,1.125,0.99,0.31,2.14,0.77
G440100,Palmenherz roh,G,32,2.7,3.98,0.2,1.4,3.8
G482100,"Frühlingszwiebel/Lauchzwiebel, roh",G,27,1.9,3,0.19,2.6,2.8
G490100,Knoblauch roh,G,97,6.05,3,0.42,28.3,2
G488100,Silberzwiebel roh,G,34,1.156,6.01,0.15,1.4,6.01
G486100,Frühlingszwiebel/Lauchzwiebel (ohne Laub) roh,G,32,0.9,5.99,0.15,1.4,5.99
G484100,Perlzwiebel roh,G,34,1.156,6.01,0.15,1.4,6.01
G485100,Schalotte roh,G,33,2,3.2,0.1,5.424,3.2
G568900,"Tomate geschält, Konserve",G,24,1.2,3.25,0.3,0.9,3.25
G581000,Kürbis Hokkaido (C. maxima) roh,G,30,1.4,5.298,0.2,0.78,4.59
G583100,Chayote roh,G,34,0.78,5.81,0.1,3.43,5.1
G650100,Schwarzwurzel roh,G,61,1.39,8.8,0.43,5,4
G670100,Wurzelpetersilie roh,G,76,2.88,13.8,0.47,2.13,6.05
G630100,Meerrettich roh,G,84,5.875,11.67,0.3,4.287,8.25
G720100,Wachsbohne roh,G,27,2.1,3.4,0.2,1.89,2.26
G750100,Sojabohne unreif (Edamame) roh,G,146,13,6.2,6.8,4.2,1.3
G760200,"Erbse grün, tiefgefroren",G,77,4.9,10,0.7,5.3,5.4
G520802,Gurke gesäuert (Gewürzgurke) abgetropft,G,33,0.9,5.52,0,0.88,5.49
H110800,Erdnussmus,H,620,29,9.9,49.7,8.4,4.9
H160100,Pekannuss,H,723,10.97,3,72,9.46,2.68
F960800,Cashewnussmus,F,623,17.6,26,49.4,2,6.15
H320100,Pinienkern,H,660,16.4,6.2,61.9,6.4,4
H210100,Mandel süß,H,544,22.33,3.87,46.6,10,3.634
H190600,Macadamianuss geröstet ohne Fett,H,758,9.19,5.2,76.1,8,4.1
H250100,Pistazie,H,599,20.8,7.6,51.6,10.61,6.62
H250700,"Pistazie geröstet ohne Fett, gesalzen",H,588,23,8.6,49.3,8.8,6.8
H480100,Chia-Samen,H,479,22.11,3.66,32.79,40.23,0.4732
H520800,"Oliven geschwärzt, in Salzlake, abgetropft",H,140,0.84,0,14.84,1.6,0
H702100,Augenbohne reif,H,319,23.5,45.75,1.26,10.6,2.03
H750100,Dicke Bohne reif,H,349,27,46.7,1.53,15,4.94
H742100,Kidneybohne reif,H,316,22.8,40.3,0.83,24.9,2.4
C551000,Weizenkleber/Weizengluten,C,394,80.6,13.46,1.85,0.6,13.46
H764400,Sojamehl vollfett,H,514,38.36,24,22.8,22.6,5.8
K762400,Hefe Flocken/Nährhefe,K,305,48.7,6.2,4.5,22.5,2.5
H725100,Linse reif,H,323,23.36,44.8,1.7,17.6,1.3
G760400,Erbse reif,G,311,23.02,40.5,1.44,22.03,3.3
G750400,Sojabohne reif,G,388,38.2,6.6,18.27,21.96,6
G770400,Kichererbse reif,G,317,18.58,39.6,5.915,15.51,2.411
G780400,Limabohne (Butterbohne Mondbohne) reif,G,325,20.6,48.63,1.4,14.2,1.99
H800100,"Mandeldrink ungesüßt, angereichert mit Vitaminen und Calcium",H,24,0.87,0.2,2.159,0.13,0.173
H841100,Sojadrink ungesüßt,H,30,3.22,0.4,1.297,1.75,0.389
H843300,"Dessert/Puddingalternative, pflanzlich, angereichert mit Vitaminen und Calcium",H,89,2.32,10.85,3.78,0.99,10.82
H844100,"Soja-Joghurtalternative ungesüßt, angereichert mit Vitaminen und Calcium",H,44,4.17,0.33,2.67,0,0.16
K130492,"Pommes frites tiefgefroren, frittiert",K,203,2.9,25.94,9.04,3.24,0.24
K120100,"Kartoffel ungeschält, roh",K,86,2.05,18.46,0.1,1.42,1.46
K130262,"Pommes frites tiefgefroren, gebacken",K,167,3.03,27.4,4.33,3.35,0.21
K130200,Pommes frites tiefgefroren,K,123,2.23,20.17,3.22,2.29,0.17
K290100,Kartoffelchips energiereduziert,K,464,6.2,57.9,21.5,5.9,1.5
K280200,Kartoffelsticks,K,502,6.5,46.52,31.5,2,2.17
K707100,Edel-Reizker roh,K,36,2.833,2.9,0.67,5.53,0.2
K718100,Steinpilz roh,K,46,5.4,3.27,0.4,6.02,0.53
K709100,Hallimasch roh,K,37,3.171,2.9,0.68,5.51,0.2
K702100,Trüffel roh,K,73,8.288,0.6,0.51,16.54,0.6
M111100,"Milch entrahmt, frisch, höchstens 0,1 % Fett, pasteurisiert",M,34,3.418,4.8,0.07,0,4.8
M114200,"Milch fettarm, 1,5 % Fett, laktosefrei, pasteurisiert",M,44,3.49,4.11,1.54,0,4.11
M117700,Sahneersatz (Mischung aus pflanzlichen Fetten und Milch),M,182,1.57,3.43,18,0,3.43
M114300,"Vollmilch 3,5 % Fett, laktosefrei, pasteurisiert",M,62,3.55,4.15,3.49,0,4.15
M021000,Ziegenmilch mind. 3 % Fett,M,67,3.615,4.2,3.92,0,4.2
M011000,"Schafmilch mind. 4,5 % Fett",M,92,5.163,4.432,5.967,0,4.432
M141200,"Joghurt fettarm, mind. 1,5 % bis max. 1,8 % Fett",M,62,5.035,6.046,1.6,0,5.773
M1A5200,"H-Milch fettarm, 1,5 % Fett, laktosefrei, ultrahocherhitzt",M,46,3.16,4.61,1.45,0,4.61
M182100,Kondensmagermilch max. 1 % Fett,M,85,8.2,12.1,0.24,0,12.1
M1A7300,"H-Vollmilch 3,5 % Fett, laktosefrei, ultrahocherhitzt",M,63,3.18,4.59,3.49,0,4.59
M182300,"Kondensmilch teilentrahmt, mind. 1 % bis < 7,5 % Fett",M,109,7.6,10.3,4.1,0,10.3
M148300,"Joghurt mind. 3,5 % Fett, mit Magermilchpulverzusatz",M,74,4.2,5.8,3.5,0,5.8
M1E3300,"Joghurt mind. 3,5 % Fett, laktosefrei",M,68,3.98,4.36,3.46,0,4.36
M121300,"Dickmilch/Sauermilch, mind. 3,5 % Fett",M,67,3.3,4.8,3.5,0,4.8
M141500,Sahnejoghurt mind. 10 % Fett,M,124,3.3,4.5,10,0,4.5
M130300,"Kefir mind. 3,5 % Fett",M,63,3.164,4.13,3.5,0,4.13
M149500,Schafjoghurt,M,90,3.87,4.02,6.2,0,4.02
M161000,Süßmolke,M,25,0.82,4.7,0.24,0,4.7
M173800,Schlagsahne mind. 30 % Fett,M,308,2.312,3.27,31.7,0,3.27
M171500,Kaffeesahne mind. 10 % Fett,M,124,3.037,4.05,10.5,0,4.05
M182400,"Kondensmilch mind. 7,5 % Fett",M,132,6.358,9.32,7.57,0,9.32
M2J7100,"Trinkjoghurt aus entrahmter Milch, max. 0,5 % Fett, mit Fruchtzubereitung, gesüßt",M,75,3.45,13.26,0.42,0.32,12.25
M2A3300,"Joghurt mild, max. 3,8 % Fett, mit Fruchtzubereitung, gesüßt, laktosefrei",M,97,3.01,13.2,2.96,1.15,12.3
M2L2300,"Trinkjoghurt mind. 3,5 % Fett, mit Fruchtzubereitung, gesüßt",M,96,3.01,13,2.96,1.15,12.1
M303700,Chester (Cheddar) mind. 50 % Fett i. Tr.,M,387,22.98,0.206,32.2,0,0.206
M302600,Bergkäse mind. 45 % Fett i. Tr.,M,395,28.9,0,30.8,0,0
M302700,Bergkäse mind. 50 % Fett i. Tr.,M,423,26.9,0,34.8,0,0
M303600,Chester (Cheddar) mind. 45 % Fett i. Tr.,M,370,26.6,0,28.8,0,0
M313600,Provolone mind. 45 % Fett i. Tr.,M,398,26.08,0,31.98,0,0
M300600,Hartkäse mind. 45 % Fett i. Tr.,M,374,27.5,0,29.15,0,0
M309600,Jarlsberg mind. 45 % Fett i. Tr.,M,352,26.7,0,26.9,0,0
M403800,Tilsiter mind. 60 % Fett i. Tr.,M,419,19,0,37.8,0,0
M404600,Wilstermarschkäse mind. 45 % Fett i. Tr.,M,321,23.4,0,24.9,0,0
M406700,Fontina mind. 50 % Fett i. Tr.,M,386,25.6,0,31.1,0,0
M307700,Raclettekäse mind. 45 % Fett i. Tr.,M,342,22.8,0,27.5,0,0
M401700,Edamer mind. 50 % Fett i. Tr.,M,369,25,0,29.6,0,0
M401600,Edamer mind. 45 % Fett i. Tr.,M,355,24.3,0,28.3,0,0
M403700,Tilsiter mind. 50 % Fett i. Tr.,M,359,22.3,0,29.6,0,0
M403600,Tilsiter mind. 45 % Fett i. Tr.,M,355,25.76,0.025,27.7,0,0.025
M401400,Edamer mind. 30 % Fett i. Tr.,M,262,28.05,0.049,16.2,0,0.049
M401500,Edamer mind. 40 % Fett i. Tr.,M,317,25.85,0,23.4,0,0
M506600,Danbo mind. 45 % Fett i. Tr.,M,323,23.6,0.05,25,0,0.05
M524500,Halloumi Grillkäse,M,315,21.46,0.1,25.06,0,0
M501700,Butterkäse mind. 50 % Fett i. Tr.,M,347,21.46,0.01,28.8,0,0
M507600,Esrom mind. 45 % Fett i. Tr.,M,328,23.7,0.01,25.7,0,0
M503700,Steinbuscher mind. 50 % Fett i. Tr.,M,316,20,0.01,26,0,0
M504500,Weißlacker mind. 40 % Fett i. Tr.,M,268,21.8,0.01,19.7,0,0
M501600,Butterkäse mind. 45 % Fett i. Tr.,M,310,23.61,0.1,23.5,0,0.089
M503600,Steinbuscher mind. 45 % Fett i. Tr.,M,296,21.6,0.01,23,0,0
M504700,Weißlacker mind. 50 % Fett i. Tr.,M,327,20,0.01,27,0,0
M504600,Weißlacker mind. 45 % Fett i. Tr.,M,294,20.8,0.01,23,0,0
M505700,Trappistenkäse mind. 50 % Fett i. Tr.,M,374,23.5,0.01,30.7,0,0
M501800,Butterkäse mind. 60 % Fett i. Tr.,M,384,17,0.01,34.7,0,0
M503400,Steinbuscher mind. 30 % Fett i. Tr.,M,243,26.5,0.01,15,0,0
M505600,Trappistenkäse mind. 45 % Fett i. Tr.,M,345,25.1,0.01,26.8,0,0
M602800,Camembert mind. 60 % Fett i. Tr.,M,378,17.9,0.01,34,0,0
M609800,"Weinkäse, Weichkäse, mind. 60 % Fett i. Tr.",M,382,17,0.01,34.7,0,0
M600900,Weichkäse mind. 70 % Fett i. Tr.,M,413,13.2,0.01,40,0,0
M600800,Weichkäse mind. 60 % Fett i. Tr.,M,367,16.8,0.01,33.2,0,0
M601700,Brie mind. 50 % Fett i. Tr.,M,341,22.14,0.107,27.9,0,0.097
M602700,Camembert mind. 50 % Fett i. Tr.,M,313,20.08,0.101,25.7,0,0.101
M602400,Camembert mind. 30 % Fett i. Tr.,M,214,23.02,0,13.5,0,0
M601600,Brie mind. 45 % Fett i. Tr.,M,264,21,0,19.82,0,0
M600700,Weichkäse mind. 50 % Fett i. Tr.,M,310,19.8,0,25.5,0,0
M600600,Weichkäse mind. 45 % Fett i. Tr.,M,257,19.58,0,19.82,0,0
M604600,Münster mind. 45 % Fett i. Tr.,M,292,21.6,0.01,22.6,0,0
M605500,Romadur mind. 40 % Fett i. Tr.,M,275,23.1,0.01,20.1,0,0
M605700,Romadur mind. 50 % Fett i. Tr.,M,313,20,0.01,25.7,0,0
M609600,"Weinkäse, Weichkäse, mind. 45 % Fett i. Tr.",M,294,21.18,0.01,23,0,0
M604700,Münster mind. 50 % Fett i. Tr.,M,322,20.9,0.01,26.3,0,0
M603700,Limburger mind. 50 % Fett i. Tr.,M,327,20,0.01,27.2,0,0
M605300,Romadur mind. 20 % Fett i. Tr.,M,180,23.9,0.01,9.16,0,0
M603300,Limburger mind. 20 % Fett i. Tr.,M,185,26.4,0.01,8.57,0,0
M600500,Weichkäse mind. 40 % Fett i. Tr.,M,249,21.18,0.01,18.22,0,0
M410700,"Schnittkäse aus Schafmilch, mind. 50 % Fett i. Tr.",M,383,19.16,0.012,33.63,0,0
M6A5700,"Weichkäse aus Schafmilch, mind. 45 % Fett i. Tr.",M,279,17.86,0.6,22.66,0,0.6
M715800,"Brotaufstrich aus pflanzlichen Fetten, Rahm, Joghurt entrahmt",M,230,4.8,2.47,22.1,0,2.47
M713700,"Speisequark Rahmstufe, 50 % Fett i. Tr.",M,178,8.3,2.9,14.5,0,2.9
M710700,"Frischkäsezubereitung Natur, mind. 50 % Fett i. Tr.",M,202,9.74,2.73,16.61,0,2.73
M032100,Mozzarella mind. 45 % Fett i. Tr.,M,259,17.12,0,20.99,0,0
M176800,"Sauerrahm/Creme fraiche, 30 % Fett",M,265,2.4,2.55,27.03,0,2.55
M772800,"Schmelzkäse aus Frischkäse, streichfähig, mind. 60 % Fett i. Tr.",M,328,10.7,4.1,29.6,0,4.1
M780100,Kochkäse < 10 % Fett i. Tr.,M,84,15.2,4.2,0.5,0,4.2
M711100,Körniger Frischkäse < 10 % Fett i. Tr.,M,73,11.8,3,1.2,0,3
M711300,Körniger Frischkäse mind. 20 % Fett i. Tr.,M,109,13.3,3.64,4.3,0,3.64
M712200,Schichtkäse mind. 10 % Fett i. Tr.,M,91,12.44,4.14,2.42,0,4.14
M712300,Schichtkäse mind. 20 % Fett i. Tr.,M,111,11.9,3.94,4.96,0,3.94
M713200,"Speisequark Viertelfettstufe, 10 % Fett i. Tr.",M,84,11.6,4.1,2,0,4.1
M713300,"Speisequark Halbfettstufe, 20 % Fett i. Tr.",M,110,12.24,3.04,5.1,0,3.04
M730100,Sauermilchkäse < 10 % Fett i. Tr.,M,128,30.03,0,0.473,0,0
M827200,"Frischkäsezubereitung mind. 10 % Fett i. Tr., mit Gemüse/Kräutern",M,107,16,3.3,3,0,3.3
M710100,"Skyr, Frischkäse < 10 % Fett i. Tr.",M,64,10.35,3.19,0.84,0.18,3.14
M7B1600,"Frischkäse aus Schafmilch, Natur, mind. 45 % Fett i. Tr.",M,229,17.94,1.74,16.42,0,1.74
M771700,"Schmelzkäse schnittfest, mind. 50 % Fett i. Tr.",M,348,17,4.1,29,0,4.1
M810500,Schmelzkäsezubereitung mind. 40 % Fett i. Tr.,M,254,15,5.1,19,0,5.1
M771400,"Schmelzkäse schnittfest, mind. 30 % Fett i. Tr.",M,221,14.8,9,13.6,0,9
M771600,"Schmelzkäse schnittfest, mind. 45 % Fett i. Tr.",M,299,15.7,5.1,23.6,0,5.1
N314000,Limonade chininhaltig,N,41,0,9.88,0,0,9.88
N310400,Zitronenlimonade,N,38,0,9.27,0,0,9.27
N315000,Ginger Ale,N,37,0,8.87,0,0,8.87
N128000,Natürliches Mineralwasser still,N,0,0,0,0,0,0
N127000,Natürliches Mineralwasser mit Kohlensäure,N,0,0,0,0,0,0
N130000,Natürliches Mineralwasser mit geringem Mineraliengehalt,N,0,0,0,0,0,0
N160000,Quellwasser,N,0,0,0,0,0,0
N419000,Türkischer Mokka (Getränk),N,0,0.12,0,0,0,0
N415000,Kaffee (Getränk) entkoffeiniert,N,0,0.12,0,0,0,0
N411100,Espresso (Getränk),N,2,0.4,0,0,0.418,0
N416000,Kaffee (Getränk) koffeinreduziert,N,0,0.12,0,0,0,0
N440100,"Kaffee (Getränk) entkoffeiniert, aus Instantpulver",N,2,0.33,0,0,0,0
N440900,Instantkaffeepulver entkoffeiniert,N,150,19.5,4.1,1.2,22.3,0
N611000,Mate-Tee (Getränk),N,0,0.1,0,0,0,0
N720100,Kräutertee (Getränk),N,0,0,0,0,0,0
N601000,Roibusch-/Rooibos-/Rotbusch-Tee (Getränk),N,0,0,0,0,0,0
N670100,Schwarztee (Getränk) entkoffeiniert,N,0,0,0,0,0,0
P151120,"Hefeweizen/Weizenbier, 0,0 % vol",P,26,0.478,5.9,0,0,3.6
P151110,"Hefeweizen/Weizenbier, alkoholfrei",P,22,0.484,4.7,0,0,2.4
P161000,Lagerbier hell,P,36,0.4,2.283,0,0,0.231
P165000,Lagerbier dunkel,P,27,0.4,0.172,0,0,0.172
P197000,Bier kohlenhydratreduziert,P,32,0.422,0.8,0,0,0
P1A4000,Leichtbier,P,27,0.422,2.2,0,0,0.1
P163100,"Pilsner Bier, alkoholfrei",P,18,0.416,3.7,0,0,1.6
P154000,Kölsch,P,38,0.422,2.218,0,0,0.108
P153000,Altbier,P,40,0.502,2.284,0,0,0.156
P172000,Bockbier,P,49,0.9,2.127,0,0,0
P177000,Stout,P,46,0.4,5.3,0,0,3.2
P174000,Doppelbock,P,50,0.503,2.131,0,0,0
P219000,Eiswein,P,141,0.077,23.06,0,0,23.05
N014000,Wein alkoholfrei,N,18,0.097,3,0,0,3
N003000,Aperitif alkoholfrei,N,64,0.129,15,0,0,15
P289000,Federweißer (Traubenmost teilweise vergoren),P,73,0.15,1.288,0,0,1.288
P232000,Weißwein Beerenauslese/Trockenbeerenauslese,P,130,0.124,18.55,0,0,18.55
P231000,Weißwein süß,P,89,0.143,6.15,0,0,6.15
P230000,Weißwein lieblich,P,77,0.148,2.43,0,0,2.43
P431000,Portwein,P,161,0.1,11.9,0,0,11.9
P2A1000,Rotwein süß,P,95,0,5.15,0,0,5.12
P2A2000,Rotwein lieblich,P,86,0,2.29,0,0,2.26
P462000,Sherry medium dry,P,119,0.1,5.9,0,0,5.9
P341300,Wermutwein trocken,P,105,0.1,3,0,0,3
P560100,Bitterlikör 11 % vol,P,150,0,25,0,0,25
P330000,"Perlwein/Perlwein mit zugesetzer Kohlensäure, trocken",P,74,0,2.09,0,0,2.08
P2A7100,"Qualitätsschaumwein, Sekt, halbtrocken",P,80,0,3.9,0,0,3.9
P2A7000,"Qualitätsschaumwein, Sekt, süß",P,86,0,5.5,0,0,5.5
P2A6110,"Qualitätsschaumwein, Sekt, herb/brut",P,69,0,0.63,0,0,0.62
P2A6100,"Qualitätsschaumwein, Sekt, extra trocken",P,72,0,1.34,0,0,1.33
N005000,Sekt alkoholfrei,N,22,0,5.2,0,0,5.2
P273000,Rosewein trocken,P,64,0.1,0.7,0,0,0.7
P2B1000,Rosewein süß,P,78,0.1,4.85,0,0,4.85
P2B1200,Rosewein halbtrocken,P,65,0.1,1.17,0,0,1.17
Q310000,Walnussöl,Q,899,0,0,99.9,0,0
Q120000,Olivenöl,Q,899,0,0,99.9,0,0
Q210000,Erdnussöl,Q,899,0,0,99.9,0,0
Q550000,Kokosöl,Q,900,0,0,100,0,0
Q180000,Rapsöl/Rüböl,Q,900,0,0,100,0,0
Q260000,Maiskeimöl,Q,900,0,0,100,0,0
Q270000,Sojaöl,Q,900,0,0,100,0,0
Q320000,Sonnenblumenöl,Q,900,0,0,100,0,0
Q640000,Halbfettbutter,Q,377,4,0.571,39.8,0,0.571
Q683000,Butterschmalz,Q,897,0.25,0,99.5,0,0
Q6A7000,"Mischfett mit überwiegend Milchfett, ungesalzen",Q,647,0.59,0.645,71.28,0,0.645
Q630000,Süßrahmbutter,Q,747,0.59,0.6,82.5,0,0.6
Q620000,Sauerrahmbutter,Q,747,1.188,0.571,82.2,0,0.571
Q860000,Schweinefett/Schweineschmalz,Q,900,0,0,100,0,0
Q830000,Hühnerfett,Q,900,0,0,100,0,0
U205000,"Rind Fettgewebe, subkutan roh",U,852,1.5,0,94,0,0
Q880000,Hammelfett/Hammeltalg,Q,747,3.85,0,81.3,0,0
R113000,"Speisesalz jodiert/Jodsalz, mit Fluorid",R,0,0,0,0,0,0
R113100,"Speisesalz jodiert/Jodsalz, mit Fluorid und Folsäure",R,0,0,0,0,0,0
R111100,Steinsalz,R,0,0,0,0,0,0
R114000,Speisesalz jodiert/Jodsalz,R,0,0,0,0,0,0
R112000,Meersalz,R,0,0,0,0,0,0
R121000,Weinessig,R,25,0,0,0,0,0
R134000,Senf extra scharf,R,111,5.51,2.94,6.96,4.5,2.76
R133000,Senf scharf,R,111,5.51,2.94,6.96,4.5,2.76
R135000,Senf süß,R,177,4.25,25.1,5.37,3.5,25
R141200,Curry-Gewürzketchup,R,98,1.4,21.16,0.1,1.81,20.82
R148200,"Feinkostsauce/Grillsauce, Tomaten-Basis",R,102,1.46,21.36,0.56,0.72,19.04
R161200,Tomaten passiert/Tomatenpüree,R,29,1.18,3.94,0.1,1.81,3.6
Q991000,Mayonnaise (Fertigprodukt),Q,750,1.49,2.3,81.2,0.64,2.3
R910000,Bratensoße Instantpulver,R,324,7.71,51.94,8.65,2.3,17.59
R810000,"Bouillon/Brühe/Suppe (Brühwürfel, Pulver)",R,195,5.82,27.91,5.8,2.9,0.4
S372000,Marshmallow (Schaumzuckerware),S,373,1.8,84,0.2,0,65.8
R381100,Orangeat,R,260,0,62.9,0.2,3.3,62.9
S311000,Hartkaramelle (Bonbon),S,421,0,92.8,0.2,0,69
S124000,Invertzuckercreme,S,331,0.15,82.5,0,0,82.5
S111100,Puderzucker,S,400,0,100,0,0,100
S114000,Vanillezucker,S,400,0,100,0,0,100
S351000,Fondant (Fondantmasse),S,339,0.7,77,3.1,0,76
R452000,Vanillinzucker,R,400,0,100,0,0,100
S152000,Melasse,S,229,1.2,55.9,0.1,,55.9
S361000,Fruchtgummi (Gummibonbon),S,312,4.8,70.7,0.3,1.01,56.7
S531200,Milchschokolade gefüllt mit Mandel-Karamell,S,494,9.08,54.96,25.48,4.22,45.54
S622100,Pralinen gefüllt mit Mandel-Karamell,S,494,9.08,54.96,25.48,4.22,45.54
S622600,Pralinen gefüllt mit Karamellcreme,S,446,3.72,68.7,17.05,0.82,60.82
S550000,Sahneschokolade,S,567,7,51.92,36.02,3.38,51.05
S530000,Milchschokolade,S,532,6.83,54.03,31.34,3.32,52.83
S628000,Pralinen gefüllt mit Milch-/Joghurtcreme,S,565,7.51,39.39,40.26,6.67,39.39
S620000,Pralinen gefüllt,S,565,7.51,39.39,40.26,6.67,39.39
S580000,Schokolade weiß,S,554,6.18,56.79,33.44,0.56,56.79
S500000,Schokolade,S,520,5.49,57.5,28.36,6.57,55.35
S539900,Vollmilchschokolade,S,555,6.34,52.01,35.13,2.52,51.38
S713000,Kakaopulver stark entölt,S,311,25.5,12.3,11.2,29.69,1.015
S570000,Bitterschokolade,S,563,9.1,33.7,41.33,10.11,30
T041600,Aal geräuchert (Räucheraal),T,329,17.9,0,28.6,0,0
T064100,Hecht roh,T,84,18.4,0,1.13,0,0
T861100,Kaviar echt (Stör),T,244,26.1,0,15.5,0,0
T091100,Heringsrogen roh,T,131,26,0,3.05,0,0
T094100,Lachsrogen roh,T,113,22.4,0,2.6,0,0
T121100,Thunfisch roh,T,139,22.4,0,5.52,0,0
T107600,Makrele geräuchert,T,338,18.89,0,29.2,0,0
T206100,Schellfisch roh,T,74,17.1,0,0.58,0,0
T800200,Stockfisch (getrocknet),T,339,79.2,0,2.5,0,0
T208100,"Merlan/Wittling, roh",T,85,18.4,0,1.31,0,0
T209100,Seehecht roh,T,86,17.2,0,1.93,0,0
T202100,Leng roh,T,82,19,0,0.62,0,0
T204200,"Dorsch/Kabeljau, tiefgefroren",T,72,16.56,0,0.6,0,0
T213100,"Alaska-Pollack/Alaska-Seelachs, roh",T,57,12.3,0,0.82,0,0
T207200,"Köhler/Seelachs, tiefgefroren",T,81,17.75,0,1.1,0,0
T033100,Dornhai roh,T,181,12.6,0,14.5,0,0
T415100,Königslachs roh,T,180,19.9,0,11.2,0,0
T422400,Forelle gesalzen,T,137,21.2,0,5.52,0.03,0
T422100,Forelle roh,T,156,21.55,0,7.63,0,0
T103100,Matjeshering mild gesalzen,T,272,16,0,22.6,0,0
U291100,"Rind Hinterhesse, roh",U,140,21.4,0,6,0,0
U261100,"Rind Bug/Schulter, roh",U,128,20.2,0,5.3,0,0
U201000,"Rind Muskelfleisch, roh",U,106,22,0.103,1.9,0,0.043
U284100,"Rind Hüfte, roh",U,110,22.1,0,2.35,0,0
U482100,"Kalb Keule, roh",U,89,20.7,0,0.72,0,0
U287100,"Rind Oberschale, roh",U,124,20.86,0,4.527,0,0
U602100,"Schwein Fleisch, sehnenfrei, sichtbarer Fettanteil max. 5 % (S II) roh",U,136,21.41,0,5.61,0,0
U511100,"Schwein Filetmedaillon, roh",U,102,22.7,0,1.2,0,0
U733100,"Schaf Filetsteak, roh",U,118,22.79,0,2.97,0,0
U711100,"Schaf Filetmedaillon, roh",U,118,22.79,0,2.97,0,0
U602200,"Schwein Fleisch, geringer Feinsehnenanteil, sichtbarer Fettanteil max. 3 - 5 % (S II/III) roh",U,137,22.77,0,5.08,0,0
U602000,"Schwein Fleisch, fett- und sehnenfrei (S I) roh",U,105,22.16,0,1.85,0,0
U522100,"Schwein Stielkotelett, roh",U,175,21.02,0,10.08,0,0
U578100,"Schwein Lachsbraten, roh",U,115,23.56,0,2.35,0,0
W510000,"Kasseler, Rohpökelware, geräuchert",W,107,21.97,0,2.17,0,0
U533100,"Schwein Schmetterlingssteak, roh",U,145,22.4,0,6.2,0,0
U577100,"Schwein Kammbraten, roh",U,175,19.21,0,10.9,0,0
U532100,"Schwein Kammsteak, roh",U,175,19.21,0,10.9,0,0
V250100,"Wildschwein Fleisch, roh",V,162,19.5,0,9.3,0,0
U57B100,"Schwein Ladenbauch, roh",U,324,17.74,0,28.06,0,0
U603100,"Schwein Bauch, mager, sichtbarer Fettanteil max. 25 % (S IV) roh",U,289,16.79,0,24.63,0,0
U604000,"Schwein Bauch, kernig, sichtbarer Fettanteil max. 60 % (S V) roh",U,307,16.6,0,26.68,0,0
U583100,Schwein Kochfleisch (Bauch) roh,U,324,17.74,0,28.06,0,0
U57A100,"Schwein Grillbauch, roh",U,324,17.74,0,28.06,0,0
U564100,Schwein Dicke Rippe roh,U,196,19.66,0,13.07,0,0
U603000,"Schwein Fleisch, höherer Sehnenanteil, sichtbarer Fettanteil max. 7 - 10 % (S III) roh",U,203,19.7,0,13.76,0,0
U571100,Schwein Bratenfleisch (Bug mit Fett und Schwarte) roh,U,198,20.4,0,12.92,0,0
U574100,Schwein Bratenfleisch (Bug ohne Fett und Schwarte) roh,U,135,20.51,0,5.83,0,0
U554100,Schwein Gulasch (Restbug) roh,U,121,21.51,0,3.83,0,0
W441000,Parmaschinken,W,307,26.72,0.13,21.8,0,0.13
W442000,"Schwarzwälder Schinken, Rohpökelware, geräuchert",W,307,26.5,0.13,21.9,0,0.13
U575100,Schwein Bratenfleisch (Nuss) roh,U,109,21.77,0,2.43,0,0
U543100,Schwein Schnitzel (Nuss) roh,U,109,21.77,0,2.43,0,0
U601000,"Schwein Muskelfleisch, roh",U,105,22,0,1.86,0,0
U576100,Schwein Bratenfleisch (Hüfte/Schinkenspeck) roh,U,127,22.28,0,4.23,0,0
U579100,Schwein Schwartenbraten (Krustenbraten) roh,U,222,19.9,0,15.79,0,0
U563100,Schwein Roulade (Oberschale) roh,U,115,23.01,0,2.51,0,0
U541100,Schwein Schnitzel (Oberschale) roh,U,106,22.2,0,1.9,0,0
U801000,"Schaf Muskelfleisch, roh",U,112,20.4,0,3.41,0,0
U726100,"Hammel Kotelett, roh",U,348,14.9,0,32,0,0
U727100,"Lamm Kotelett, roh",U,217,18.5,0,15.9,0,0
U817100,"Lamm Nuss, roh",U,121,20,0,4.6,0,0
U837100,"Lamm Hals/Kamm/Nacken, roh",U,191,18.6,0,13,0,0
U816100,"Hammel Filet/Lende, roh",U,194,18.7,0,13.2,0,0
U811100,"Schaf Filet/Lende, roh",U,194,18.7,0,13.2,0,0
U754100,Schaf Gulasch (Hals/Kamm/Nacken) roh,U,180,18.1,0,11.9,0,0
U981700,Fleischfond Konserve,U,8,1.48,0,0.22,0,0
V434100,"Suppenhuhn Fleisch, mit Haut, roh",V,257,18.5,0,20.3,0,0
V416100,"Hähnchen Brustfilet, roh",V,109,23.25,0,1.81,0,0
V417100,"Hähnchen Flügel, mit Haut, roh",V,199,18.33,0,13.94,0,0
V334100,"Wildente Fleisch, mit Haut, roh",V,206,17.4,0,15.2,0,0
V444100,"Poularde Fleisch, mit Haut, roh",V,175,19,0,11,0,0
V413000,"Hähnchen Fleisch, ohne Haut, roh",V,131,20.2,0,5.6,0,0
V484100,"Pute Fleisch, mit Haut, roh",V,157,20.2,0,8.5,0,0
V320100,"Rebhuhn Fleisch, roh",V,248,35,0,12,0,0
V515100,"Lamm Herz, roh",V,132,17.6,0,6.8,0,0
U080100,"Rind Leberhack, roh",U,131,19.21,5.3,3.66,0,0
V535100,"Lamm Leber, roh",V,131,20.6,1,4.92,0,0
V542100,"Kalb Lunge, roh",V,90,17.5,0,2.17,0,0
V543100,"Schwein Lunge, roh",V,114,13.5,0,6.67,0,0
V546100,"Hammel Lunge, roh",V,94,18.4,0,2.3,0,0
V563100,"Schwein Milz, roh",V,102,17.2,0,3.64,0,0
V561100,"Rind Milz, roh",V,100,18.5,0,2.9,0,0
V566100,"Hammel Milz, roh",V,108,18,0,4,0,0
V574100,"Schaf Niere, roh",V,89,15.7,0,2.95,0,0
V571100,"Rind Niere, roh",V,111,16.2,0,5.14,0,0
V573100,"Schwein Niere, roh",V,102,17,0,3.765,0,0
V576100,"Hammel Niere, roh",V,93,16.5,0,3.03,0,0
V585100,"Lamm Bries, roh",V,81,13.2,0,3.16,0,0
V595100,"Lamm Zunge, roh",V,227,14.8,0,18.6,0,0
V636100,"Gans Leber, roh",V,109,16.4,1.2,4.28,0,0
V438100,"Suppenhuhn Innereien, roh",V,154,17.9,0,9.21,0,0
V635100,"Ente Leber, roh",V,121,18.7,1.2,4.64,0,0
V551100,"Rind Magen/Kutteln, roh",V,80,13.5,0,2.84,0,0
V553100,"Schwein Magen, roh",V,158,16.8,0,10.1,0,0
W149300,Salami (Schwein),W,374,23.54,0,30.9,0,0
W288100,Geflügelmortadella,W,229,12.57,0.009,19.09,0.48,0
W874200,Cocktailwürstchen Konserve,W,228,12.5,0,19.5,0,0
W874300,Wiener Würstchen Konserve,W,228,12.5,0,19.5,0,0
W212000,Geflügel-Wiener Würstchen,W,232,13.62,1.01,18.98,0,1.01
W870400,"Lyoner/Lyoner Wurst, Konserve",W,281,12.25,0.25,25.5,0,0.24
W231200,Mortadella/Schinkenwurst fein zerkleinert,W,264,13.5,0.25,23,0,0.24
W245000,Lyoner weiß,W,281,12.25,0.25,25.5,0,0.24
W255100,Lyoner grob,W,281,12.25,0.25,25.5,0,0.24
W234000,Fleischwurst,W,306,12.11,0.25,28.3,0,0.24
W241000,Gelbwurst,W,298,11.55,0.25,27.7,0,0.24
W871700,"Bierwurst/Blasenwurst, Konserve",W,275,13.73,0.46,24,0.18,0.46
W880100,Leberwurst Konserve,W,357,12.3,2.05,33.15,0,1.915
W314000,Kalbsleberwurst,W,351,13.55,1.933,32,0,1.915
W424000,"Schwein Kochschinken, Kochpökelware",W,130,22.5,0.74,3.7,0,0.74
X412263,Geflügelkraftbrühe (Huhn),X,5,0.5,0,0.3,0,0
X412463,Fischkraftbrühe,X,8,1,0,0.4,0,0
X412053,Rinderkraftbrühe,X,3,0.4,0,0.2,0,0
X411363,Wildbrühe,X,3,0.4,0,0.2,0,0
X413663,Doppelte Rinderkraftbrühe,X,3,0.4,0,0.2,0,0
X411563,Kalbsbrühe,X,3,0.4,0,0.2,0,0
X412363,Wildkraftbrühe,X,3,0.4,0,0.2,0,0
C211100,Weizen Vollkornschrot,C,331,12.81,59.21,1.833,13.26,1.053
C113000,Weizen Flocken,C,331,12.81,59.21,1.833,13.26,1.053
C219100,Hartweizen Vollkorngrieß,C,346,14.4,60.94,2.32,11.76,1.071
C219200,"Hartweizen ganzes Korn, roh",C,346,14.4,60.94,2.32,11.76,1.071
C119100,Bulgur (Hartweizen) roh,C,353,12.4,68,2,6.7,1.9
C119200,Couscous (Hartweizen) roh,C,350,11.69,68.92,1.7,6.17,1.062
C117000,Weizen Grütze,C,352,13.36,68.92,1.48,4.84,1.062
C121000,"Roggen ganzes Korn, roh",C,302,11,53.84,1.7,13.4,1.424
C236100,Dinkel Flocken,C,337,14.25,58.82,2.45,11.53,1.04
C457000,Reis Kleie,C,380,14.1,17.2,20.8,34.06,1.5
C240100,"Emmer ganzes Korn, roh",C,342,13.09,63.27,2.34,7.94,1.114
C240200,Emmer Flocken,C,342,13.09,63.27,2.34,7.94,1.114
C241200,Einkorn Flocken,C,337,13.93,58.9,2.86,10.07,1.177
C241100,"Einkorn ganzes Korn, roh",C,337,13.93,58.9,2.86,10.07,1.177
C413000,Grünkern Vollkornmehl,C,321,10.4,59.18,2,12.16,2.484
C412000,Grünkern Vollkornschrot,C,329,11.07,59.18,2.68,12.16,2.484
C317000,Grünkern Grütze,C,329,11.07,59.18,2.68,12.16,2.484
C326000,Buchweizen Grieß,C,350,12.52,65.08,3.12,5.91,1.018
C433100,Braunhirse Mehl,C,337,11.1,55.81,3.74,17.71,0.7308
C534200,"Cerealien extrudiert, gesüßt, ungefüllt, mit Zimtgeschmack, angereichert mit Vitaminen und Mineralstoffen",C,424,8.36,73.36,9.38,5.14,23.41
E131100,Entenei roh,E,182,12.8,0.34,14.4,0,0.34
F112600,Apfelsaft angereichert mit Vitamin C,F,44,0.097,10.59,0,0.31,9.585
F310600,Traubensaft,F,68,0.21,16.35,0,0.31,15.35
F501600,Ananassaft,F,47,0.4,10.71,0.1,0.31,9.709
F212100,Sauerkirsche roh,F,69,0.9,13.75,0.5,1.1,12.75
F223100,Zwetschge roh,F,48,0.3,10.71,0.17,1.7,8.1
F211100,Süßkirsche roh,F,70,0.9,15.33,0.31,1.9,13.66
F310100,Weintraube roh,F,61,0.75,12.18,0.28,1.6,12.08
F225100,Reineclaude roh,F,61,0.84,13.4,0,2.25,10.8
F224100,Mirabelle roh,F,74,0.73,16.78,0.2,1.7,14.17
F305100,Stachelbeere roh,F,50,0.875,9.836,0.15,2.95,7.226
F601100,Zitrone roh,F,40,0.7,3.16,0.4,1.29,3.16
F605100,"Pampelmuse/Pomelo, roh",F,46,0.9,7.77,0.4,2.2,7.77
F607100,Clementine roh,F,48,0.85,9.19,0.15,1.7,9.19
F604100,Grapefruit roh,F,35,0.5,6.5,0.15,0.6,6.5
F606100,Mandarine roh,F,53,1,10.1,0.3,1.12,10.1
F522100,"Lulo/Naranjilla, roh",F,48,1,8.85,0.15,2.2,8.85
F840300,Korinthe (Weinbeere getrocknet),F,309,2.2,67.51,1,5.4,66.62
G109100,Zuckerhutsalat roh,G,13,1.25,0.83,0.2,1.22,0.83
G430100,Gemüsefenchel roh,G,27,1.4,3.43,0.2,3.3,2.97
G324100,Pak Choi roh,G,16,1.8,1,0.2,1.7,0.8
G680100,Rettich roh,G,21,1.05,2.97,0.15,1.2,1.981
G691100,Radieschen roh,G,18,1.05,2.31,0.14,1.5,2.133
G414100,"Gemüseartischocke/Kardone, roh",G,19,0.7,2.69,0.1,1.6,2.51
G492100,Bärlauch roh,G,26,1.9,2.934,0.19,2.18,2.89
G012902,"Kapern gesäuert, abgetropft",G,22,2.12,0,0.42,2.4,0
R211200,"Ingwer/Ingwerwurzel, roh",R,48,1.92,6.8,0.75,1.9,0.53
G693100,Wasabi roh,G,90,4.8,11.67,0.63,7.8,8.25
H731400,Lupinenmehl,H,327,37.72,6.6,8.8,35.1,6
H710400,Erbsenmehl,H,280,20.91,40.5,1.3,11.37,3.3
H720400,Kichererbsenmehl,H,322,20.04,39.6,5.8,15.4,2.411
H160600,Pekannuss geröstet ohne Fett,H,750,11.2,4.3,74.3,9.4,4.1
H190100,Macadamianuss,H,736,8.797,5.2,73,11.43,4.1
H220100,Mandel bitter,H,544,22.33,3.87,46.6,10,3.634
H210200,"Mandel süß, blanchiert",H,544,22.33,3.87,46.6,10,3.634
H210600,"Mandel süß, geröstet ohne Fett",H,550,22,3.87,46.6,13.7,3.634
H730000,Linse rot reif,H,334,25.6,48.8,2.17,8.5,1.2
H011000,Sojaproteinisolat,H,384,88.3,0,3.39,0,0
H841400,"Sojadrink ungesüßt, angereichert mit Vitaminen und Calcium",H,30,3.22,0.4,1.297,1.75,0.389
K706100,Butterpilz roh,K,31,2.548,3.27,0.36,4.48,0.53
K704100,Birkenpilz roh,K,46,4.7,3.27,0.62,6.49,0.53
K717100,Rotkappe roh,K,34,2.173,3.27,0.78,4.72,0.53
M0A1000,Mozzarella mind. 20 % Fett i. Tr.,M,158,19.91,0,8.5,0,0
M114100,"Milch entrahmt, höchstens 0,1 % Fett, laktosefrei, pasteurisiert",M,35,3.418,5.1,0.07,0,5.1
M113100,"H-Milch entrahmt, höchstens 0,5 % Fett, ultrahocherhitzt",M,35,3.51,4.676,0.208,0,4.676
M141100,"Joghurt aus entrahmter Milch, max. 0,5 % Fett",M,48,5.27,5.83,0.1,0,5.83
M130500,Sahnekefir mind. 10 % Fett,M,120,2.95,3.85,10,0,3.85
M130100,"Kefir aus entrahmter Milch, max. 0,5 % Fett",M,37,3.261,4.25,0.5,0,4.25
M130200,"Kefir fettarm, mind. 1,5 % bis max. 1,8 % Fett",M,46,3.228,4.22,1.5,0,4.22
M121200,"Dickmilch/Sauermilch, fettarm, mind. 1,5 % bis max. 1,8 % Fett",M,52,3.4,5.2,1.5,0,5.2
M1B2200,"Joghurt fettarm, mind. 1,5 % bis max. 1,8 % Fett, laktosefrei",M,63,5.035,6.31,1.6,0,6.04
M148200,"Joghurt fettarm, mind. 1,5 % bis max. 1,8 % Fett, mit Magermilchpulverzusatz",M,59,4.3,6.1,1.5,0,5.8
M121500,"Sahnedickmilch/Sahnesauermilch, mind. 10 % Fett",M,123,3.1,4.5,10,0,4.5
M148500,"Sahnejoghurt mind. 10 % Fett, mit Magermilchpulverzusatz",M,131,4,5.5,10,0,5.5
M172500,"Sauerrahm/Saure Sahne, mind. 10 % Fett",M,119,3.1,4.1,10,0,4.1
M162000,Sauermolke,M,22,0.68,4.2,0.09,0,4.2
M172900,"Sauerrahm/Creme fraiche, 40 % Fett",M,397,2.1,2,42,0,2
M172700,"Sauerrahm/Schmand, mind. 20 % Fett",M,206,2.8,3,20,0,3
M301700,Appenzeller mind. 50 % Fett i. Tr.,M,403,26.65,0.0004,32.5,0,0.0004
M305700,Greyerzer mind. 50 % Fett i. Tr.,M,399,26.9,0,32.1,0,0
M306400,Parmesan mind. 30 % Fett i. Tr.,M,391,35.6,0.056,27.43,0,0.056
M402400,Gouda mind. 30 % Fett i. Tr.,M,266,29.59,0,16,0,0
M403400,Tilsiter mind. 30 % Fett i. Tr.,M,273,28.7,0.049,17.2,0,0.049
M400400,Schnittkäse mind. 30 % Fett i. Tr.,M,266,27.88,0.049,16.8,0,0.049
M403500,Tilsiter mind. 40 % Fett i. Tr.,M,303,24.8,0,22.3,0,0
M402500,Gouda mind. 40 % Fett i. Tr.,M,313,24.7,0,23.4,0,0
M400500,Schnittkäse mind. 40 % Fett i. Tr.,M,317,25.86,0,23.4,0,0
M400700,Schnittkäse mind. 50 % Fett i. Tr.,M,375,24.8,0,30.3,0,0
M508600,Havarti mind. 45 % Fett i. Tr.,M,342,24,0.074,26.8,0,0.074
M400800,Schnittkäse mind. 60 % Fett i. Tr.,M,419,19,0,37.8,0,0
M404700,Wilstermarschkäse mind. 50 % Fett i. Tr.,M,362,21.62,0,30.3,0,0
M619700,Bel Paese mind. 50 % Fett i. Tr.,M,376,25.4,0.01,30.2,0,0
M500800,Schnittkäse halbfest mind. 60 % Fett i. Tr.,M,384,17,0.01,34.7,0,0
M512400,Steppenkäse mind. 30 % Fett i. Tr.,M,246,26.3,0.01,15.4,0,0
M500400,Schnittkäse halbfest mind. 30 % Fett i. Tr.,M,245,26.52,0.01,15.2,0,0
M512600,Steppenkäse mind. 45 % Fett i. Tr.,M,328,24.1,0.01,25.4,0,0
M500500,Schnittkäse halbfest mind. 40 % Fett i. Tr.,M,268,21.88,0.01,19.7,0,0
M500700,Schnittkäse halbfest mind. 50 % Fett i. Tr.,M,329,19.91,0.01,27.3,0,0
M600400,Weichkäse mind. 30 % Fett i. Tr.,M,214,23.02,0,13.5,0,0
M600300,Weichkäse mind. 20 % Fett i. Tr.,M,185,26.4,0.01,8.57,0,0
M713500,"Speisequark Fettstufe, 40 % Fett i. Tr.",M,159,10.87,2.6,11.4,0,2.6
M827700,"Frischkäsezubereitung mind. 50 % Fett i. Tr., mit Gemüse/Kräutern",M,190,9.3,3,15.3,0,3
M712500,Schichtkäse mind. 40 % Fett i. Tr.,M,160,10.8,3.2,11.3,0,3.2
M820200,"Frischkäsezubereitung Natur, mind. 10 % Fett i. Tr.",M,86,11.6,3,2.8,0,3
M820100,Frischkäsezubereitung Natur < 10 % Fett i. Tr.,M,64,11.9,3,0.2,0,3
M820600,"Frischkäsezubereitung Natur, mind. 45 % Fett i. Tr.",M,173,12.2,3.34,12,0,3.34
M820500,"Frischkäsezubereitung Natur, mind. 40 % Fett i. Tr.",M,165,12.4,3.39,11,0,3.39
M827300,"Frischkäsezubereitung mind. 20 % Fett i. Tr., mit Gemüse/Kräutern",M,137,13.2,3.6,7.5,0,3.6
M780300,Kochkäse mind. 20 % Fett i. Tr.,M,124,13.8,3.8,5.6,0,3.8
M780500,Kochkäse mind. 40 % Fett i. Tr.,M,156,12.8,1.7,10.5,0,1.7
M810400,Schmelzkäsezubereitung mind. 30 % Fett i. Tr.,M,219,15,7.4,14,0,7.4
M827100,"Frischkäsezubereitung < 10 % Fett i. Tr., mit Gemüse/Kräutern",M,84,16.46,3.4,0.2,0,3.4
N310300,Orangenlimonade,N,33,0,8.35,0,0,8.35
N330000,Colagetränk koffeinhaltig,N,41,0,10.3,0,0,10.3
N120000,Natürliches Mineralwasser,N,0,0,0,0,0,0
N323000,Brause,N,37,0,9,0,0,9
N311000,Limonade mit Süßungsmitteln,N,1,0,0.1,0,0,0.1
N321000,Brause mit Zucker und Süßungsmitteln,N,15,0,3.5,0,0,3.5
N316000,Limonade mit Gewürzauszügen und Süßungsmitteln,N,2,0,0,0,0,0
N710000,Früchtetee (Getränk),N,0,0,0,0,0,0
N721000,Pfefferminztee (Getränk),N,0,0,0,0,0,0
P163110,"Pilsner Bier, 0,0 % vol",P,19,0.413,4.4,0,0,2.3
P166000,Export dunkel,P,27,0.4,0.172,0,0,0.172
P273100,Rotling trocken,P,64,0.1,0.7,0,0,0.7
P341600,Wermutwein süß,P,140,0.1,14.6,0,0,14.6
P432000,Madeirawein,P,153,0.1,11.9,0,0,11.9
P464000,Sherry sweet,P,211,0.1,36.7,0,0,36.7
P530000,Fruchtaromalikör,P,294,0.1,31.8,0,0,31.8
P510000,Fruchtsaftlikör,P,235,0.1,31.8,0,0,31.8
P461000,Sherry dry,P,101,0.1,0.08,0,0,0.05
P463000,Sherry cream,P,141,0.1,13.4,0,0,13.4
Q330000,Traubenkernöl,Q,900,0,0,100,0,0
Q340000,Distelöl/Safloröl,Q,900,0,0,100,0,0
Q160000,Leinöl,Q,900,0,0,100,0,0
Q170000,Hanföl,Q,900,0,0,100,0,0
Q230000,Sesamöl,Q,900,0,0,100,0,0
Q220000,Weizenkeimöl,Q,900,0,0,100,0,0
Q350000,Mohnöl,Q,900,0,0,100,0,0
Q940000,"Bratöl/Frittieröl, pflanzlich",Q,900,0,0,100,0,0
Q150000,"Palmfett/Palmöl, raffiniert",Q,900,0,0,100,0,0
Q150100,Palmfett gehärtet,Q,900,0,0,100,0,0
Q530000,Kakaobutter,Q,900,0,0,100,0,0
Q520000,Sheabutter,Q,900,0,0,100,0,0
Q550200,Kokosfett gehärtet,Q,900,0,0,100,0,0
Q550100,Kokosöl desodoriert,Q,900,0,0,100,0,0
Q810000,Entenfett,Q,900,0,0,100,0,0
Q820000,Gänsefett/Gänseschmalz,Q,900,0,0,100,0,0
R122000,Branntweinessig,R,25,0,0,0,0,0
R125000,Balsamicoessig,R,95,0,20.04,0,0,20.04
R160000,Tomatenmark,R,81,3.4,13.2,0.2,4.7,12.9
R381200,Zitronat/Sukkade,R,259,0,62.9,0,3.3,62.9
S151100,Ahornsirup,S,240,0.04,59.9,0.06,,59.9
S353000,Fondant mit Pfefferminzgeschmack,S,339,0.7,77,3.1,0,76
S355000,Fondantkonfekt,S,339,0.7,77,3.1,0,76
S356000,Fondantcreme,S,351,0.7,80,3.1,0,79
S740000,Trinkschokoladenpulver,S,370,7.97,68.13,5.87,6.57,64.95
S723000,Getränkepulver kakaohaltig,S,377,5.2,80.39,2.36,6.57,78.42
S672000,Schokoladen-Dekor,S,520,5.49,57.5,28.36,6.57,55.35
S610000,Pralinen,S,555,6.34,52.01,35.13,2.52,51.38
S622900,Sahnepralinen,S,567,7,51.92,36.02,3.38,51.05
S560000,Zartbitter-/Halbbitterschokolade,S,534,6.62,49.6,32.26,9.27,46.9
S331000,Toffee/Sahnetoffee,S,500,2,75.1,15.9,0.56,51.3
T121902,"Thunfisch im eigenen Saft, Konserve, abgetropft",T,95,22.87,0,0.41,0,0
T124100,Gelbflossen-Thun roh,T,102,24.4,0,0.49,0,0
T122100,Weißer Thun roh,T,121,27.2,0,1.37,0,0
T120100,Pelamide roh,T,139,22.4,0,5.52,0,0
T121200,Thunfisch tiefgefroren,T,107,25.2,0,0.7,0,0
T201100,"Brosme/Lumb, roh",T,74,17.3,0,0.55,0,0
T206600,Schellfisch geräuchert,T,93,22.1,0,0.47,0,0
T213200,"Alaska-Pollack/Alaska-Seelachs, tiefgefroren",T,72,16.4,0,0.7,0,0
T412100,Buckellachs roh,T,124,21,0,4.4,0,0
T417100,Wildlachs roh,T,180,19.9,0,11.2,0,0
T422112,"Forelle/Regenbogenforellen-Filet mit Haut, roh",T,136,18.96,0,6.47,0,0
T406100,"Felchen/Maräne/Renke/Schnäpel, roh",T,113,20.62,0,3.21,0,0
T424100,Meerforelle roh,T,108,18.4,0,3.61,0,0
T422200,Forelle tiefgefroren,T,129,19.9,0,5.3,0,0
V272100,"Rentier Fleisch, roh",V,106,22.6,0,1.7,0,0
U104100,"Rind Fleisch, vom Knochen, roh",U,105,22,0,1.9,0,0
U205300,"Rind Knochenmark, roh",U,852,1.5,0,94,0,0
U405000,"Kalb Fettgewebe, subkutan roh",U,852,1.5,0,94,0,0
U461100,"Kalb Bug/Schulter, roh",U,94,21.2,0,1.01,0,0
U151100,Rind Gulasch (Bug) roh,U,128,20.2,0,5.3,0,0
U231100,"Rind Hals/Kamm/Nacken, roh",U,149,19.25,0,8.05,0,0
U171100,Rind Bratenfleisch (Bug) roh,U,128,20.2,0,5.3,0,0
U184100,Rind Kochfleisch (Bug) roh,U,128,20.2,0,5.3,0,0
U271100,"Rind Vorderhesse, roh",U,128,20.2,0,5.3,0,0
U185100,Rind Kochfleisch (Hüfte) roh,U,110,22.1,0,2.35,0,0
U211100,"Rind Filet/Lende, roh",U,121,21.2,0,4,0,0
U163100,Rind Roulade (Oberschale) roh,U,124,20.86,0,4.527,0,0
U202000,"Rind Fleisch, fett- und sehnenfrei (R I) roh",U,124,20.86,0,4.527,0,0
U207000,"Rind Bindegewebe, roh",U,140,21.4,0,6,0,0
U109100,"Rind Ochsenschwanz, roh",U,188,21,0,11.5,0,0
U486100,"Kalb Unterschale/Schwanzstück, roh",U,89,20.7,0,0.72,0,0
U362100,Kalb Roulade (Keule) roh,U,89,20.7,0,0.72,0,0
U342100,Kalb Schnitzel (Keule) roh,U,89,20.7,0,0.72,0,0
U485100,"Kalb Kugel/Nuss, roh",U,89,20.7,0,0.72,0,0
U504100,"Schwein Fleisch, vom Knochen, roh",U,105,22,0,1.86,0,0
U721100,"Schaf Kotelett, roh",U,348,14.9,0,32,0,0
U806000,"Hammel Muskelfleisch, roh",U,112,20.4,0,3.41,0,0
U807000,"Lamm Muskelfleisch, roh",U,116,20.8,0,3.7,0,0
V464100,"Ente Fleisch, mit Haut, roh",V,227,18.1,0,17.2,0,0
V335100,"Wildente Schenkel, mit Haut, roh",V,206,17.4,0,15.2,0,0
V4A6100,"Hähnchen Brust, ohne Haut, roh",V,109,21.81,0,2.42,0,0
V486100,"Pute Brust, ohne Haut, roh",V,105,24.1,0,0.99,0,0
V487100,"Pute Flügel, mit Haut, roh",V,192,20.2,0,12.3,0,0
V4A5100,"Hähnchen Oberschenkel, mit Haut, roh",V,212,17.17,0,15.96,0,0
V4B5100,"Hähnchen Unterschenkel, mit Haut, roh",V,151,18.55,0,8.58,0,0
V435100,"Suppenhuhn Schenkel, mit Haut, roh",V,257,18.5,0,20.3,0,0
V488100,"Pute Innereien, roh",V,154,17.9,0,9.21,0,0
V468100,"Ente Innereien, roh",V,154,17.9,0,9.21,0,0
V478100,"Gans Innereien, roh",V,154,17.9,0,9.21,0,0
V454100,"Perlhuhn Fleisch, mit Haut, roh",V,152,23.4,0,6.45,0,0
V471100,"Gans Fleisch, ohne Haut, roh",V,155,22.8,0,7.13,0,0
V402100,"Baby-Pute Fleisch, mit Haut, roh",V,151,22.4,0,6.79,0,0
V485100,"Pute Keule, ohne Haut, roh",V,114,20.5,0,3.61,0,0
V494100,"Taube Fleisch, mit Haut, roh",V,169,20.9,0,9.5,0,0
V516100,"Hammel Herz, roh",V,128,16.8,0,6.8,0,0
V514100,"Schaf Herz, roh",V,117,16.5,0,5.68,0,0
V511100,"Rind Herz, roh",V,121,16.8,0,6,0,0
V534100,"Schaf Leber, roh",V,131,20.4,1,5.02,0,0
V536100,"Hammel Leber, roh",V,132,21.2,3,3.95,0,0
V552100,"Kalb Magen/Gekröse, roh",V,134,14.8,0,8.3,0,0
V562100,"Kalb Milz, roh",V,100,18.2,0,3,0,0
V572100,"Kalb Niere, roh",V,124,16.7,0,6.37,0,0
V582100,"Kalb Bries, roh",V,99,17.2,0,3.4,0,0
V591100,"Rind Zunge, roh",V,207,16,0,15.9,0,0
V594100,"Schaf Zunge, roh",V,218,15.7,0,17.2,0,0
V596100,"Hammel Zunge, roh",V,187,13.5,0,14.8,0,0
W140000,Salami,W,374,23.54,0,30.9,0,0
W870200,"Mortadella/Schinkenwurst fein zerkleinert, Konserve",W,264,13.5,0.25,23,0,0.24
W870600,Fleischwurst Konserve,W,306,12.11,0.25,28.3,0,0.24
W880200,Kalbsleberwurst Konserve,W,351,13.55,1.933,32,0,1.915
W440000,"Schwein Kochschinken, Kochpökelware, Konserve (Dosenschinken)",W,184,20.2,0.74,10.7,0,0.74
C123000,Roggen Flocken,C,293,9,53.84,1.7,13.3,1.424
C221100,Roggen Vollkornschrot,C,310,8.43,56.47,1.35,19.1,1.424
F311100,"Weintraube rot, roh",F,80,0.6,17.5,0.1,1.3,17.5
F504100,Dattel roh,F,140,1.5,31.6,0.1,1.6,31.5
F312100,"Weintraube weiß, roh",F,72,0.7,15.54,0.2,0.6,15.54
F317600,Traubensaft angereichert mit Eisen,F,68,0.21,16.35,0,0.31,15.35
F501100,Ananas roh,F,46,0.5,9.4,0.1,1.4,9.4
F602100,Limette roh,F,28,0.5,1.9,0.2,1.29,1.9
F613100,Kumquat roh,F,51,0.65,10.1,0.3,1.12,10.1
F609100,Tangerine roh,F,53,1,10.1,0.3,1.12,10.1
F608100,Satsuma roh,F,50,0.8,9.6,0.3,1.12,9.6
H212800,Mandelmus,H,559,25.3,4.51,46.6,10.3,4.43
M1A3100,"H-Milch entrahmt, höchstens 0,5 % Fett, laktosefrei, ultrahocherhitzt",M,36,3.51,4.97,0.208,0,4.97
M1B1100,"Joghurt aus entrahmter Milch, max. 0,5 % Fett, laktosefrei",M,49,5.27,6.13,0.1,0,6.13
M148100,"Joghurt aus entrahmter Milch, max. 0,5 % Fett, mit Magermilchpulverzusatz",M,46,4.3,6.2,0.1,0,6.2
M121100,"Dickmilch/Sauermilch, entrahmt, max. 0,5 % Fett",M,37,3.2,5.2,0.1,0,5.2
M7A6800,Mascarpone mind. 80 % Fett i. Tr.,M,395,4.5,3.38,40.33,0,3.38
M301300,Appenzeller mind. 20 % Fett i. Tr.,M,242,33.8,0.0004,11.4,0,0.0004
M300700,Hartkäse mind. 50 % Fett i. Tr.,M,399,26.9,0,32.1,0,0
M300400,Hartkäse mind. 30 % Fett i. Tr.,M,391,35.6,0.056,27.43,0,0.056
M827500,"Frischkäsezubereitung mind. 40 % Fett i. Tr., mit Gemüse/Kräutern",M,146,9.7,3.2,10.2,0,3.2
M741600,"Ricotta, Molkeneiweißkäse, mind. 45 % Fett i. Tr.",M,159,8.58,3.43,12.3,0,3.43
M771300,"Schmelzkäse schnittfest, mind. 20 % Fett i. Tr.",M,217,24.5,3.1,11.5,0,3.1
M780200,Kochkäse mind. 10 % Fett i. Tr.,M,104,14.7,3.9,3,0,3.9
N331000,"Colagetränk koffeinhaltig, mit Süßungsmitteln",N,0,0,0,0,0,0
N340000,Colagetränk koffeinfrei,N,41,0,10.3,0,0,10.3
P550000,"Kaffeelikör/Kakaolikör, klar",P,335,0.1,46,0.4,0,46
P560000,Bitterlikör/Kräuterlikör/Gewürzlikör,P,282,0.1,28.78,0,0,28.75
Q4A4000,"Sonnenblumenmargarine Vollfett, angereichert mit Vitamin D",Q,720,0.17,0,79.94,0,0
Q4A1000,"Pflanzenmargarine Dreiviertelfett, angereichert mit Vitaminen",Q,541,0.06,0,60.13,0,0
Q4C2000,"Pflanzliches Streichfett mit > 41 % und < 60 % Fett, angereichert mit Vitaminen",Q,405,0.03,0,44.94,0,0
Q4C4000,"Rapsölmargarine Vollfett, angereichert mit Vitaminen",Q,725,0.04,0,80.48,0,0
Q4C5000,"Mischfett mit überwiegend Pflanzenfett, ungesalzen, angereichert mit Vitaminen",Q,499,0.39,1.24,54.66,0,0.513
Q400000,"Pflanzenmargarine Vollfett, angereichert mit Vitaminen",Q,718,0.11,0.1636,79.6,0,0.1636
Q440000,"Pflanzenmargarine Halbfett, angereichert mit Vitaminen",Q,371,0.26,3.14,39.66,0,0.3609
Q4C1000,"Pflanzliches Streichfett mit > 62 - < 80 % Fett, angereichert mit Vitaminen",Q,628,0.12,0.3466,69.57,0,0.3466
Q4C3000,"Pflanzliches Streichfett mit < 39 % Fett, angereichert mit Vitaminen",Q,286,0.75,2.68,30.18,0,0.305
Q482000,Ziehmargarine,Q,718,0,0,79.8,0,0
Q481000,Backmargarine,Q,717,0,0,79.7,0,0
Q570000,Palmkernfett/Palmkernöl,Q,900,0,0,100,0,0
S330000,Weichkaramelle,S,500,2,75.1,15.9,0.56,51.3
S671000,Zartbitter-/Halbbitter-Kuvertüre,S,534,6.62,49.6,32.26,9.27,46.9
T118100,"Schildmakrele/Stöcker, roh",T,119,19.75,0,4.46,0,0
T200100,Grenadier roh,T,76,17.5,0,0.7,0,0
T403100,Bachsaibling roh,T,109,21.2,0,2.73,0,0
U216100,Rind Filetsteak roh,U,121,21.2,0,4,0,0
U333100,"Kalb Filetsteak, roh",U,121,21.2,0,4,0,0
U070100,"Rind Tatar/Schabefleisch, roh",U,115,22,0,3,0,0
U411100,"Kalb Filet/Lende, roh",U,101,21.2,0,1.82,0,0
U221100,Rind Roastbeef (Rücken) roh,U,130,22.45,0,4.45,0,0
U432100,"Kalb Hals/Nacken/Kamm, roh",U,109,21.2,0,2.66,0,0
U351100,Kalb Gulasch (Bug) roh,U,94,21.2,0,1.01,0,0
U371100,Kalb Bratenfleisch (Bug) roh,U,94,21.2,0,1.01,0,0
V212100,"Hirsch Fleisch, roh",V,112,20.6,0,3.34,0,0
V311100,"Fasan Fleisch, mit Haut, roh",V,154,23.75,0,6.55,0,0
V463000,"Ente Fleisch, ohne Haut, roh",V,122,19,0,5.1,0,0
V474100,"Gans Fleisch, mit Haut, roh",V,342,15.7,0,31,0,0
V481000,"Pute Fleisch, ohne Haut, roh",V,102,20.5,0,2.2,0,0
W561000,"Putenbrust, Kochpökelware, geräuchert",W,107,23.02,0,1.63,0,0
V465100,"Ente Schenkel, mit Haut, roh",V,212,17.17,0,15.96,0,0
V475100,"Gans Schenkel, mit Haut, roh",V,231,17.17,0,18.07,0,0
V512100,"Kalb Herz, roh",V,109,15.9,0,5.06,0,0
V592100,"Kalb Zunge, roh",V,172,16.9,0,11.6,0,0
M400300,Schnittkäse mind. 20 % Fett i. Tr.,M,242,33.8,0.0004,11.4,0,0.0004
M810300,Schmelzkäsezubereitung mind. 20 % Fett i. Tr.,M,191,17,7.6,10,0,7.6
M827400,"Frischkäsezubereitung mind. 30 % Fett i. Tr., mit Gemüse/Kräutern",M,140,11,3,9,0,3
N352000,"Colagetränk koffeinfrei, mit Süßungsmitteln",N,0,0,0,0,0,0
P540100,Mandellikör,P,335,0.1,46,0.4,0,46
T612100,Schwertfisch roh,T,106,19.4,0,3.11,0,0
U235100,"Rind Hochrippe, roh",U,155,20.55,0,8.05,0,0
U131100,Rind Steak (Rücken) roh,U,130,22.45,0,4.45,0,0
U175100,"Rind Rostbraten, roh",U,130,22.45,0,4.45,0,0
U121100,Rind Kotelett (Rücken) roh,U,130,22.45,0,4.45,0,0
U421100,"Kalb Rücken, roh",U,107,20.9,0,2.62,0,0
V217100,"Hirsch Rücken, roh",V,112,20.6,0,3.34,0,0
V112100,"Pferd Fleisch, roh",V,108,20.6,0.4,2.67,0,0
V221100,"Reh Keule, roh",V,97,21.4,0,1.25,0,0
V222100,"Reh Rücken, roh",V,122,22.4,0,3.55,0,0
V354100,"Wachtel Fleisch, ohne Haut, roh",V,128,21.8,0,4.53,0,0
M500300,Schnittkäse halbfest mind. 20 % Fett i. Tr.,M,242,33.82,0.0004,11.4,0,0.0004
U255100,"Rind Brustkern/Mittelbrust, roh",U,200,18.59,0,13.99,0,0
U401000,"Kalb Muskelfleisch, roh",U,92,21.3,0,0.81,0,0
U331100,Kalb Steak (Rücken) roh,U,107,20.9,0,2.62,0,0
U323100,Kalb Kotelett (Rücken) roh,U,107,20.9,0,2.62,0,0
U382100,Kalb Kochfleisch (Brust) roh,U,200,18.59,0,13.99,0,0
U452100,"Kalb Brust, roh",U,201,18.4,0,14.2,0,0
U304100,"Kalb Fleisch, vom Knochen, roh",U,92,21.3,0,0.81,0,0
Y817142,Rahmnockerln gebraten,Y,193,6.7,13.6,12.3,0.48,7.1
X556233,Tomaten gebacken provenzalische Art,X,96,1,3.83,7.95,2,3.83
D0A1000,Buchweizen-Wasserbiskuitboden,D,305,10.63,53.4,4.93,2.3,26.11
X700242,"Eier-Frischteigwaren mit Grieß, grün, selbstgemacht, roh",X,236,10.66,39.1,3.4,3.1,0.55
Q590000,"Käsealternative, Basis Pflanzenfett, vegan",Q,293,0.156,21.17,23.04,0.252,0
X573612,Weiße Rüben gedünstet (mit Fett und Salz),X,68,0.81,4.75,4.5,2.3,4.16
S241500,"Speiseeis Vanille, überzogen mit Schokolade",S,292,3.67,31.75,16.3,1.2,28.21
U693172,"Schwein Hintereisbein/Hinterhaxe, gegrillt",U,282,26.1,0,19.73,0,0
V551132,"Rind Magen/Kutteln, gekocht",V,97,17.4,0,3.04,0,0
D4A2000,Brownies,D,489,7.26,38.7,32.84,4.89,30.7
B8B1000,Mehrkornknusperbrot angereichert mit Vitaminen und Spurenelementen,B,353,10.7,66.4,2.3,12,3.1
V465162,"Ente Schenkel, mit Haut, gebraten ohne Fett (Ofen)",V,194,26.02,0,9.98,0,0
B107900,Vollkornbrot mit Quark,B,213,7.92,38,1.02,10.04,1.05
T207132,"Köhler/Seelachs, pochiert",T,100,19.32,0,2.549,0,0
X929012,"Vollkornpfannkuchen/Vollkorneierkuchen, ungesüßt, mit Milch 3,5 % Fett, gebraten",X,231,8.98,17.04,13.4,2.87,2.74
B6A5200,Dinkelvollkornknäckebrot mit Ölsamen und Hartkäse,B,424,17.8,43,18.1,8.91,1.2
Y996140,Vanillecremeeis,Y,176,4.3,18.5,9.42,0.005,17.98
C514300,"Knuspermüslimischung, klassisch, gesüßt, angereichert mit Vitaminen und Mineralstoffen",C,421,9,56.4,15.95,7.7,19.2
V419000,"Hähnchen Flügel, mit Haut, mariniert, roh",V,211,16.56,1.66,15.26,0.1,1.61
X559312,Kürbis gedünstet (mit Fett und Salz),X,56,1.34,4.97,3.2,0.74,4.31
X655032,Kartoffelpuffer/Reibekuchen (mit saurer Sahne und Grieß) gebraten,X,185,3.6,21.6,8.9,1.8,1.5
X537063,Rotkohl mit Apfel gedünstet ,X,62,1.01,4.9,3.74,1.9,4.62
T603200,Zander tiefgefroren,T,86,20,0,0.66,0,0
D1A1200,Rhabarber-Streuselkuchen (Hefeteig),D,169,3.52,23,6,3.31,7.48
T502400,"Blei/Brachsen/Brasse, gesalzen",T,110,18.58,0,3.91,0,0
B551200,Weizenmischbrötchen mit Mohn,B,291,9,53,3.3,6.25,1.7
M246000,"Joghurt mind. 3,5 % Fett, mit Schokoladenzubereitung, gesüßt",M,117,3.46,14.91,4.475,0.14,14.59
U771162,"Schaf Bratenfleisch (Bug, mager) gebraten ohne Fett (Ofen)",U,176,26.7,0,7.73,0,0
X2A3000,"Fruchtmischung (Apfel, Banane, Mandarine) ungesüßt",X,64,0.729,12.7,0.5,2.1,11.37
X539063,Wirsing gedünstet (mit Fett und Salz),X,70,2.28,3.7,4.6,2.3,3.2
B6A2100,Roggenvollkornknäckebrot,B,327,9.44,59.32,1.39,19.91,1.905
W641100,Rind Pökelfleisch (Brust) geräuchert,W,191,17.66,0.25,13.29,0,0.25
X987812,"Hafer Grütze, gekocht (mit Fett und Salz)",X,71,2.8,9.2,2.18,1.857,0.128
V438142,"Suppenhuhn Innereien, geschmort ohne Fett",V,244,30.9,0,13.4,0,0
B6A4000,Mehrkornvollkornknäckebrot,B,339,10.6,60,2.4,17.4,1.9
B6A2300,Roggenvollkornknäckebrot mit Milch,B,327,9.69,59.18,1.38,19.68,2.407
D465300,Thüringer Obstkuchen (Hefeteig),D,165,7.1,22,4.9,1.8,10.1
M2A2100,"Milchmischgetränk < 1 % Fett, probiotisch, aromatisiert, mit Zucker und Süßungsmitteln, angereichert mit Vitaminen",M,28,3.473,3.2,0.071,0.003,3
V591800,"Rind Zunge, Kochpökelware",V,175,15.58,0.498,12.26,0,0.498
X699312,Süßkartoffeln gedünstet (mit Fett und Salz),X,124,1.44,21.3,3.1,2.68,4.6
B8A7000,"Sauerteigbrot mit Sonnenblumenkernen, glutenfrei",B,231,7.9,30.9,7.6,3.8,1.3
D4A8100,Kokoskuchen (Rührmasse),D,444,7.33,37.8,28.64,3.11,22.8
X644013,Kartoffelgratin ohne Käse,X,117,2.4,15,5.03,1.17,1.8
B106000,Vollkornbrot mit Ölsamen,B,229,8.1,37,3.17,10.19,0.868
U884000,"Schaf Keule, mager, mariniert, roh",U,120,20.9,0.34,3.88,0.2,0.34
B526300,Roggenbrötchen mit Sesam,B,275,8.42,48,3.55,8.8,0.823
U857162,"Lamm Brust, gebraten ohne Fett (Ofen)",U,336,21.51,0,27.78,0,0
X530143,Bayerisches Kraut gedünstet,X,58,1.009,3.84,3.712,2.2,3.74
B517700,Weizenbrötchen mit Quark,B,298,10.2,56,2.68,4.15,2.1
V4A5162,"Hähnchen Oberschenkel, mit Haut, gebraten ohne Fett (Ofen)",V,256,24.88,0,17.35,0,0
X4A8060,Misosuppe,X,11,0.6,0.85,0.4,0.6,0.43
X459033,Bouillabaisse,X,44,8,1.1,0.7,0.4,1.1
G311182,Blumenkohl gebraten ohne Fett (Pfanne),G,71,4.848,10.65,0.56,5.8,4.32
D4A7000,Käse-Schinken-Hörnchen (Quark-Öl-Teig),D,305,14.45,28.3,14.25,2.14,1.36
S358300,Vanillefondant,S,390,0.011,85.3,4.602,0.025,79.5
G554182,"Pfefferschote rot, gebraten ohne Fett (Pfanne)",G,68,3.17,10.49,0.75,2.5,10.49
D130100,Apfelkuchen (Sandmasse),D,244,3.1,29.1,12.42,1.87,18.1
D710500,Anisplätzchen (Biskuitmasse),D,350,8,71.82,2.87,2.21,41.98
X9A2010,"Hirsebrei ungesüßt, mit Milch 3,5 % Fett",X,134,6,17.82,4.18,0.67,4.2
C416000,Mehlmischung für Kuchen glutenfrei,C,347,1.8,82.9,0.5,1.9,0.2
Y640312,Lachssteaks gebraten,Y,224,23.4,0,14.48,0,0
D1A1300,Zwetschgen-Streuselkuchen (Hefeteig),D,192,3.34,30,6.02,2.3,11.96
D483400,Apfelstrudel (Mürbeteig),D,289,4.6,29.8,16.1,2.8,13.4
E609132,"Eierteigwaren Tortelloni (Ricotta-Spinat-Füllung) getrocknet, gekocht",E,106,4.142,17.86,1.776,0.787,1.069
B526000,Roggenbrötchen mit Ölsamen,B,281,9.1,45,5.17,8.83,0.86
X988012,Buchweizen gekocht (mit Fett und Salz),X,102,3.33,15.8,2.51,1.41,0.2683
D701800,Springerle,D,392,7.84,83.67,2.36,2.56,49.21
D0A2000,Mandelbiskuitboden,D,307,11.98,41.49,9.95,1.9,28.28
Y993240,Schokoladensahneeis,Y,322,3.9,18.4,25.59,1.07,18
U642800,Schwein Bauch (wie gewachsen) Rohpökelware,U,294,16.69,0.47,25.08,0,0.47
S580200,"Schokolade weiß, mit Kaffee",S,546,6.4,55.8,32.8,1,55.65
Y880763,Quarkkrapfen frittiert,Y,340,7,39.4,16.3,2.5,17.9
D6A3000,Braune Lebkuchen unglasiert,D,332,7,47.5,12.1,2.5,20.8
B277700,Roggenmischbrot mit Quark,B,223,7.31,43,0.76,7.19,0.94
X469313,"Spanisch Fricco (Kartoffel-Eintopf mit Schweinefleisch, Naturjoghurt und saurer Sahne)",X,173,7.13,10,11.3,0.8,2.3
T091400,Heringsrogen gesalzen,T,147,28.82,0,3.569,0,0
D1A3000,Apfelkuchen (Quark-Öl-Teig),D,177,3.4,25.2,6.34,2.4,10.6
D710800,Schokoladen-Haselnuss-Cookies,D,505,7.8,54.7,27.39,4.1,33
F503400,Banane getrocknet,F,290,4.89,58.9,1.5,7.4,51.49
B881100,Eiweißbrot/Proteinbrot,B,226,23.4,11,8.2,6.5,3.9
M200300,"Milchmischgetränk 3,5 % Fett, aromatisiert, gesüßt",M,78,3.38,8.5,3.33,0.002,8.29
Y720163,Rührei gebraten in Butter,Y,172,13.31,0.42,12.99,0.1,0.41
G263132,Sauerampfer gekocht,G,35,4.557,1.656,0.514,2.91,1.032
X530353,Sauerkraut gedünstet,X,29,0.76,1.68,1.05,2.6,1.53
G211152,Spinat gedünstet,G,22,2.49,1.12,0.361,2.2,0.9
Y352212,Schweinebraten ohne Sauce,Y,264,27.24,0,17.24,0.11,0
X570363,Erbsenpüree von grünen Erbsen,X,121,4.7,9.8,5.795,4.9,5.6
C522700,"Getreideflakes gesüßt, mit Schokolade, angereichert mit Vitaminen und Mineralstoffen",C,376,8.1,69.3,5.8,7,21.8
F302600,Himbeersaft,F,35,0.9,5.53,0.24,0.5,5.53
V533182,"Schwein Leber, gebraten ohne Fett (Pfanne)",V,147,23.15,1.163,5.55,0,0
B6A3200,Roggenvollkornknäckebrot mit Sonnenblumenkernen,B,367,12.21,49.8,9.39,17.42,2.168
C522100,"Getreideflakes gesüßt, angereichert mit Vitaminen und Mineralstoffen",C,348,9.7,70.2,1.6,7,12.1
U541172,Schwein Schnitzel (Oberschale) gegrillt,U,137,28.8,0,2.388,0,0
B511100,Weizenbrötchen mit Kümmel und Salz,B,291,9.3,55,2.69,4.19,1.9
W423000,"Schwein Kochschinken, Kochpökelware, geräuchert",W,106,19.24,0.465,3.04,0,0.465
U693700,"Schwein Hintereisbein/Hinterhaxe, Kochpökelware, geräuchert",U,163,16.35,0.437,10.63,0,0.437
D0A3000,Nussbiskuitboden,D,319,11.42,41.5,11.5,1.7,28.3
D652300,Pfeffernüsse,D,397,8.85,78.6,4.48,3.6,39.2
B6A1500,"Weizenvollkornknäckebrot mit Ölsamen, Hartkäse und Möhre",B,417,16.1,48,15.3,11.1,3.8
X341040,Mayonnaise mit Essig,X,719,2,0.41,78.57,0.1,0.41
D657100,Kathrinchen (Honigteigplätzchen),D,401,7.14,71.43,8.91,2.96,31.25
G486132,Frühlingszwiebel/Lauchzwiebel (ohne Laub) gekocht,G,37,1,6.91,0.173,1.7,6.91
W217000,Knacker einfach/Schüblinge einfach/Servela einfach,W,210,12.2,0.08,17.86,0.04,0
C558000,Fleischersatz glutenhaltig (Seitan),C,199,28.4,4,7.2,2.1,0.475
Y273032,"Kalbsleber mehliert, gebraten",Y,141,19.22,9.2,2.94,0.28,0.0162
B591000,Mehrkornbrötchen,B,302,9.8,50,5.44,6.64,1.8
B8A2000,Brötchen glutenfrei,B,303,4.4,61,4.2,1.6,2.3
X572712,Grünkohl gedünstet (mit Fett und Salz),X,77,3.02,3.7,4.29,5.7,1.95
D4A8400,Möhren-Nuss-Kuchen (Rührmasse),D,360,7.35,36,20.04,2.8,16.42
D431900,Ottilienkuchen (Rührmasse),D,456,7.1,45.1,26.98,2.4,28.7
E151132,Putenei gekocht,E,163,13.7,0.34,11.9,0,0.34
G345152,"Sauerkraut abgetropft, gedünstet",G,22,1.114,0.98,0.307,2.119,0.763
U711162,"Schaf Filetmedaillon, gebraten ohne Fett (Ofen)",U,146,29.26,0,3.21,0,0
B881200,Eiweißbrötchen/Proteinbrötchen,B,328,33.9,16,11.9,9.4,5.7
V522132,"Kalb Hirn, gekocht",V,103,10.69,0,6.706,0,0
U532072,"Schwein Kammsteak, mariniert, gegrillt",U,312,27.29,0.19,22.4,0.3,0.18
B111400,Weizenvollkornbrot mit Nüssen,B,242,8.8,38,4.29,7.7,1.1
D430400,Napfkuchen mit Sultaninen und Zitronat (Rührmasse),D,402,7.1,52,17.6,3.1,27.4
X3A4010,Roquefortsauce,X,430,12.44,1.876,41.23,0,1.876
B531000,Haferbrötchen,B,302,10.5,52,4.47,5.18,2.3
U281200,"Rind Keule, tiefgefroren",U,148,21,0,7.1,0,0
D1A3100,Zwetschgenkuchen (Quark-Öl-Teig),D,180,3.36,26.4,6.37,2.1,11.03
U687032,Schwein Oberschale (ohne Deckel) gekocht,U,145,30.01,0,2.73,0,0
M2M2400,"Sahnejoghurt mind. 10 % Fett, mit Schokoladenzubereitung, gesüßt",M,151,2.9,14.3,8.87,0.08,13.8
D088000,Wiener Tortenboden kakaohaltig (dunkel),D,362,8.99,44,16.29,1.97,26.85
X574112,Sojasprossen gedünstet (mit Fett und Salz),X,86,6.38,0.3,6.04,2.41,0.3
U622700,"Schwein Kotelett (Rücken/cranial) Kochpökelware, geräuchert",U,131,17.07,0.437,6.82,0,0.437
X3A9010,Joghurt-Dip,X,93,3.64,4,6.6,0,4
D462700,Mandelkuchen (Hefeteig),D,429,10.07,44,22.77,4.1,17.11
D623500,Käsewaffeln salzig (Rührmasse),D,481,10.7,27.5,35.96,2,0.472
S352000,Fondantkonfekt mit Zartbitterschokolade überzogen,S,361,1.3,75,6,0.93,73
M8A6000,"Speisequarkzubereitung mind. 30 % Fett i. Tr., mit Kräutern",M,119,8.35,3.32,7.78,0.1,3.3
M837500,"Speisequarkzubereitung mind. 40 % Fett i. Tr., mit Kräutern",M,137,8.53,3.52,9.66,0.1,3.5
D483200,Haselnusszopf (Mürbeteig),D,431,8.47,41.2,25.17,2.9,20.89
U990100,"Bratensoße dunkel, Konserve",U,43,1.32,5.7,1.56,0.5,1.23
T204132,"Dorsch/Kabeljau, pochiert",T,69,15.5,0,0.78,0,0
X537912,Weißkraut gedünstet (mit Fett und Salz),X,58,1.009,3.83,3.71,2.2,3.73
E606200,Semmelknödel getrocknet,E,390,17.35,54.32,10.66,3.6,6.05
D089000,"Schokobiskuitrolle/Schokobiskuitroulade, ungefüllt",D,290,11.59,44.4,6.78,2.63,28.01
B516300,Weizenbrötchen mit Sesam,B,299,9.6,55,3.43,4.32,1.9
X471353,Schokoladen-Milchkaltschale gebunden mit Stärke,X,86,3.72,9.8,3.52,0.017,7.71
Y321222,"Schweinekotelett natur, gebraten",Y,230,26.92,0.02,13.59,0.01,0
B226800,Roggenbrot mit Nüssen,B,230,6.12,38,3.97,8.8,0.992
X643153,Tomatenkartoffeln gedünstet,X,100,1.76,12.98,4.2,1.5,2.4
B416000,Weizenvollkornbrötchen mit Ölsamen,B,299,11.2,46,5.61,9.78,1.4
U404000,"Kalb Fleisch, sehnenfrei, sichtbarer Fettanteil > 20 % (KA IV) roh",U,296,16.7,0,25.41,0,0
X925012,"Pfannkuchen/Eierkuchen, ungesüßt, mit Milch 1,5 % Fett, gebraten",X,211,8.75,31.6,5,2.15,2.54
D0A2200,Mandelboden (mit Eiklar zubereitet),D,375,10.6,44.95,16.22,3.5,44.87
U541072,"Schwein Schnitzel (Oberschale) mariniert, gegrillt",U,184,26.38,0.16,8.52,0.2,0.15
H154000,Kokosmilch/Kokosnussmilch,H,227,2.774,2.1,21.9,4.998,2.1
Y560312,Grillhähnchen,Y,257,24.18,0,17.78,0,0
D401400,Honigkuchen,D,366,6.77,68.4,6.5,3.3,38
X574512,Sojabohnen (Edamame) gedünstet (mit Fett und Salz),X,161,10.8,5.1,10,3.5,1
D131200,Apfelkuchen (Rührmasse),D,220,3.8,27.8,9.97,2.06,14.6
X3A8020,Senf-Honig-Dressing für Salat,X,404,0.62,5.17,41.3,0.6,5.08
D431200,Mandelkuchen (Rührmasse),D,430,10.47,41.3,23.96,3.5,21.07
D7B1100,Buttergebäck kakaohaltig (Mürbeteig),D,497,7.42,54,27.08,3.65,21.72
S692000,Getreidechips umhüllt mit Milchschokolade,S,513,5.24,59.4,27.67,2.93,36.8
C119232,Couscous (Hartweizen) gekocht,C,156,4.914,31.05,0.68,2.77,0.4786
T213172,"Alaska-Pollack/Alaska-Seelachs, gegrillt",T,73,15.9,0,1.04,0,0
G650152,Schwarzwurzel gedünstet,G,60,1.363,8.6,0.422,5,3.9
S478100,Ingwer kandiert,S,215,1.01,51.1,0.39,1,47.78
Y824243,Scheiterhaufen gebacken,Y,168,4.9,25.1,4.9,1.8,16
P5A1000,Sahnelikör,P,262,0.75,18,10.18,0.03153,18
D9A2000,Vollkornhefeteig süß roh,D,273,8.4,38,8.26,6.38,6.535
X9A3050,Grissini,X,354,11.63,44,13,7.05,1.11
N410500,"Kaffee (Getränk) mit Kondensmilch 7,5 % Fett und Zucker",N,13,0.32,2.105,0.248,0.2983,2.105
S581900,Kokos-Praline mit Cremefüllung und blanchierter Mandel,S,604,6.7,36.5,46.8,4.7,33.6
S142400,Birnenkraut,S,206,0.8,47.7,0.7,7.3,40.9
D733800,Mandelgebäck (Mürbeteig),D,539,8.39,49.9,32.93,4.5,21.7
U711172,"Schaf Filetmedaillon, gegrillt",U,161,31.25,0,3.95,0,0
R910032,"Bratensoße aus Instantpulver, zubereitet mit Wasser",R,10,0.225,1.731,0.247,0.061,0.586
X940112,Mehlschmarren (süddeutsche Mehlspeise) gebraten,X,254,7.78,29.92,11.04,1.92,4.05
W236000,Fleischsalat-Grundmasse,W,261,10.24,0.96,24.01,0.04,0.878
R9A5100,"Sacherguss/Schokoladenglasur, für Gebäck/Torten",R,345,3.31,45.4,15.75,4.2,43.9
T411800,Graved Lachs,T,152,19.01,1.493,7.74,0,1.493
P9A4000,"Cocktail, Gin Tonic",P,55,0,5.368,0,0,5.368
D7A5000,Apfeltaschen (Hefeteig),D,244,5.5,38,7,3,14.6
X357112,Buttermilch-Dressing mit Honig für Salat,X,104,2.86,8.03,6.28,0.1,7.94
Y720443,Rührei gebraten mit Pfifferlingen,Y,166,9.26,1.11,13.59,0.9,0.99
F090100,"Fruchtmischung gezuckert, roh",F,87,0.694,18.9,0.4,1.9,17.87
F303600,Brombeersaft,F,40,1.17,9.2,0.2,0.3,4.9
F305152,Stachelbeere gedünstet,F,56,0.972,10.93,0.167,3.278,8.029
Y341313,Debreziner Bohnengulasch (mit Schweinefleisch),Y,97,10.52,2.3,4.8,1.1,1.75
V585132,"Lamm Bries, gekocht",V,91,15.4,0,3.28,0,0
T402182,Stint gebraten ohne Fett (Pfanne),T,100,20.66,0,1.912,0,0
B6A1200,"Weizenvollkornknäckebrot mit Müslizutaten, gesüßt",B,438,13.6,50,18.1,10.1,13.8
B257700,Weizenmischbrot mit Quark,B,224,7.79,43,0.85,6.36,0.8
D301300,Französische Schokoladentorte (Rührmasse),D,452,5.66,52.4,23.7,3,31.5
D432300,Früchtekuchen (ohne Fett zubereitet),D,380,7.4,56.4,12.3,5.5,43.2
D072000,"Blätterteig eifrei, roh",D,425,4.18,28.65,32.19,2.12,0.1226
S624000,Pralinen gefüllt mit Fruchtcreme,S,550,4.3,51.1,35.3,1.57,46.9
V334162,"Wildente Fleisch, mit Haut, gebraten ohne Fett (Ofen)",V,243,27,0,15,0,0
U886142,"Hammel Keule, geschmort ohne Fett",U,309,26.72,0,22.5,0,0
B416700,Weizenvollkornbrötchen mit Kürbiskernen,B,297,11.7,45,5.66,9.56,1.3
C141032,"Gerste ganzes Korn, gekocht",C,176,6.001,33.4,1.062,4.6,0.912
B106500,Vollkornbrot mit Sonnenblumenkernen,B,230,8.1,37,3.29,9.89,0.95
M2A0300,"Milchmischgetränk 3,5 % Fett, aromatisiert, gesüßt, angereichert mit Vitaminen",M,78,3.38,8.5,3.33,0.002,8.29
B491300,Dinkelvollkornbrötchen mit Ölsamen,B,297,11.5,45,5.97,8.27,1.6
Y5A1000,"Hähnchenbrustfilet mit Cornflakes paniert, gebraten",Y,191,23.14,6.13,8.13,0.38,0.11
Y848160,Rumtopf,Y,333,0.3,17.4,0.1,0.8,16.9
Y993440,Erdbeersahneeis,Y,241,2.9,9.83,20.88,0.4,9.82
N0A1100,"Nearwater/Aqua Plus Getränk, aromatisiert, mit Zucker und Süßungsmitteln",N,14,0,3.6,0,0,3.6
V487200,"Pute Flügel, mit Haut, tiefgefroren",V,192,20.2,0,12.3,0,0
T900300,Meeresfrüchtemischung roh,T,72,14.61,0,1.51,0,0
X320253,"Bechamelsauce mit Milch 3,5 % Fett",X,119,4.21,7.24,8.01,0.22,4.26
Y730463,Omelett gebraten mit Tomaten,Y,142,6.2,2.13,11.81,0.7,2.12
Y141823,Rindergulasch mit Gemüse,Y,100,8,7,4,1.6,3
Y771510,Kräuterquark (aus Magerquark),Y,80,9.49,3.8,2.7,0.04,3.8
B551000,Weizenmischbrötchen,B,289,8.8,54,2.72,6.06,1.7
Y146113,Westfälischer Pfefferpotthast mit Rindfleisch und Sauce,Y,122,12.45,3.44,6.2,0.8,3.41
W237000,Fleischkäse fettreduziert,W,147,18.25,0.16,8.1,0.09,0
Y560322,Brathähnchen gebraten im Ofen,Y,230,22.69,0.017,15.44,0.059,0.011
C512600,Müslimischung Bircher Art (mit Trockenfrüchten und Nüssen) ungesüßt,C,366,11.8,49.4,11,10.4,11.3
C341032,Mais gekocht,C,88,2.284,16.58,0.95,2,0.367
W221300,Currybratwurst,W,215,10.92,0.04,19.01,0.02,0
X556043,"Ganze Tomaten gedünstet, mit Sahne",X,83,1.215,3.68,6.643,1.3,3.68
V592800,"Kalb Zunge, Kochpökelware",V,144,15.98,0.483,8.682,0,0.483
Y141523,Krautgulasch (mit Rindfleisch),Y,129,11.34,3.93,7.1,1.7,2.65
B710700,Dinkelbrot mit Nüssen,B,253,8.66,41,5.01,4.8,0.486
D701500,Raspeli,D,450,6.3,50.4,23.39,6.783,49.5
D440700,Englischer Kuchen (Sandmasse) mit Alkohol,D,424,5.8,48.3,22.2,2.5,32.3
U665162,Schwein Dünner Bug (ohne Fett und Schwarte) gebraten ohne Fett (Ofen),U,169,27.44,0,6.57,0,0
T402152,Stint gedünstet,T,77,15.54,0,1.619,0,0
G093100,"Suppengrün/Suppenkraut, roh",G,33,2.154,3.4,0.335,3.4,3.3
Y824443,Kirschenmichel gebacken,Y,152,5,21.58,4.84,1.2,12.29
U724000,"Schaf Kotelett, mariniert, roh",U,320,13.87,0.34,29.2,0.2,0.34
B111600,Weizenvollkornbrot mit Sonnenblumenkernen,B,236,9.3,38,3.37,7.73,1.2
U461132,"Kalb Bug/Schulter, gekocht",U,119,27.26,0,1.082,0,0
E632100,Dinkeleierteigwaren roh,E,366,14.51,68.48,2.29,6.53,0.478
F201600,Aprikosensaft,F,49,0.7,10.8,0.104,0.154,10.1
D2A2000,Johannisbeertorte mit Baiser/Träublestorte (Mürbeteig),D,320,6.7,41.75,12.9,3.4,22.5
Y782613,Käse-Weißbrot-Auflauf,Y,260,15.3,17.34,14.01,1.31,2.06
D610300,Schokoladenbaiser,D,406,8.1,66.3,10.81,5.61,64.44
D431300,Makronenkuchen (Rührmasse),D,456,8.8,44.6,26.23,2.9,27.23
W540000,"Hamburger Rauchfleisch (Rind Oberschale) Rohpökelware, geräuchert",W,118,19.5,0.492,4.231,0,0.492
G730200,"Dicke Bohne unreif, tiefgefroren",G,70,6,6.6,0.7,6.4,1.4
D790700,Kekse/Plätzchen (Vollkornmürbeteig),D,522,7.13,53.1,29.77,6.45,20.93
D0A8000,Quicheboden (Mürbeteig),D,442,8.2,42.5,25.85,3.11,0.392
C522600,"Getreideflakes gesüßt, mit Schokolade",C,376,8.1,69.3,5.8,7,21.8
G994100,"Gemüsemischung asiatische Art, roh",G,30,2,3.6,0.3,2,3.6
B8A9000,Vollkornbrot glutenfrei,B,227,6.6,32,6,5.3,2.7
Y497623,Hammelfleisch gedünstet mit Weißkraut (Irish Stew),Y,155,6.36,9.45,9.8,1.8,2.51
B275700,Roggenmischbrot mit Kümmel,B,219,6.53,43,0.75,7.19,0.7049
X471423,Schokoladen-Milchsuppe gebunden mit Grieß,X,87,3.9,10,3.4,0.13,7.42
D432100,Rehrücken gebacken (Sandmasse),D,479,9.35,39.3,30.58,4.7,27.8
V592132,"Kalb Zunge, gekocht",V,174,19.01,0,10.88,0,0
W207000,Geflügelbockwurst mit Schweinefleisch,W,137,12.73,0,9.6,0.06,0
U171200,Rind Bratenfleisch (Bug) tiefgefroren,U,128,20.2,0,5.3,0,0
G250200,Petersilienblatt tiefgefroren,G,33,4.088,1.31,0.36,4.25,0.85
D771600,Croissant (Hefeblätterteig/Plunderteig),D,426,8,44,23.57,2.62,7.2
B516700,Weizenbrötchen mit Kürbiskernen,B,307,10.7,52,5.17,4.41,1.9
D4A8600,Rotweinkuchen (Rührmasse),D,429,7.92,34.2,28.01,3.4,18.2
M813700,"Schmelzkäsezubereitung 45 - 52 % Fett i. Tr., mit Schinken",M,279,12.19,5.14,22.98,0,5.14
D7A5300,Zimtschnecken (Hefeteig),D,352,7.5,56.3,10.09,2.8,21.36
V488200,"Pute Innereien, tiefgefroren",V,154,17.9,0,9.21,0,0
G920200,"Gemüsemischung Leipziger Allerlei, tiefgefroren",G,57,3.2,8.2,0.398,3.6,3.64
C522400,"Getreideflakes gesüßt, mit Nüssen",C,370,10.8,60.9,6.93,9.6,19.4
X330053,Grundsauce dunkel/braun (von Wildbrühe),X,76,1.14,5.53,5.4,0.42,0.02043
W213000,Frankfurter Würstchen/Schinkenwürstchen,W,270,12.4,0.08,24.4,0.05,0
D1A4200,Stachelbeerkuchen (Rührmasse) mit Baiser,D,275,4.1,35.6,12.25,2.69,22.43
F508700,Maracujanektar/Passionsfruchtnektar,F,56,0.2,13.21,0.1,0.078,13.21
D7B4000,Friesenkekse (Mürbeteig),D,511,6.5,58.36,27.31,2.9,26.29
Y882310,Quarkspeise mit Pfirsichen,Y,113,5.8,10.88,4.92,0.4,10.62
X651013,"Kartoffeln geschält, roh gebraten",X,222,2.88,22.6,12.75,2.81,1.136
X518543,Ratatouille,X,58,1.2,4.6,3.36,1.8,4.5
X469043,Weißkraut-Karotten-Eintopf mit weißen Bohnen und Hammelfleisch,X,131,7.159,6,7.916,3.1,2.3
D432400,Quarkstollen (Rührmasse),D,379,8.1,48.6,15.7,4.2,28.9
X890933,Paella,X,102,8.5,9,3.3,0.9,1
F514600,Kiwisaft,F,48,0.8,9.1,0.4,0.4,9.1
Y881610,Quarkspeise mit Himbeeren,Y,112,5.8,10,4.87,1.3,10
Y881510,Quarkspeise mit Erdbeeren,Y,111,5.75,10.26,4.88,0.5,10.24
X810413,"Milchreis gesüßt, mit Milch 3,5 % Fett und Rosinen, aufgezogen, gebacken",X,140,4.1,20.8,4.3,0.6,10.7
D462800,Schneckennudeln/Rosenkuchen (Hefeteig),D,348,7.1,51,11.9,3.3,27.1
D0A5100,Hefeteig (feiner) gebacken,D,359,8.6,48,14.06,3.07,8.52
S571000,Bitterschokolade gefüllt mit Karamell,S,549,8.1,40,37.6,9,36.7
W183000,Bauernbratwurst/Westfälinger,W,281,19.24,0.15,22.58,0.08,0
D0A5000,Hefeteig (einfacher) gebacken,D,322,8.71,50,8.98,3.14,8.85
T710400,"Edelkrebs/Flusskrebs, gesalzen",T,73,16.93,0,0.56,0,0
W138100,Gänsezervelatwurst mit Schweinefleisch,W,366,23.2,0,30.38,0,0
Y780163,Käsefondue (mit Alkohol),Y,252,16.9,0.12,19.01,0.075,0.12
D461400,Gugelhupf mit Rosinen (Hefeteig),D,382,8.8,47,16.8,3.4,16
W143000,Salami Ungarische Art,W,386,21.81,0.18,33.08,0.1,0
W146000,Katenrauchwurst,W,263,25.15,0.18,17.93,0.1,0
G321132,Chinakohl gekocht,G,20,2.025,1.56,0.225,2,1.397
D753100,Nuss-Spritzgebäck (Rührmasse),D,558,7.9,38.6,40.54,3.5,16.9
D461500,Streuselkuchen (Hefeteig),D,425,7.27,57,17.97,2.93,18.29
X644113,Kartoffel-Tomaten-Gratin mit Mozzarella,X,97,2.76,9.09,5.2,1,1.79
K420162,"Batate/Süßkartoffel, gebacken",K,152,2.09,32.4,0.769,4.026,7.1
S340000,Weichkaramelle gefüllt,S,432,2.327,63,18.23,0.81,42.4
N710600,Früchtetee (Getränk) mit Zucker,N,7,0,1.861,0,0,1.861
U211162,"Rind Filet/Lende, gebraten ohne Fett (Ofen)",U,136,25.13,0,3.951,0,0
P281000,Glühwein,P,96,0.242,8.21,0,0.071,8.18
Y849440,Grapefruit gezuckert,Y,74,0.4,16.5,0.134,0.5,16.5
G613152,"Rote Rübe/Rote Bete, gedünstet",G,43,2.023,7.08,0.098,2.5,7.08
X700062,"Eier-Frischteigwaren, selbstgemacht, roh",X,283,11.07,44.97,5.76,3.31,0.308
W139100,Lammfleisch-Zervelatwurst,W,371,21.23,0,31.81,0.04,0
U133100,"Rind Steak (Rücken) mariniert, roh",U,144,20.41,0.14,6.75,0.2,0.14
M816000,"Schmelzkäsezubereitung 45 - 52 % Fett i. Tr., mit Nüssen",M,317,12.12,5.1,27.22,0.3,5.1
X951113,"Grießbrei einfach, gesüßt",X,100,4.29,12.94,3.39,0.35,6.68
K420132,"Batate/Süßkartoffel, gekocht",K,65,1.7,12.8,0.2,2.7,9.2
X423462,Rinderkraftbrühe mit Reis,X,26,0.92,5,0.2,0.2,0.02
B782100,Weizenfladenbrot,B,248,8.2,47,2.3,3.34,0.317
X614213,Kartoffelgulasch,X,75,1,10.1,3.2,0.9,1.8
X435143,Käseklößchen,X,371,17.37,15.32,26.4,1.22,0.277
G490162,Knoblauch gebacken,G,112,7.118,3,0.494,33.29,2.4
X9A2090,"Porridge gesüßt, mit Wasser",X,81,2.613,13.5,1.308,2.16,3.139
T107172,Makrele gegrillt,T,188,23.7,0,10.36,0,0
H110700,"Erdnuss geröstet, gesalzen",H,614,28.7,9.9,49.2,8.3,4.9
Y771140,Schnittlauchquark (aus Sahnequark),Y,132,8.84,2.94,9.18,0,2.94
W874100,"Frankfurter Würstchen/Schinkenwürstchen, Konserve",W,226,12.5,0.08,19.5,0.05,0
B416500,Weizenvollkornbrötchen mit Sonnenblumenkernen,B,300,11.2,46,5.75,9.42,1.4
V593800,"Schwein Zunge, Kochpökelware",V,202,20.88,0.618,12.87,0,0.618
D400700,Englische Muffins/Toasties (Hefeteig) gebraten ohne Fett (Pfanne),D,371,10.55,61,8.47,4.15,6.81
W121500,Teewurst fettreduziert,W,200,21.63,0.1,12.56,0.06,0
B406000,Vollkornbrötchen mit Ölsamen,B,294,10.7,45,5.54,10.59,1.5
T410200,Lachs tiefgefroren,T,180,19.9,0,11.2,0,0
G541042,"Gemüsepaprika grün, geschmort ohne Fett",G,42,1.175,7.56,0.261,2.2,7.15
X454713,Haferschleim,X,20,0.768,3.1,0.386,0.638,0.043
D750600,Heidesand (Mürbeteig),D,521,5.28,65.4,25.88,2.45,32.26
K750100,Mischpilze roh,K,34,3.5,2.16,0.3,5.1,0.97
B259000,Weizenmischbrot mit Kürbiskernen,B,238,8.42,41,3.06,6.5,0.603
V463172,"Ente Fleisch, ohne Haut, gegrillt",V,153,25.9,0,5.5,0,0
D034000,Schokozwieback,D,466,9.1,58,20.2,7.84,28.4
V351200,"Wachtel Fleisch, ohne Haut, tiefgefroren",V,128,21.8,0,4.53,0,0
X359640,Asia-Dressing,X,236,1.84,4.9,22.05,0.4,4.43
G312182,Broccoli gebraten ohne Fett (Pfanne),G,71,7.244,4.6,1.193,6,2.76
B723300,Laugengebäck mit Sesam,B,276,8.9,50,3.61,3.58,1.4
W238000,Geflügelfleischkäse mit Schweinefleisch,W,193,16.86,0.11,13.9,0.06,0
T309152,Seezunge gedünstet,T,78,15.62,0,1.77,0,0
B111700,Weizenvollkornbrot mit Buttermilch,B,222,8.7,40,1.19,7.79,1.4
D720800,Käsewindbeutel salzig (Brandmasse) ungefüllt,D,245,12.3,16.5,14.16,1.01,0.229
G331132,Kohlrabi gekocht,G,28,1.898,3.8,0.157,1.5,3.623
D400800,Heidelbeer-Muffins (Rührmasse),D,336,5.7,44.3,14.23,3.1,23.02
S132000,Konfitüre extra,S,234,0.4,56.3,0.2,1.1,56.3
U651162,"Schwein Brustspitze, gebraten ohne Fett (Ofen)",U,228,25.24,0,14.13,0,0
B8A6000,"Sauerteigbrot mit Ölsamen, glutenfrei",B,229,7.9,30.6,7.3,4.6,1.1
S560600,"Zartbitter-/Halbbitterschokolade, gefüllt mit Kokoscreme",S,564,5.51,48.1,37.37,6.43,46.6
S220200,Kaffeeeis,S,171,4.4,17.6,9.2,0.1,17.1
D621100,Eiswaffeln/Waffelhörnchen (Rührmasse),D,295,5.44,37.9,13.02,2.1,18.5
V256042,"Wildschwein Fleisch, geschmort ohne Fett",V,204,26.85,0,10.78,0,0
U583132,Schwein Kochfleisch (Bauch) gekocht,U,357,22.49,0,29.64,0,0
D187200,Apfel-Streuselkuchen (Mürbeteig),D,309,4.19,35.14,16.13,3.42,17.06
D7A5500,Rosinenbrötchen (Hefeteig),D,338,8.3,53.8,9,3.7,13.7
F614600,Orangennektar mit Süßungsmitteln,F,20,0.375,4.251,0,0.155,4.251
E608000,Böhmische Knödel roh,E,235,8.31,29.19,8.96,2,2.11
H810000,Studentenfutter,H,485,12.3,32.3,32.2,6.2,29.6
B421000,Roggenvollkornbrötchen,B,256,7.56,43,2.86,13.76,1.213
D734600,Buttergebäck (Mürbeteig),D,496,6.82,57,26.15,2.62,21.7
S142200,Apfelkraut,S,231,0.9,52.1,1,5.2,49.4
R942000,Tortenguss klar (zubereitet mit Wasser und Zucker) für Gebäck/Torten,R,48,0.015,12.06,0.003,0.033,8.537
C532900,Reiswaffeln schokoliert,C,475,7.13,61,21.37,5.01,29.6
Q960000,"Pflanzenfett/Frittierfett, pflanzlich",Q,900,0,0,100,0,0
S539100,Vollmilchschokolade gefüllt mit Karamell,S,533,4.57,57.3,30.37,1.76,52.6
S354000,Kokosflocken (aus Fondant),S,461,1.922,68.5,16.95,3.848,58.5
U432200,"Kalb Hals/Nacken/Kamm, tiefgefroren",U,109,21.2,0,2.66,0,0
Y436232,"Lammfleischspieße mit Gemüse, gegrillt",Y,161,12.4,1.7,11.3,1,1.7
Y686212,"Tintenfische mehliert, gebraten",Y,96,16.23,2.25,2.2,0.25,0.271
B516400,Weizenbrötchen mit Mohn,B,298,9.6,55,3.3,4.46,1.9
D0A6100,"Kuchenboden/Tortenboden, kakaohaltig (Mürbeteig, einfacher)",D,428,8.61,55.5,18.28,3.44,21.9
D181300,Apfelkuchen gedeckt (Mürbeteig),D,219,3.7,27.4,9.9,2.7,13.2
V487172,"Pute Flügel, mit Haut, gegrillt",V,294,31.1,0,18.9,0,0
X384143,Barbecuesauce/Grillsauce,X,112,1.15,9.24,7.27,1.4,9.11
H882000,"Käsealternative, Basis Cashewkerne, vegan",H,440,14.97,18.5,33.56,2.1,4.382
B406700,Vollkornbrötchen mit Kürbiskernen,B,296,11.2,45,5.59,10.37,1.4
Q998000,Salatcreme (Fertigprodukt),Q,300,1.4,11.92,27.02,0.046,8.01
B6A2800,Roggenvollkornknäckebrot mit Kürbiskernen,B,370,13.77,49.3,9.15,17.88,1.799
G341142,Rotkohl geschmort ohne Fett,G,50,2.763,6.664,0.318,4.5,6.535
Y025022,Fleischkäse gebraten,Y,314,14.34,0.62,28.02,0,0.62
B226500,Roggenbrot mit Sonnenblumenkernen,B,223,6.59,38,3.04,8.78,1.001
F609600,Tangerinensaft,F,42,0.9,8.08,0.24,0.112,8.08
B6A5100,Dinkelvollkornknäckebrot mit Ölsamen,B,429,16.4,45,18.2,9.48,2.2
C515200,"Cornflakes gesüßt, mit Zuckerglasur und Erdnüssen, angereichert mit Vitaminen und Mineralstoffen",C,396,6.2,82.5,3.9,3,33.5
B426800,Roggenvollkornbrötchen mit Nüssen,B,275,7.87,40,6.36,13.1,1.303
W164200,Göttinger Schinkenwurst,W,375,21.78,0.18,31.89,0.1,0
Y862143,"Vanilleflammeri/Vanillepudding, mit Eigelb",Y,143,4.6,19.16,5.26,0.073,11.3
D7A2000,Cookies mit Schokoladenstückchen,D,488,6.48,64,22.18,2.98,37.8
B226700,Roggenbrot mit Kürbiskernen,B,225,7.04,38,2.98,8.92,0.899
W171600,Kolbacz,W,453,20.04,0,41.37,0.08,0
B111500,Weizenvollkornbrot mit Ölsamen,B,235,9.3,38,3.25,8.03,1.1
W004000,Aufschnitt-Grundbrät,W,218,14.16,0.09,17.86,0.05,0
W116000,Schmierwurst fettreich,W,327,18.28,0.12,28.15,0.07,0
T617152,Schafskopf (Meerbrasse) gedünstet,T,93,18,0,2.3,0,0
X4B1010,Rhabarberkaltschale gebunden mit Grieß,X,48,0.55,9.87,0.09,1.81,8.166
D9A4000,Vollkornplunderteig roh,D,352,6.88,30,21.57,5.13,5.193
U065100,"Schwein Brät, roh",U,268,12.49,0.09,24.13,0.05,0
U990200,Meerrettichsoße Konserve,U,132,4.02,9.97,7.8,2.3,4.476
B226000,Roggenbrot mit Ölsamen,B,223,6.6,38,2.92,9.09,0.921
S623600,Pralinen gefüllt mit Vanillecreme,S,560,5.4,52.5,36.08,1.7,52.1
B710500,Dinkelbrot,B,221,8.4,38,2.39,6.76,0.684
X9A6030,"Hefeteig für Pizza/Pizzateig, roh",X,244,6.2,38,6.81,3,0.1604
S730000,"Getränkepulver malzhaltig, angereichert mit Vitaminen und Mineralstoffen",S,363,9.817,74.9,1.8,3.859,73.4
D7A2100,Schokoladen-Mandel-Cookies vegan,D,527,9.44,44.1,33.2,6.9,24.17
Y855312,Rote Grütze ungesüßt,Y,57,0.9,10.6,0.3,2.9,6.2
B491400,Dinkelvollkornbrötchen mit Sonnenblumenkernen,B,297,11.5,45,6.11,7.91,1.7
D330300,Schokoladentorte (Rührmasse),D,432,7.97,47.5,22.59,3.3,28.5
U632172,"Schwein Kamm, gegrillt",U,217,24.27,0,13.34,0,0
F605600,Pampelmusensaft/Pomelosaft,F,35,0.8,6.22,0.3,0.2,6.22
T417200,Wildlachs tiefgefroren,T,180,19.9,0,11.2,0,0
D0A4000,Wasserbiskuitboden,D,306,8.5,58.7,3.69,1.8,34.28
T506152,Wels gedünstet,T,117,13.5,0,7,0,0
X476140,Buttermilchsuppe gesüßt,X,69,3.08,9.88,1.67,0.016,8.13
B781300,Weizenbaguettebrötchen,B,289,9.6,57,1.51,4.25,1.8
X562043,"Karotten/Möhren, gedünstet (mit Fett und Salz)",X,66,0.73,5.04,4.2,2,4.96
C119132,Bulgur (Hartweizen) gekocht,C,152,5.5,29.1,0.9,3,0.8
X574212,Kichererbsen gekocht (mit Fett und Salz),X,128,6,13.1,4.6,5.1,1.21
S221700,Joghurteis,S,124,3.9,21.01,2.5,0,21.01
T206182,Schellfisch gebraten ohne Fett (Pfanne),T,87,20.3,0,0.65,0,0
D7A5400,Milchbrötchen (Hefeteig),D,337,8.9,48,11.54,2.96,10.79
F091100,"Fruchtmischung ungesüßt, roh",F,62,0.751,12.3,0.4,2.1,11.22
R9A2000,Ananas-Joghurtsahne für Gebäck/Torten,R,160,2.6,14.2,10.1,0.37,14.08
Y881012,Quarkspeise mit Sauerkirschen,Y,119,6.05,11.66,5.1,0.24,11.44
D771700,Croissant (Hefeblätterteig/Plunderteig) gefüllt mit Nuss-Nougat-Creme,D,465,8,48,26.04,2.92,18.2
B426000,Roggenvollkornbrötchen mit Ölsamen,B,267,8.44,40,5.17,13.43,1.224
X558143,Zucchini gedünstet (mit Fett und Salz),X,70,1.6,4,4.9,1.5,2.5
X553912,Paprika gedünstet (mit Fett und Salz),X,56,0.96,5.53,2.8,1.9,5.52
Y662132,Schwertfisch-Rouladen gebraten,Y,173,22.84,1,8.49,0.32,0.07
Y413032,Lammfilet gebraten,Y,274,25.6,0,19.1,0,0
K702152,Trüffel gedünstet,K,103,11.67,0.8,0.718,23.3,0.8
D655600,Sirupkuchen,D,337,6.4,63.2,6,2.5,36.9
D657400,Honigkuchenhäufchen,D,375,5.9,69.2,7.4,3.4,47.7
H742132,"Kidneybohne reif, gekocht",H,129,8.6,15.2,1,11.1,0.9
S530700,Milchschokolade gefüllt mit Fruchtcreme,S,554,3.8,57.3,34,1.6,56.7
T860000,Kaviarcreme/Kaviarpaste,T,412,8.6,12.72,36.2,0.39,9.17
Y114022,Rinderfiletsteak gebraten,Y,180,25.92,0.02,8.46,0.01,0
S341000,Karamellbonbon zuckerfrei,S,275,0.224,83,8.279,0,0.3
X9A6020,Blätterteig (mit Butter) roh,X,465,5.2,29.75,35.67,2.18,0.382
D187300,Apfel-Streuselkuchen (Rührmasse),D,219,3.1,30,9.09,2.34,14.7
G554152,"Pfefferschote rot, gedünstet",G,44,2.03,6.73,0.48,1.6,6.73
B526700,Roggenbrötchen mit Kürbiskernen,B,282,9.58,45,5.21,8.62,0.833
S538300,Vollmilchschokolade gefüllt mit Frucht-Vanillecreme,S,560,5.4,52.5,36.08,1.7,52.1
S621200,Weinbrand-Bohnen,S,472,3.57,54.7,21.32,5.01,47.4
Y184512,Rindersteak gebraten (mit Fett und Salz),Y,183,29.14,0.02,7.37,0.01,0
V487182,"Pute Flügel, mit Haut, gebraten ohne Fett (Pfanne)",V,264,27.5,0,17.1,0,0
B723500,Laugengebäck mit Käse,B,279,9.2,51,3.4,3.51,1.4
X522012,Blattspinat gedünstet (mit Fett und Salz),X,70,2.401,1.08,5.759,2.1,0.87
M175800,"Sprühsahne/Schlagsahne, gesüßt, mind. 30 % Fett",M,309,2.4,7.2,30,0,7.2
F971900,"Fruchtsoße gezuckert, Konserve",F,177,0.5,41.7,0.3,1.5,41.7
S472200,Kirsche kandiert (Belegkirsche),S,214,0.513,48.2,0.177,1.1,39.4
X548163,Zwiebeln gebraten,X,66,1.72,9.42,1.808,2.2,9.42
B276700,Roggenmischbrot mit Kürbiskernen,B,238,7.98,41,3.05,7.3,0.741
B6A6000,"Knäckebrot glutenfrei, laktosefrei",B,382,8.8,71,6.1,3.9,2.3
D612000,Schokokekse glutenfrei,D,483,5.21,62.4,22.87,3.5,20.6
D421000,"Sandmasse/Sandteig, roh",D,407,4.94,44.9,22.85,0.78,25.2
G520152,Gurke gedünstet,G,18,1.154,2.14,0.217,1,2.14
X988212,Mais gekocht (mit Fett und Salz),X,101,2.21,16.04,2.686,2,0.355
D701600,Haferflockenplätzchen,D,448,8.67,51.8,21.87,4.75,22.25
X4A7000,Gemüse-Eintopf/Gemüsepichelsteiner,X,61,1.67,8,2.1,1.9,2.3
X929212,"Pfannkuchen/Eierkuchen, ungesüßt, mit Milch 3,5 % Fett, gebraten",X,267,8.34,30.1,12.12,2.04,2.51
S571400,Bitterschokolade mit Trüffelfüllung,S,547,7.12,40,37.77,8.44,32.6
S581600,Vollmilchschokoladen-Riegel gefüllt mit Joghurt-Erdbeercreme,S,565,4.6,55.5,35.65,1.8,55
D613000,Zitronenkekse glutenfrei,D,445,4.427,60.41,19.6,4.578,23
C515300,"Cornflakes gesüßt, mit Zuckerglasur und Erdnüssen",C,396,6.2,82.5,3.9,3,33.5
D411200,Rehrücken (Wiener Boden hell),D,493,9.76,38.5,32.26,4.8,29.1
T020142,Tintenfisch geschmort ohne Fett,T,71,15.09,0,1.22,0,0
T420162,Forelle gebraten ohne Fett (Ofen),T,197,28.05,0,9.2,0,0
X538943,Weinkraut mit Apfel gedünstet,X,72,1.03,5.2,4.26,2.3,4.96
B277300,Roggenmischbrot mit Buttermilch,B,221,6.85,43,0.81,7.19,1.17
Y896143,"Pfitzauf/Kuchenmichel, gebacken",Y,242,8.21,30.07,9.47,1.73,6.75
B401000,Vollkornbrötchen,B,282,9.9,48,3.18,10.67,1.5
K717152,Rotkappe gedünstet,K,48,3.061,4.6,1.099,6.648,0.746
V311200,"Fasan Fleisch, mit Haut, tiefgefroren",V,154,23.75,0,6.55,0,0
V990100,"Geflügel Frikadelle, roh",V,105,14.8,4,3.2,0.5,0.6
X434343,"Schwemmklößchen, Suppeneinlage",X,164,6.84,18.03,6.88,1.26,1.92
B491100,Dinkelvollkornbrötchen mit Kürbiskernen,B,299,12,45,6.02,8.05,1.6
B314100,Weizentoastbrot mit Roggen,B,263,8.38,48,3.35,3.65,1.6
B723200,Laugengebäck mit Kürbiskernen,B,277,9.1,50,3.56,3.55,1.4
B276500,Roggenmischbrot mit Sonnenblumenkernen,B,236,7.52,41,3.11,7.16,0.847
X9A2060,"Porridge gesüßt, mit Milch 3,5 % Fett",X,141,6.1,17.4,4.74,2.16,7.1
K718400,Steinpilz getrocknet,K,270,31.48,19.06,2.332,35.09,3.09
B8A8000,Toastbrot glutenfrei,B,221,1.643,44,4.023,1.194,3.97
Y410012,Hammelfilet gebraten,Y,274,25.64,0,19.05,0,0
C526000,"Polenta (Maisgrieß mit Wasser, Fett und Salz) gekocht",C,114,1.705,12.37,6,1.854,0.274
G311200,Blumenkohl tiefgefroren,G,33,1.3,5.62,0.311,3.2,2.28
B8A4000,Sauerteigbrot glutenfrei,B,180,5.2,34.4,1.6,3.4,1
R924000,Mokkasahne für Gebäck/Torten,R,296,3.5,12.7,25.6,0.269,12.6
X472143,Vanille-Milchsuppe gebunden mit Grieß,X,85,3.72,10,3.34,0.13,7.57
Y840412,Himbeerkompott zuckerreduziert,Y,56,0.9,9,0.259,4.1,9
G761032,Zuckererbse gekocht,G,40,3.3,5,0.4,1.6,3.7
M2N1400,"Sahnejoghurt mind. 10 % Fett, mit Vanillezubereitung, gesüßt",M,140,2.7,12.9,8.305,0.01,12
B561300,Dinkelbrötchen mit Ölsamen,B,304,11.3,50,5.3,5.36,1.2
U632072,"Schwein Kamm, mariniert, gegrillt",U,262,22.87,0.16,18.76,0.2,0.15
D4A4000,Kürbis-Mandel-Kuchen (Biskuitmasse),D,276,9.25,27,13.61,4.1,22.17
U211200,"Rind Filet/Lende, tiefgefroren",U,121,21.2,0,4,0,0
X9A2070,"Porridge gesüßt, mit Milch 3,5 % Fett und Kakaopulver",X,142,6.16,17.4,4.76,2.143,7.04
X359912,Italian Dressing,X,547,0.075,0.5,59.4,0.351,0.5
V402182,"Baby-Pute Fleisch, mit Haut, gebraten ohne Fett (Pfanne)",V,207,30.49,0,9.431,0,0
N412900,Cappuccino (Getränk) aus gesüßtem Instantpulver,N,31,0.795,4.65,0.838,0.138,3.953
B406800,Vollkornbrötchen mit Nüssen,B,302,10.1,45,6.77,10.2,1.4
Y231022,"Kalbsschnitzel mehliert, gebraten",Y,129,23.94,2.5,2.3,0.31,0.383
N270000,Grapefruitsaftschorle,N,18,0.265,3.653,0.05,0.155,3.653
D281100,Kirschtorte (Mürbeteig und Rührmasse),D,356,6.02,41.9,17.81,2.2,21.15
Y637422,Heilbuttfilet pochiert (ohne Sauce),Y,136,20.08,0,6.21,0,0
G660162,Knollensellerie gebacken,G,35,1.824,3.26,0.388,4.9,2.483
X9A6000,"Backteig ungesüßt, mit Bier, roh",X,204,7.2,26.52,6.35,1.95,0.261
G630132,Meerrettich gekocht,G,79,5.566,11.05,0.284,4.197,7.815
M8A5000,"Speisequarkzubereitung mind. 20 % Fett i. Tr., mit Kräutern",M,94,10.09,3.55,4.08,0.1,3.53
Y880050,"Quarkspeise einfach, mit Erdbeeren",Y,82,6.23,10.63,1.24,0.4,10.62
Q590100,"Käsealternative, Basis Pflanzenfett, vegan, angereichert mit Vitamin B12 und Calcium",Q,293,0.156,21.17,23.04,0.252,0
B107300,Vollkornbrot mit Buttermilch,B,212,7.47,38,1.06,10.04,1.27
E438000,Eier-Frischteigwaren roh,E,297,12.05,51.8,3.8,3.56,0.428
D611000,Maiskekse glutenfrei,D,445,4.38,60.95,19.39,4.529,23.93
T813900,"Thunfisch in Tomatensauce, Konserve",T,126,11.9,6.6,5.6,0.6,5.2
V212162,"Hirsch Fleisch, gebraten ohne Fett (Ofen)",V,150,28.78,0,3.929,0,0
F900900,"Rote Grütze gezuckert, Konserve",F,111,0.6,25.4,0.2,1.6,22
X420163,Rinderkraftbrühe mit Tapioka (Sago),X,11,0.4,1.897,0.2,0.018,0
B426700,Roggenvollkornbrötchen mit Kürbiskernen,B,269,8.92,40,5.22,13.2,1.196
B491200,Dinkelvollkornbrötchen mit Nüssen,B,305,10.9,45,7.21,7.9,1.7
S538000,Milchschokolade mit Erdnüssen,S,530,8.4,53.4,30.7,3.3,50.8
W149100,Lammfleisch-Salami,W,371,21.22,0,31.75,0.11,0
Y840443,Himbeerkompott,Y,70,0.8,12.9,0.248,3.9,12.9
B314200,Mehrkorntoastbrot mit Ölsamen,B,282,9.58,46,5.6,4.6,1.7
K709152,Hallimasch gedünstet,K,53,4.466,4.2,0.958,7.761,0.3
D753200,Kokosschnitten (Rührmasse),D,473,6.81,36.1,32.68,3.87,21.4
Y184412,Rinderfilet gebraten im Ofen (mit Fett und Salz),Y,158,25.4,0,6.245,0,0
T411700,Lachs gesalzen,T,207,22.13,0,13.14,0,0
B121200,Roggenvollkornbrot mit Nüssen,B,214,5.98,33,3.91,11.4,1.084
U861142,"Schaf Bug/Schulter, mager, geschmort ohne Fett",U,193,29.2,0,8.45,0,0
X9A6040,"Hefeteig, gesalzen, mit Milch 3,5 % Fett, roh",X,348,8.5,48,12.81,3.53,1.54
T213182,"Alaska-Pollack/Alaska-Seelachs, gebraten ohne Fett (Pfanne)",T,67,14.6,0,0.92,0,0
W221100,Bratwurst-Grundbrät,W,267,12.47,0.09,24.1,0.05,0
X951312,Hirse gedünstet (mit Fett und Salz),X,162,4.37,24.8,4.78,1.26,0.213
T122200,Weißer Thun tiefgefroren,T,121,27.2,0,1.37,0,0
U235162,"Rind Hochrippe, gebraten ohne Fett (Ofen)",U,204,29.45,0,9.612,0,0
B6A2500,Roggenvollkornknäckebrot mit Gerstenmalz,B,332,9.3,60.6,1.33,19.05,4.5
Y241033,Kalbsgulasch,Y,105,15.3,1.3,4.2,0.3,0.7
D9A2400,Stollen (Vollkornhefeteig),D,378,6.9,43,18.2,6.2,22.8
G620600,Gemüsesaft aus Karotte/Möhre,G,22,0.63,3.717,0.32,0.3,3.636
Y238023,Kalbsrücken gebraten im Ofen,Y,151,26.76,0.01,4.83,0,0
T204172,"Dorsch/Kabeljau, gegrillt",T,106,23.9,0,1.1,0,0
H210710,"Mandel süß, geröstet mit Fett, gesalzen",H,557,21.22,3.75,48.64,9.7,3.522
D733500,Schwarz-Weiß-Gebäck (Mürbeteig),D,460,6.78,62.2,19.82,3,30.63
S342000,Fruchtgummi zuckerfrei,S,220,7.7,77,0,0.005,0.095
P285100,"Weißwein-Schorle, süß, mit Zitronenlimonade",P,51,0.051,4.7,0,0,4.7
W164100,Schinkenwurst Krakauer Art (Rohwurst),W,293,24.13,0.18,21.75,0.1,0
B717000,Hirsebrot glutenfrei,B,229,7.4,37.2,4.7,4.3,1
B491000,Dinkelvollkornbrötchen,B,285,10.8,48,3.63,8.16,1.6
F130152,Birne gedünstet,F,60,0.309,13.56,0.299,2.9,10.38
Y661012,"Barsch Müllerinart (mehliert, gebraten)",Y,97,17.6,2.83,1.3,0.38,0.439
S135000,Marmelade (hergestellt aus Zitrusfrüchten),S,240,0.5,57.8,0.1,1.2,57.8
X987712,Grünkern gekocht (mit Fett und Salz),X,199,5.65,30.22,4.8,6.21,1.268
D461700,Butterkuchen/Zuckerkuchen (Hefeteig),D,429,8.96,49,21.09,3.5,17.56
G570182,Zuckermais gebraten ohne Fett (Pfanne),G,77,3.77,10.8,1.414,3.2,3.91
Y847750,Heidelbeeren gezuckert,Y,82,0.5,15.35,0.562,4.6,15.35
D655100,Feiner Honigkuchen,D,337,7.48,59.9,6.7,3.1,36.4
X5A9040,Rote-Bete-Gemüse gedünstet,X,59,1.34,4.85,3.4,1.5,4.85
W153100,"Mettwurst luftgetrocknet, energiereduziert",W,218,26.45,0,12.47,0.17,0
Y211022,Kalbsfilet gebraten im Ofen,Y,151,28.7,0.02,3.98,0.01,0
S694000,Trockenfrüchte mit Vollmilchschokoladenüberzug,S,426,4.5,58.8,17.8,3.6,57.9
D610100,Russisch-Brot (Eiklarmasse),D,383,9.7,82.4,0.92,3.08,49.05
B121300,Roggenvollkornbrot mit Ölsamen,B,207,6.44,33,2.9,11.7,1.015
Y311112,"Schweinefilet geschmort, mit Sauce",Y,120,13.8,0.83,6.7,0.3,0.82
Y497113,"Lammkeule gebraten im Ofen provenzalische Art, mit Sauce",Y,180,23.55,0.02,9.44,0.36,0.02
Y182912,Gulasch einfach (mit Rindfleisch),Y,133,13.2,3,7.5,0.3,0.7
T020172,Tintenfisch gegrillt,T,107,23.55,0,1.46,0,0
B526500,Roggenbrötchen mit Sonnenblumenkernen,B,281,9.09,45,5.3,8.49,0.952
D621200,Waffelkekse,D,295,5.44,37.9,13.02,2.1,18.5
U672800,"Schwein Vordereisbein/Vorderhaxe, Kochpökelware",U,155,19.74,0.439,8.2,0,0.439
V486172,"Pute Brust, ohne Haut, gegrillt",V,139,31.71,0,1.303,0,0
T501400,Karpfen gesalzen,T,136,20.15,0,6.12,0,0
G486182,Frühlingszwiebel/Lauchzwiebel (ohne Laub) gebraten ohne Fett (Pfanne),G,51,1.4,9.5,0.238,2.2,9.5
T206152,Schellfisch gedünstet,T,71,16.4,0,0.59,0,0
B121600,Roggenvollkornbrot mit Quark,B,192,6.2,34,0.84,11.63,1.2
C335032,Amaranth gekocht,C,119,4.48,19.88,1.79,2.79,0.4138
Y5A3000,Hühnerleber gebraten,Y,149,19.97,2.77,6.39,0.3,1.32
S570800,Bitterschokolade gefüllt mit Pfefferminzcreme,S,504,5.46,52.1,24.8,6.07,30.8
D655200,Ostpreußischer Honigkuchen,D,406,6.44,69.14,10.88,2.46,35.75
B227300,Roggenbrot mit Buttermilch,B,209,5.9,40,0.82,8.89,1.32
G350162,Romanesco gebacken,G,50,3.414,7.52,0.394,4.1,3.05
X9A2050,"Polenta (Maisbrei mit Wasser, Rapsöl und Salz) gekocht",X,114,1.703,12.35,6.035,1.851,0.274
B8B6000,Dinkelknusperbrot,B,395,13.34,69.3,5.7,6.6,0.5
U931900,"Corned Beef, deutsches, mit Schweineschwarten Konserve",U,159,25.1,0.29,6.4,0.08,0
C415000,Mehlmischung für Brot glutenfrei,C,342,4.1,78.2,0.7,3,2.7
T420252,"Forelle tiefgefroren, gedünstet",T,118,17.77,0,5.048,0,0
H730132,"Linse reif, gekocht",H,119,9.083,15.5,0.7,7.23,0.5
X081943,"Käsebrot überbacken (""Welsh rarebit"")",X,319,19.2,18.64,17.69,2.9,0.69
S132100,"Konfitüre extra, mit Fruchtzucker und Süßungsmitteln",S,157,0.4,36.9,0.2,1.1,36.9
X441043,Grundsuppe hell,X,39,0.7,3.13,2.6,0.19,0.6
D4A8300,Marmorkuchen mit Kirschen (Rührmasse),D,286,5.51,31.6,14.79,2.02,14.37
G480600,Gemüsesaft aus Speisezwiebel,G,25,0.983,4.81,0.12,0.1,4.81
X081143,"Toastschnitten mit Schinkencreme, gebacken",X,210,10.01,15.46,11.52,1.4,3.56
X8A1100,Sushi-Reis (Grundrezept),X,104,2.306,22.7,0.18,0.7,0.44
R913000,Wasabi-Paste Konserve,R,94,5.4,10.19,2.23,4.1,7.203
X9A1050,Hirsebratlinge gebraten,X,192,6.6,13.4,12,1.7,0.72
Y847650,Erdbeeren gezuckert,Y,51,0.789,9.505,0.385,1.9,9.447
Y890342,"Kaiserschmarren (mit Milch 3,5 % Fett) gebraten",Y,250,8.1,23.4,13.2,1.4,7.4
U204000,"Rind Fleisch, grob entsehnt, sichtbarer Fettanteil max. 10 % (R III) roh",U,190,19.93,0,12.25,0,0
F323600,Johannisbeersaft schwarz,F,55,1.238,10.01,0.176,0.4,10.01
S461000,Nonpareille,S,388,0.129,91.4,0.024,0.3,55.2
U342172,Kalb Schnitzel (Keule) gegrillt,U,116,26.85,0,0.915,0,0
X476650,Buttermilchkaltschale gesüßt,X,68,3.2,11.4,0.6,0.7,10.1
V250182,"Wildschwein Fleisch, gebraten ohne Fett (Pfanne)",V,214,28.07,0,11.27,0,0
X382040,Frankfurter grüne Kräutersauce,X,144,2.8,3.7,12.9,0.1,3.7
G542132,"Gemüsepaprika gelb, gekocht",G,28,0.809,4.471,0.202,2.299,4.471
S358100,Schokoladenfondant,S,383,1.8,69,10.6,1.99,56
D1A2300,Rhabarber-Streuselkuchen (Mürbeteig),D,260,3.77,32.6,11.74,3.05,13.09
D772100,Schinkenhörnchen (Quarkblätterteig),D,437,11.62,23.15,32.62,1.7,0.97
W164000,Schinkenwurst roh,W,386,21.84,0.18,33.11,0.1,0
X357160,Meerrettichschaum,X,174,3.21,4.8,15.6,0.61,4.3
D432200,Eiserkuchen (Rührmasse),D,292,5.33,40.56,11.74,1.17,24.78
M8A4000,"Speisequarkzubereitung mind. 10 % Fett i. Tr., mit Kräutern",M,77,9.6,3.8,2.27,0.1,3.8
W850100,Schinkentorte,W,118,19.1,1,3.8,0.4,1
C514200,"Knuspermüslimischung, klassisch, gesüßt",C,421,9,56.4,15.95,7.7,19.2
B6A1300,Weizenvollkornknäckebrot mit Ölsamen,B,433,16.4,40,20.3,12.2,1.4
B551500,Weizenmischbrötchen mit Sonnenblumenkernen,B,303,9.6,51,5.25,5.95,1.9
X850123,Risotto gedünstet mit Gemüsebrühe,X,153,2.87,25.8,4.1,0.9,0.98
X425363,Rinderkraftbrühe mit Gemüse,X,23,0.9,1.2,1.5,0.7,1
B256000,Weizenmischbrot mit Ölsamen,B,236,7.98,41,3.01,6.67,0.626
Y341023,Gulasch (mit Schweinefleisch),Y,150,18.2,0.6,8.3,0.2,0.6
T720132,Languste gekocht,T,76,15.93,0,1.358,0,0
X568043,"Teltower Rübchen gedünstet, mit Sahne",X,77,0.95,5.81,5,2,4.74
M2Q4220,"Milchmischgetränk 1,5 % Fett, mit Kakao/Schokolade, gesüßt, angereichert mit Vitaminen",M,63,3.61,8.4,1.6,0.386,8.34
K706152,Butterpilz gedünstet,K,44,3.589,4.6,0.507,6.31,0.746
C317032,"Grünkern Grütze, gekocht",C,92,3.08,16.44,0.74,3.38,0.6899
Y260912,Kalbsbraten ohne Sauce,Y,114,21.5,1.6,2.2,0.5,1.6
X513263,Steinpilze gebraten mit Tomaten,X,63,5.25,4.27,1.74,6.3,1.67
D440500,Nusskuchen (Sandmasse),D,500,6.84,45.4,31.79,2.6,27.4
Y8A4090,Schokoladenflammeri/Schokoladenpudding,Y,126,3.88,18.3,4.04,0.2,12.08
H765082,"Sojaschnetzel/Sojagranulat, texturiert, eingeweicht, gebraten ohne Fett (Pfanne)",H,99,14.17,3.96,1.8,5.31,3.96
X890662,Pilaw (Reis mit Zwiebeln und Butter),X,167,3.14,27.4,4.7,1.1,1.39
G520600,Gemüsesaft aus Gurke,G,12,0.903,1.57,0.16,0.1,1.57
B276000,Roggenmischbrot mit Ölsamen,B,236,7.52,41,2.99,7.47,0.764
C240132,"Emmer ganzes Korn, gekocht",C,182,6.99,33.77,1.18,4.24,0.5947
D470200,Nusskranz (Quark-Öl-Teig),D,405,9.6,42.1,21.25,3.1,20.09
G520132,Gurke gekocht,G,17,1.086,2.01,0.205,1,2.01
D7A5600,Schokobrötchen (Hefeteig),D,370,8.31,50,14.33,4.08,15.5
Y991143,Vanillesahneeis,Y,292,3.6,13.04,25.06,0,13.04
P1A3000,Colabier (Pilsner Bier mit Cola),P,40,0.211,6.259,0,0,5.204
U950200,Schweinebraten (Pulled Pork) Konserve,U,197,26.8,5,7.6,0.3,2.9
Y610610,Matjes mit Zwiebeln,Y,170,14,0.29,12.01,0.1,0.29
U623172,"Schwein Kotelett (Rücken/cranial) mariniert, gegrillt",U,258,24.66,0.16,17.59,0.2,0.15
B6A1400,Weizenvollkornknäckebrot mit Ölsamen und Hartkäse,B,442,19.3,39,20.8,10.79,1.1
D6A1000,Basler Leckerli,D,383,6.15,72.3,6.9,3.4,51.7
B291000,Mehrkornbrot mit Ölsamen,B,248,7.94,42,3.62,7.67,0.779
X435163,Käse-Grießnockerl,X,381,13.75,20.08,26.89,1.44,0.549
U281142,"Rind Keule, geschmort ohne Fett",U,188,28.6,0,8.2,0,0
B723100,Laugengebäck (Hagelsalz entfernt),B,283,9.203,50,4.145,3.775,1.4
U733182,"Schaf Filetsteak, gebraten ohne Fett (Pfanne)",U,156,31.38,0,3.44,0,0
N210000,Fruchtsaftgetränk Apfel,N,33,0.029,8.174,0,0.093,7.874
U867162,"Lamm Bug/Schulter, gebraten ohne Fett (Ofen)",U,155,26.87,0,5.257,0,0
D036000,Butterzwieback,D,421,13.21,68,9.51,5.22,8.38
X3A5000,Schokoladensauce mit Kuvertüre und Sahne,X,317,3.05,24.3,22.44,2.76,23.3
Y672713,"Hecht gefüllt, gebacken",Y,104,19,1,2.6,0.14,0
W112300,"Braunschweiger Mettwurst, fettreduziert",W,203,21.54,0.12,12.95,0.07,0
Y141423,Gulasch Esterhazy (mit Rindfleisch),Y,135,12.04,2.5,8.2,1,2.2
X9A2020,"Hirsebrei ungesüßt, mit Mandeldrink",X,92,3.11,15.12,1.9,0.8,0.236
W221000,Rheinische Bratwurst,W,215,10.92,0.08,18.96,0.04,0
B106700,Vollkornbrot mit Kürbiskernen,B,231,8.54,37,3.23,10.03,0.846
C111032,"Weizen ganzes Korn, gekocht",C,176,6.838,31.6,0.927,7.077,0.56
Y6A1000,"Heringsfilet mehliert, gebraten",Y,188,18.4,5.19,10.37,0.39,0.01918
D471700,Quarktaschen (Quark-Öl-Teig),D,308,9,41.1,11.4,1.9,17.8
S539000,Vollmilchschokolade gefüllt mit Mokka-/Kaffeecreme,S,538,6.7,51.1,33.6,1.7,50.7
B723400,Laugengebäck mit Sonnenblumenkernen,B,276,9,50,3.58,3.51,1.4
X536053,Rosenkohl gedünstet (mit Fett und Salz),X,64,3.35,1.87,4,3.2,1.37
D9A4900,Vollkorncroissant (Plunderteig),D,419,8.5,39,24.02,6.03,7.4
V475142,"Gans Schenkel, mit Haut, geschmort ohne Fett",V,195,22.57,0,11.62,0,0
U010100,"Rind Hackfleisch, roh",U,224,19.1,0,16.39,0,0
X361163,Vanillesauce,X,118,4,15.16,4.61,0.035,11.34
X821112,"Reis unpoliert, gedünstet (mit Fett und Salz)",X,169,2.851,24.78,6.193,1.4,0.52
G450162,Spargel gebacken,G,33,2.306,4.69,0.184,1.6,4.47
P288100,Erdbeerbowle,P,67,0.227,3.56,0.086,0.4,3.54
D752100,Rosinen-Mandel-Schnecken (Hefeteig),D,370,7.7,49,15,3.6,19.1
Y384112,Gyros (Schweinefleisch) gebraten,Y,230,24.35,0.5,14.48,0.3,0.5
D741400,Buchteln (Hefeteig),D,331,7.32,46,12.46,2.76,8.5
V414162,"Hähnchen ganz, entbeint, mit Haut, gebraten ohne Fett (Ofen)",V,208,24.17,0,12.37,0,0
Y825043,Schokoladenauflauf,Y,292,7.1,27.2,16.81,1.6,18.78
D755300,Mandelhörnchen (Rührmasse),D,344,7.82,34.2,19.06,2.3,16.28
C557000,"Fleischersatz gluten-, milch- und sojahaltig",C,128,17,8.7,2.7,0.3,5.4
V997100,"Hähnchenbrustfilet im eigenen Saft, Konserve",V,117,24.65,0.29,1.91,0.08,0
X490153,Rhabarberkaltschale gebunden mit Stärke,X,41,0.299,8.556,0.07,1.586,7.819
D032000,Nährzwieback,D,421,12.82,69,9.52,4.14,11.55
D7A2300,Schokoladenbrezeln (Mürbeteig),D,482,7.88,50.6,26.44,5.22,23.5
C113032,"Weizen Flocken, gekocht",C,56,2.168,10.02,0.31,2.244,0.179
U362200,Kalb Roulade (Keule) tiefgefroren,U,89,20.7,0,0.72,0,0
X545612,Spargel gekocht (mit Fett und Salz),X,72,2.013,4.11,4.88,1.4,3.93
B710800,Dinkelbrot mit Ölsamen,B,246,9.14,41,3.97,5.09,0.415
D024000,Dinkelzwieback ungesüßt,D,410,13.77,69,7.17,7.18,0.523
Y650412,Karpfen blau (im Essigsud pochiert),Y,96,13.74,0.206,4.2,0.111,0.203
X351040,Essigmarinade für Salat,X,399,0.09,0.34,43.4,0.1,0.3
S243000,"Speiseeis (Schoko, Vanille) gemischt",S,213,3,25.94,10.32,1.38,21.62
C222032,"Roggen Backschrot, Type 1800, gekocht",C,47,1.4,8.43,0.21,3.09,0.278
B255700,Weizenmischbrot mit Kümmel,B,220,7.03,43,0.84,6.36,0.5628
V481162,"Pute Fleisch, ohne Haut, gebraten ohne Fett (Ofen)",V,146,30.07,0,2.9,0,0
D610700,Wespennester (Eiklarmasse),D,466,11,49.69,23.62,5.5,49.09
Y576312,Entenbrust gebraten im Ofen (mit Fett und Salz),Y,368,28.68,0.03,28.09,0.01,0
G480200,Speisezwiebel tiefgefroren,G,37,1.284,6.68,0.167,1.6,6.68
S582300,Milchschokolade mit Mandel-Nougat,S,519,6.52,56.44,28.95,3.1,55.33
B551300,Weizenmischbrötchen mit Ölsamen,B,294,9.2,52,3.96,6.19,1.7
X891412,Wildreismischung gedünstet (mit Fett und Salz),X,170,4.438,24.78,5.61,1.4,0.52
D730800,Teegebäck (Mürbeteig),D,476,7.51,56.8,23.68,2.85,18.22
X533042,"Chinakohl gedünstet, mit geriebenem Käse",X,56,2.1,1.4,4.32,1.7,1.25
D9B1000,"Butterkekse/Butterplätzchen, kakaohaltig (Vollkornmürbeteig)",D,522,7.79,49.4,30.9,7.41,20.86
G485082,Schalotte gebraten ohne Fett (Pfanne),G,53,3.2,5.1,0.2,8.61,5.1
V489000,"Pute Brust, ohne Haut, mariniert, roh",V,127,21.76,1.66,3.6,0.1,1.61
S625000,Trüffel-Pralinen,S,547,7.12,40,37.77,8.44,32.6
U642300,"Schwein Bauch (wie gewachsen) mariniert, roh",U,339,16.29,0.11,30.32,0.2,0.1
S551200,Sahneschokolade gefüllt mit Karamell,S,541,5.03,57.2,30.99,2.37,52.3
U575162,Schwein Bratenfleisch (Nuss) gebraten ohne Fett (Ofen),U,143,29.54,0,2.78,0,0
E612100,"Eierteigwaren glutenfrei, roh",E,369,8.06,74.7,3.599,3.004,0.47
Y336132,Fleischspieße (Kalb- und Schweinefleisch) gegrillt,Y,120,12.69,3.17,6.02,1,3.08
X363143,Karamellsauce,X,138,3.5,21.54,4.17,0.019,19.53
M206300,"Milchmischgetränk 3,5 % Fett, mit Kakao/Schokolade, gesüßt",M,78,3.7,7.6,3.5,0.386,7.55
G486142,Frühlingszwiebel/Lauchzwiebel (ohne Laub) geschmort ohne Fett,G,41,1.1,7.49,0.186,1.8,7.49
C522000,Getreideflakes gesüßt,C,348,9.7,70.2,1.6,7,12.1
T209132,Seehecht pochiert,T,68,13.3,0,1.59,0,0
Y710142,Spiegelei gebraten,Y,210,13.42,0.353,17.19,0,0.353
B121500,Roggenvollkornbrot mit Buttermilch,B,190,5.77,34,0.88,11.63,1.41
X492343,Pflaumensuppe passiert,X,72,0.29,16.6,0.165,1.7,14.06
R124000,Kräuteressig,R,27,0,0.003,0,0,0.003
Y7A2040,Schafskäse (Feta) mit Tomaten und Oliven gebacken,Y,208,9.1,1.71,17.9,0.6,1.68
U025100,"Schwein Frikadelle, roh",U,205,13.17,4,15.04,0.5,0.6
G710182,"Bohne grün, gebraten ohne Fett (Pfanne)",G,32,2.572,3.9,0.276,2.172,2.6
S640000,Rumkugeln,S,394,2.89,80,6.3,1.769,63
H702132,"Augenbohne reif, gekocht",H,114,8.6,16.16,0.47,3.9,0.717
C117032,"Weizen Grütze, gekocht",C,98,3.71,19.15,0.41,1.34,0.2951
P8A2000,Alkopops,P,66,0,8.93,0,0,8.93
D735300,Haselnuss-Dreispitz (Mürbeteig),D,507,9.6,53,27.82,3.1,24.41
W154000,Schinkenmettwurst,W,436,20.47,0.18,39.27,0.1,0
X469460,Gazpacho (Spanische Gemüsesuppe),X,88,1.5,6,5.7,1.7,3.2
T406182,"Felchen/Maräne/Renke/Schnäpel, gebraten ohne Fett (Pfanne)",T,132,24.49,0,3.611,0,0
W153000,Mettwurst luftgetrocknet,W,262,25.15,0,17.92,0.12,0
U783132,"Schaf Kochfleisch (Brust, fett) gekocht",U,480,17.5,0,45.5,0,0
T406152,"Felchen/Maräne/Renke/Schnäpel, gedünstet",T,102,18.2,0,3.021,0,0
B551600,Weizenmischbrötchen mit Kümmel und Salz,B,288,8.7,54,2.69,5.99,1.7
T104162,Sardelle gebraten ohne Fett (Ofen),T,231,23.87,0,15.1,0,0
G620152,"Karotte/Möhre, gedünstet",G,42,0.875,6.74,0.417,3,6.635
R921000,"Schlagsahne gesüßt, mit Gelatine gebunden, für Gebäck/Torten",R,313,3.8,7.8,29.6,0,7.8
Y890463,Salzburger Nockerl gebacken,Y,228,8.4,19.9,12.58,0.29,16
B8A3000,Buchweizenbrot glutenfrei,B,208,8.9,28.6,5.1,5.1,1.6
W222600,Rostbratwurst,W,178,15.9,0.08,12.66,0.04,0
X3A7050,"Mayonnaise, gestreckt mit Joghurt",X,566,2.5,1.26,60.9,0.1,1.26
Y692212,Fischklößchen mit Rotbarsch gegart,Y,95,11.6,3.564,3.73,0.279,0.263
B6A5000,"Dinkelvollkornknäckebrot mit Müslizutaten, gesüßt",B,416,14.2,52,14.5,9.7,11.4
X201160,Gemischter Salat ohne Salatmarinade,X,22,1.6,2.4,0.2,1.7,2.1
W189000,Schwarzwälder Bauernwürstle,W,365,18.49,0.1,32.31,0.06,0
U866142,"Hammel Bug/Schulter, geschmort ohne Fett",U,374,23.16,0,31.25,0,0
C522500,"Getreideflakes gesüßt, mit Nüssen, angereichert mit Vitaminen und Mineralstoffen",C,370,10.8,60.9,6.93,9.6,19.4
X9A2100,"Porridge ungesüßt, mit Milch 3,5 % Fett",X,134,6.29,15,4.9,2.232,4.25
G553182,"Pfefferschote grün, gebraten ohne Fett (Pfanne)",G,69,3.4,11.67,0.3,2.5,11.04
V484142,"Pute Fleisch, mit Haut, geschmort ohne Fett",V,172,26.55,0,7.286,0,0
G898200,Sahne-Meerrettich Konserve,G,289,3.596,9.555,25.51,2.315,7.801
Y8A8030,"Mürbeteig gesüßt, roh",Y,432,6.89,49.6,22.28,2.67,13.46
X454343,Eingestreute Grießsuppe,X,19,0.74,3.6,0.1,0.2,0.59
U741182,"Schaf Schnitzel (Keule, mager) gebraten ohne Fett (Pfanne)",U,168,31.1,0,4.87,0,0
D610200,Baiser,D,387,6.3,90.5,0.019,0,90.5
B8B4000,Weizenknusperbrot,B,381,13.2,71.2,3.4,6.28,5.1
W002000,Puten-Aufschnitt-Grundbrät mit Schweinefleisch,W,161,14.12,0.09,11.6,0.05,0
D740500,Nusshörnchen (Hefeteig),D,430,8.4,47,22.4,3.2,20.1
X469213,Irish Stew (Weißkraut-Kartoffel-Eintopf mit Hammelfleisch),X,113,4.76,7.2,6.9,1.6,2.12
T506600,Wels geräuchert,T,138,16.52,0,8,0,0
S242600,"Speiseeis (Nuss, Schoko) gemischt",S,236,3.51,28,11.64,2.09,23.66
X901612,"Porridge ungesüßt, mit Milch 3,5 % Fett und Kakaopulver",X,134,6.36,14.9,4.92,2.214,4.22
C422032,"Buchweizen Schrot, gekocht",C,43,1.7,7.8,0.39,0.72,0.1326
V212132,"Hirsch Fleisch, gekocht",V,171,32.62,0,4.453,0,0
Y131132,"Roastbeef gebraten im Ofen, ohne Sauce",Y,180,28.72,0.02,7.27,0.01,0
D400400,Schokoladen-Muffins (Rührmasse),D,361,7.4,43.5,16.54,4.41,21.8
D237100,Rhabarberkuchen (Rührmasse) mit Baiser,D,240,3.6,28.5,11.55,2.44,17.49
X531612,Blumenkohl gedünstet (mit Fett und Salz),X,75,2.01,4.35,5.3,2.3,1.83
D0A7000,Kuchenboden/Tortenboden (Rührmasse),D,392,8.17,49.8,17.28,2.35,18.16
G484162,Perlzwiebel gebacken,G,39,1.36,7.08,0.176,1.6,7.08
B551400,Weizenmischbrötchen mit Sesam,B,292,9,53,3.43,6.11,1.7
Y840563,Preiselbeerkompott,Y,128,0.2895,30.13,0.223,1.217,30.08
R481100,"Puddingpulver Vanille, ungezuckert",R,344,0.426,84.91,0.079,0.988,0
G720132,Wachsbohne gekocht,G,27,2,3.4,0.2,1.89,2.19
V4B5172,"Hähnchen Unterschenkel, mit Haut, gegrillt",V,200,26.24,0,10.54,0,0
V454200,"Perlhuhn Fleisch, mit Haut, tiefgefroren",V,152,23.4,0,6.45,0,0
D621800,Sahnewaffeln (Rührmasse),D,534,6.6,39.9,38.35,1.3,15.2
B521100,Roggenbrötchen mit Kümmel und Salz,B,268,8.19,48,2.83,8.71,0.8119
S621100,Weinbrand-Kirschen,S,430,3.81,49.7,20.48,4.77,46.1
D755200,Mandelkränzchen (Rührmasse),D,409,10.6,44.2,20.28,3.7,15.48
X571143,Grüne Bohnen gedünstet,X,48,1.9,3.1,2.79,1.6,2.14
Y845552,Apfelschmarren gebraten,Y,215,5.2,25.1,9.93,2.05,7.89
G450132,Spargel gekocht,G,16,1.7,1.31,0.14,1.307,1.13
T603152,Zander gedünstet,T,76,17.65,0,0.62,0,0
X9A6050,"Vollkornhefeteig für Pizza/Vollkornpizzateig, roh",X,250,8.71,40,4.37,8.01,1.248
T506182,Wels gebraten ohne Fett (Pfanne),T,139,17.1,0,7.8,0,0
D701700,Haferflocken-Nussplätzchen,D,517,9.699,37.9,35.16,4.9,22.36
U271132,"Rind Vorderhesse, gekocht",U,149,24.9,0,5.445,0,0
P9B2000,"Cocktail, Campari-Soda",P,56,0,5.7,0,0,5.7
U931100,"Rindfleisch im eigenen Saft, mit Schweineschwarten, Konserve",U,217,34.44,0.44,8.6,0.12,0
U421142,"Kalb Rücken, geschmort ohne Fett",U,130,26.2,0,2.795,0,0
Y421233,"Lammkoteletts mariniert, gegrillt",Y,320,24.61,0.03,24.5,0.36,0.03
G613600,Gemüsesaft aus Rote Rübe/Rote Bete,G,37,1.08,7.76,0.08,0.2,7.76
X8A1030,"Milchreis gesüßt, mit Reisdrink",X,166,1.92,30.1,4.07,0.6,7.1
Q999000,Remoulade (Fertigprodukt),Q,567,0.8,4.99,60,0.1,3.67
V634182,"Hähnchen Leber, gebraten ohne Fett (Pfanne)",V,159,24.36,1.765,6.1,0,0
X417813,"Grießsuppe gesüßt, mit Milch 3,5 % Fett",X,107,4.09,14.74,3.45,0.24,10.46
Y642112,Forelle blau (im Essigsud pochiert),Y,121,15.73,0.21,5.9,0.114,0.207
S161000,Pflaumenmus,S,195,0.94,45.93,0.2,1.66,44.55
R9A3500,Zucker-Butter-Zimt-Füllung für Gebäck/Torten,R,549,0.509,57.39,35.23,0,57.39
W610000,"Leiterchen/Rippchen/Schälrippchen, Kochpökelware",W,296,19.22,0.554,24.07,0,0.554
B256500,Weizenmischbrot mit Sonnenblumenkernen,B,237,7.97,41,3.12,6.36,0.707
Y144423,Rinderragout,Y,178,18.59,2.17,10.5,0.2,0.52
V516142,"Hammel Herz, geschmort ohne Fett",V,213,30.11,0,10.3,0,0
P7A1100,"Spirituose mit Anis, verdünnt mit Wasser",P,116,0,0,0,0,0
X573312,Romanesco gedünstet (mit Fett und Salz),X,77,2.04,4.46,5.5,2.4,1.87
Y335012,"Schweinesteak natur, gebraten",Y,175,26.5,0.02,7.7,0.01,0
B516500,Weizenbrötchen mit Sonnenblumenkernen,B,298,9.6,55,3.39,4.24,1.9
Y872460,Erdbeeren mit Schlagsahne,Y,116,1.256,5.145,9.539,1.4,5.102
T402200,Stint tiefgefroren,T,85,17.4,0,1.7,0,0
Y332212,"Schweineschnitzel natur, gebraten",Y,156,32.37,0.03,2.92,0.02,0
Y847840,Himbeeren gezuckert,Y,65,0.9,11,0.281,4.4,11
Y263123,Kalbsrahmgulasch,Y,165,15.04,1.06,11.1,0.1,1.05
B101000,Vollkornbrot,B,210,7.16,38,1.01,10.04,0.817
B8B3000,Vollkornknusperbrot,B,348,10.4,63.7,2.3,14.99,5.5
G484182,Perlzwiebel gebraten ohne Fett (Pfanne),G,53,1.835,9.54,0.238,2.2,9.54
Y144512,Rindergeschnetzeltes,Y,171,27.5,1.45,5.9,0.11,0.03
D736100,Käseknusperchen salzig (Mürbeteig),D,460,10.4,25.8,33.97,4.19,0.507
M832100,"Speisequarkzubereitung < 10 % Fett i. Tr., mit Vanillezubereitung, gesüßt",M,104,6.89,18.26,0.11,0.025,16.11
Y341113,Szegediner Gulasch (mit Schweinefleisch),Y,89,7.8,3.1,4.3,1.9,3
C219332,"Hartweizen Grieß, gekocht",C,159,6.02,31.05,0.67,2.18,0.4786
B8A1000,Baguette glutenfrei,B,224,3.2,45,3.1,1.1,1.7
X432142,Teigwaren eifrei (mit Salz gekocht),X,145,5.4,28.6,0.7,1.489,0.838
Y691123,Rotbarschragout,Y,106,10.7,1.4,4.6,0.6,1.4
X9A1010,"Haferbratlinge vegan, gebraten",X,265,8.01,20,15.6,6,1.28
U672700,"Schwein Vordereisbein/Vorderhaxe, Kochpökelware, geräuchert",U,150,18.68,0.437,8.17,0,0.437
D050000,Cracker,D,495,8.84,58.5,24.13,4.31,0.411
E607000,Grießklößchen roh,E,132,6.64,14.09,5.28,0.8,2.89
U541082,Schwein Schnitzel (Oberschale) gebraten ohne Fett (Pfanne),U,144,31.02,0,2.235,0,0
B111200,Weizenvollkorntoastbrot,B,249,8.8,41,3.67,7.93,1.6
X3A9020,Joghurt-Dip mit Kräutern,X,93,3.64,4,6.6,0,4
Y612110,"Rollmops mariniert, abgetropft",Y,146,11.9,0.7,10.11,0.2,0.7
B781400,Weizenbaguette mit Nüssen,B,277,8.7,48,4.75,3.8,1.6
G992100,"Gemüsemischung Erbsen-Karotten, roh",G,64,3.4,9.388,0.44,4,3.837
X572412,Tofu gebraten (mit Fett und Salz),X,199,18.07,1.31,13.07,1.63,1.26
D651400,Nussprinten schokoliert,D,492,8,50.4,27.7,4.5,31.2
K713400,Pfifferling getrocknet,K,243,36.27,5.111,2.514,30.33,1.493
B6A3000,Roggenvollkornknäckebrot mit Ölsamen,B,338,10.17,56.6,3.62,19.3,1.838
T710200,"Edelkrebs/Flusskrebs, tiefgefroren",T,64,15,0,0.47,0,0
Y642412,"Forelle Müllerinart (mehliert, gebraten)",Y,174,21.28,2.64,8.3,0.36,0.329
X6A1010,Kartoffeln mit Schale gekocht,X,87,2.09,18.82,0.102,1.448,1.49
X3A8000,"Essigmarinade warm, für gekochte Salate",X,140,0.16,0.77,14.2,0.01,0.75
D770200,Käsegebäck salzig (Quarkmürbeteig),D,418,10.77,34.4,25.74,2.41,1.75
B111300,Weizenvollkornbrot mit Kürbiskernen,B,237,9.7,38,3.31,7.87,1
U512100,"Schwein Filetmedaillon, mariniert, roh",U,138,20.8,0.11,6,0.2,0.1
D461602,Brioches (Hefeteig) ungefüllt,D,427,10.4,38.4,25.1,2.8,4.586
D623200,Apfelwaffeln (Rührmasse),D,384,7.3,28.1,26.39,2.6,9.2
X554543,Paprika-Gurkengemüse gedünstet,X,49,1.06,4.54,2.5,1.6,4.53
G212182,Gemüseamaranth gebraten ohne Fett (Pfanne),G,30,3.67,1.39,0.49,2.7,1.12
D1A1000,Apfel-Streuselkuchen (Hefeteig),D,189,3.3,29,5.99,2.66,11.5
W234100,Fleischwurst fettreduziert,W,104,13.9,0.12,5.31,0.07,0
S539200,Vollmilchschokolade gefüllt mit Fruchtcreme,S,550,4.3,51.1,35.3,1.57,46.9
N258000,Fruchtsaftschorle Weintraube,N,40,0.122,9.483,0,0.18,8.903
B121100,Roggenvollkornbrot mit Kürbiskernen,B,209,6.87,33,2.95,11.54,0.993
X360040,Sahnesauce süß,X,252,3.8,15.05,19.58,0.04,10.75
D7B5000,"Kekse/Plätzchen, kakaohaltig (Rührmasse)",D,521,7,55.7,29.27,3.19,27.5
B516000,Weizenbrötchen mit Ölsamen,B,300,9.8,54,3.96,4.43,1.9
R9A2200,Schokoladensahne für Gebäck/Torten,R,314,3.6,15.8,26,1.26,15.4
X6A3030,Ofenkartoffeln mit Zwiebeln,X,130,2.37,20.72,3.72,1.7,2.37
Y996340,Schokoladencremeeis,Y,216,4.5,22.5,11.77,0.94,21.7
P192000,Radler (Pilsner Bier mit Zitronenlimonade),P,38,0.211,5.744,0,0,4.689
U883162,"Schaf Keule, fett, gebraten ohne Fett (Ofen)",U,279,24.1,0,20.3,0,0
M861000,"Mousse au chocolat, Milchbasis, gesüßt",M,167,4.6,20.3,7.2,1.2,19.89
M2N6400,"Sahnejoghurt mind. 10 % Fett, gesüßt",M,152,4.43,14.57,8.163,0.006,14
C346032,"Mais Grieß, gekocht",C,123,3.232,23.45,1.052,3.515,0.519
Y841212,Johannisbeerkompott,Y,74,1.002,14.61,0.139,2.4,14.61
D470300,Butterkuchen/Zuckerkuchen (Quark-Öl-Teig),D,454,8.33,45.2,25.97,3,20.54
Y173113,Rinderleber gebraten,Y,170,21.11,9.23,5.36,0.24,0.01389
G490200,Knoblauch tiefgefroren,G,107,6.722,3,0.467,31.44,2.3
B309000,Weißbrot glutenfrei,B,224,3.2,45,3.1,1.1,1.7
U632200,"Schwein Kamm, tiefgefroren",U,175,19.21,0,10.9,0,0
N630300,"Schwarztee (Getränk) mit Milch 3,5 % Fett und Zucker",N,9,0.12,1.93,0.11,0,1.93
X420363,Rinderkraftbrühe nach schottischer Art mit Graupen,X,126,4.2,3.3,10.5,0.9,1.2
T403182,Bachsaibling gebraten ohne Fett (Pfanne),T,128,25.2,0,3.07,0,0
V488142,"Pute Innereien, geschmort ohne Fett",V,210,26.6,0,11.51,0,0
C660500,"Haferdrink gesüßt, aromatisiert, angereichert mit Vitaminen, Calcium und Jod",C,42,0.71,7.5,0.98,0.43,7.3
C414000,"Mehlmischung eiweißarm, glutenfrei, natriumarm",C,336,0.431,82.67,0.137,1.19,0
D083000,Sachertortenboden,D,396,8.69,37.2,23.11,2.43,24.8
Y818242,Quarkplinsen gebraten,Y,257,10.59,21.57,13.87,0.97,8.49
G450142,Spargel gedämpft,G,30,2.9,3,0.4,1.3,1.7
X850133,Risotto mit Butter und Parmesan,X,163,4.93,24.4,4.9,0.9,0.95
V221172,"Reh Keule, gegrillt",V,140,31.13,0,1.761,0,0
D610500,Zimtsterne (Eiklarmasse),D,473,14.3,39.89,27.15,5.8,39.75
U511200,"Schwein Filetmedaillon, tiefgefroren",U,102,22.7,0,1.2,0,0
G543032,"Gemüsepaprika rot, gekocht",G,24,1.037,3.312,0.1,2.4,3.312
V414172,"Hähnchen ganz, entbeint, mit Haut, gegrillt",V,239,25.61,0,15.18,0,0
X987612,Bulgur gekocht (mit Fett und Salz),X,171,5.1,28.2,3.6,2.8,0.8
U532200,"Schwein Kammsteak, tiefgefroren",U,175,19.21,0,10.9,0,0
P194000,Altbierbowle,P,48,0.552,5.282,0.078,0.4,3.609
V464200,"Ente Fleisch, mit Haut, tiefgefroren",V,227,18.1,0,17.2,0,0
S560700,"Zartbitter-/Halbbitterschokolade, gefüllt mit Pfefferminzcreme",S,486,3.97,61.7,19.36,5.56,41
C118122,"Quinoa tricolore, gekocht",C,104,3.78,17.06,1.67,2.76,0.4905
K701162,Champignon gebacken,K,40,5.08,4.1,0.381,2.6,0.3
D422000,"Rührmasse/Rührteig, roh",D,358,6.73,44,16.76,1.86,18.7
X357413,Joghurtmarinade für Salat,X,114,3.07,3.83,8.84,0,3.83
D490300,Blätterteig (mit Ei) gebacken,D,617,8,39.69,46.64,2.9,0.527
X890733,"Pilaw, Serbisches Reisfleisch",X,191,6.9,14,11.6,1.3,1.1
Y344013,Schweineragout,Y,187,16.6,2.1,12.3,0.6,2.1
M2I3200,"Milchmischgetränk 1,5 % Fett, mit Kaffee und Süßungsmitteln",M,33,2.4,3.6,1,0.06285,3.6
Y301822,Kasseler Kotelett gebraten,Y,153,30,0,3.683,0,0
D077002,Biskuitboden,D,289,10.92,47.76,5.74,1.47,27.98
W520000,Corned Beef,W,142,21.7,0.28,6,0.09,0
G640182,Pastinake gebraten ohne Fett (Pfanne),G,109,4.977,17.9,0.796,3.944,5.669
X475243,"Milchsuppe gesüßt, gebunden mit Haferflocken",X,102,4.55,11.1,4.22,0.436,9.04
D0A3100,Nuss-Wasserbiskuitboden,D,344,9.15,50.7,11.12,2.1,34.7
W003000,Aufschnitt-Grundbrät fettreduziert,W,151,15.06,0.13,10.06,0.07,0
Y527012,Rehkeule gebraten im Ofen (mit Fett und Salz),Y,177,31.37,0.03,5.7,0.02,0
M2A0100,"Milchmischgetränk < 1 % Fett, aromatisiert, mit Zucker und Süßungsmitteln",M,42,3.335,7.047,0.068,0.002,6.832
X208312,Tomate-Mozzarella (Caprese),X,185,7.22,2.51,15.9,0.6,2.49
W410400,"Schwein Schinkenspeck, Rohpökelware, geräuchert",W,121,20.82,0.492,3.95,0,0.492
D4A8500,Nusskuchen vegan (Rührmasse),D,432,7.33,40.3,25.87,4.2,21.61
D9A3000,Vollkornmürbeteig süß roh,D,454,6.64,44.85,26.31,5.78,16.08
Y881842,Quarkkeulchen (gerührter Hefeteig) gebraten,Y,357,9.6,39,17.3,2.4,13.9
M2R2200,"Joghurt fettarm, mind. 1,5 % bis max. 1,8 % Fett, mit Vanillezubereitung, gesüßt",M,82,3.275,14,1.142,0.012,12.8
N500100,Kaffeeersatz (Getränk),N,5,0.075,0.97,0.002,0.543,0.144
F110152,Apfel gedünstet,F,60,0.437,12,0.515,2.345,10.81
U912000,"Rindfleisch in Gelee, Konserve",U,87,15.6,0.3,2.6,0.08,0
G332162,Rosenkohl gebacken,G,48,5.235,2.66,0.4,5.2,1.86
W313000,Frankfurter Leberwurst,W,291,13,0.54,26.32,0.1,0.16
B251000,Weizenmischbrot,B,207,8.61,37.33,1.515,4.572,0.836
S530300,Milchschokolade gefüllt mit Karamell,S,506,4.5,62.1,24,1.99,51.6
U255700,"Rind Brustkern/Mittelbrust, Rohpökelware, geräuchert",U,189,17.37,0.492,13.08,0,0.492
V469000,"Ente Fleisch, mit Haut, mariniert, roh",V,238,16.92,0.13,18.83,0.1,0.13
P195000,Bier mit Sekt,P,52,0.263,2.18,0,0,0.86
H842400,"Sojadrink gesüßt, aromatisiert",H,58,3.01,5.69,2.212,1.64,5.68
X362143,Schokoladensauce,X,126,4.14,14.6,5.52,0.44,10.04
P546000,Eierlikör,P,294,4,27.1,7,0,27.1
M2H7300,"Milchshake 3,5 % Fett, mit Kakao/Schokolade, gesüßt",M,78,3.7,7.6,3.5,0.386,7.55
D380900,"Kuchenboden/Tortenboden (Mürbeteig, feiner)",D,488,7,51.67,27.53,2.63,16.24
B221000,Roggenbrot,B,220,6,43.04,1.235,6.46,3.81
U175162,"Rind Rostbraten, gebraten ohne Fett (Ofen)",U,146,26.61,0,4.395,0,0
T306182,"Heilbutt/Weißer Heilbutt, gebraten ohne Fett (Pfanne)",T,155,23.87,0,6.56,0,0
X434143,"Grießnockerln, Suppeneinlage",X,364,8.79,23.07,25.86,1.65,0.621
M2H2300,"Milchshake 3,5 % Fett, aromatisiert, gesüßt",M,78,3.38,8.5,3.33,0.002,8.29
Y730163,Omelett gebraten,Y,197,12.23,0.66,16.21,0,0.66
D7A7000,Plunderteig roh,D,386,7.08,37,22.77,2.32,6.369
B781200,Weizenbaguette,B,253,8.3,50,1.31,3.67,1.5
Y610512,Matjes-Brötchen,Y,187,11.87,15.2,8.21,1.1,1.2
B6A2600,Roggenvollkornknäckebrot mit Kleie und Ölsamen,B,332,10.8,55.3,2.9,20.9,1.772
U541200,Schwein Schnitzel (Oberschale) tiefgefroren,U,106,22.2,0,1.9,0,0
G213132,Neuseeländer Spinat gekocht,G,18,1.8,1.11,0.2,2.2,0.89
U111700,"Rind Filet/Lende, Rohpökelware, geräuchert",U,115,19.81,0.492,3.738,0,0.492
D617000,Waffeln (Rührmasse) glutenfrei ,D,392,5.91,45.9,20.24,1.223,18.91
N720400,Kräutertee (Getränk) mit Sahne 30 % Fett,N,10,0.077,0.109,1.057,0,0.109
T201152,"Brosme/Lumb, gedünstet",T,66,15.45,0,0.524,0,0
W114000,Grobe Mettwurst,W,297,19.3,0.14,24.3,0.08,0
U486142,"Kalb Unterschale/Schwanzstück, geschmort ohne Fett",U,106,24.95,0,0.738,0,0
W411300,"Schwein Bauchspeck, Rohpökelware, geräuchert",W,304,16.58,0.492,26.22,0,0.492
D7A7700,Kalter Hund (Kekskuchen ohne Backen),D,492,4.41,47.9,30.7,2.95,35
H230182,"Edelkastanie/Marone, gebraten ohne Fett (Pfanne)",H,228,3.02,44.78,2.065,9.098,15.11
V464132,"Ente Fleisch, mit Haut, gekocht",V,204,24.68,0,11.73,0,0
D035000,Kokoszwieback,D,450,7.6,69,14.9,4.83,35.2
B781500,Weizenvollkornbaguette,B,229,8.4,41,1.67,8.21,1.5
G490132,Knoblauch gekocht,G,101,6.188,3,0.43,29.91,2
G780432,"Limabohne (Butterbohne, Mondbohne) reif, gekocht",G,130,8.1,16.9,0.569,11.2,1.5
N491000,"Kaffee (Getränk) halb und halb, mit Milch 3,5 % Fett",N,31,1.84,2.01,1.74,0.1571,2.01
F401600,Preiselbeersaft,F,34,0.6188,5.608,0.424,0.289,5.498
Y435112,"Hammelsteak natur, gebraten",Y,498,20.44,0,46.2,0,0
X416913,Gemüsesuppe püriert/Gemüsecremesuppe,X,32,0.86,4,1.2,0.8,1.9
S380000,"Komprimate (Pastillen, Presslinge)",S,404,0,93.6,0,0,78.8
B276800,Roggenmischbrot mit Nüssen,B,243,7.03,41,4.08,7.2,0.838
K410182,"Maniok/Cassava, gebraten ohne Fett (Pfanne)",K,166,1.136,38,0.261,3.284,1.5
Y7A2030,Ofenkäse mit Knoblauch und Thymian gebacken,Y,270,20.55,0,20.78,0.119,0
U882200,"Schaf Keule, mittelfett, tiefgefroren",U,180,18.8,0,11.6,0,0
S210000,Cremeeis/Kremeis,S,171,4.3,17.53,9.31,0.003,17.23
X320063,"Grundsauce hell/weiß, vegan",X,57,0.73,3.54,4.4,0.22,0.56
X327312,Sahne-Käsesauce,X,351,9.4,3.2,33.17,0.36,3.2
U816162,"Hammel Filet/Lende, gebraten ohne Fett (Ofen)",U,224,24.01,0,14.27,0,0
C130032,"Hafer ganzes Korn, gekocht",C,181,6.071,28.7,3.585,5,0.576
V420000,"Hähnchen Unterschenkel, mit Haut, mariniert, roh",V,168,16.76,1.66,10.43,0.1,1.61
Y8A5030,"Sahneflammeri/Sahnepudding, mit Eigelb",Y,244,4,18.85,16.96,0.073,10.99
X8A1040,"Milchreis gesüßt, mit Sojadrink",X,104,4.24,18.4,1.11,1.8,1.25
X461813,Linsen-Eintopf mit Suppengemüse,X,127,7.49,15.8,2.3,6.1,1.8
V250172,"Wildschwein Fleisch, gegrillt",V,209,25.64,0,11.85,0,0
B426500,Roggenvollkornbrötchen mit Sonnenblumenkernen,B,268,8.43,40,5.3,13.08,1.316
Y881153,Vanillequark,Y,138,7.58,11.84,6.54,0,11.84
W149200,Hirschsalami mit Schweinefleisch,W,316,22.66,0.18,24.93,0.1,0
U421200,"Kalb Rücken, tiefgefroren",U,107,20.9,0,2.62,0,0
G750432,"Sojabohne reif, gekocht",G,157,15.41,2.5,7.517,9.037,2.3
V654182,"Hähnchen Magen, gebraten ohne Fett (Pfanne)",V,132,27.82,0,2.32,0,0
Y710162,Spiegelei gebraten in Butter,Y,204,13.19,0.398,16.61,0,0.398
B231000,Haferbrot,B,212,6.63,39,1.55,8,0.695
D477100,Schinkenhörnchen (Quark-Öl-Teig),D,268,14.38,28.4,10.07,2.14,1.47
S230000,Rahmeis/Sahneeis,S,281,3.6,12.46,24.04,0,12.46
X561112,"Kohlrüben/Steckrüben, gedünstet (mit Fett und Salz)",X,50,1.17,2.15,3.4,2.632,1.32
U951800,"Corned Pork, Konserve",U,143,26.2,0.29,4.1,0.08,0
G470042,"Porree/Lauch, geschmort ohne Fett",G,44,2.648,6,0.309,2.8,4.8
G230132,Mangold gekocht,G,16,1.771,0.835,0.268,1.8,0.661
S538500,Vollmilchschokolade mit Getreideflakes,S,532,6.33,55.29,31.12,2.72,45.37
G710162,"Bohne grün, gebacken",G,33,2.633,4.1,0.282,2.224,2.66
T305282,"Goldbutt/Scholle, tiefgefroren, gebraten ohne Fett (Pfanne)",T,82,17.7,0,1.227,0,0
N720500,Kräutertee (Getränk) mit Sahne 30 % Fett und Zucker,N,17,0.076,1.907,1.038,0,1.907
V636182,"Gans Leber, gebraten ohne Fett (Pfanne)",V,165,24.3,1.875,6.69,0,0
X962162,Butternockerln,X,309,9.18,27.23,17.63,2.14,0.35
U543182,Schwein Schnitzel (Nuss) gebraten ohne Fett (Pfanne),U,154,31.82,0,2.99,0,0
G332182,Rosenkohl gebraten ohne Fett (Pfanne),G,81,8.9,4.52,0.68,8.8,3.16
H170600,Cashewkern geröstet mit Fett,H,599,19.8,15.9,49.99,3.3,5
V468182,"Ente Innereien, gebraten ohne Fett (Pfanne)",V,240,27,0,14.62,0,0
S131100,Fruchtaufstrich,S,179,0.5,41.7,0.3,1.5,41.7
D657200,Honigkuchenplätzchen,D,403,7.17,78.7,5.75,3.5,42.3
R481200,"Puddingpulver Schokolade, ungezuckert",R,340,5.98,68.8,2.9,7.34,1.052
M2A1100,"Milchmischgetränk < 1 % Fett, aromatisiert, mit Süßungsmitteln",M,30,2.508,4.763,0.129,0,4.763
T207152,"Köhler/Seelachs, gedünstet",T,94,18.11,0,2.39,0,0
X3A6000,"Bechamelsauce vegan, mit Sojadrink",X,79,3.33,3.4,5.41,1.65,0.41
U571162,Schwein Bratenfleisch (Bug mit Fett und Schwarte) gebraten ohne Fett (Ofen),U,240,27.3,0,14.56,0,0
V481182,"Pute Fleisch, ohne Haut, gebraten ohne Fett (Pfanne)",V,140,27.9,0,3.1,0,0
F511600,Acerolasaft,F,15,0.189,2.394,0.184,,2.394
N4A2000,"Kaffee (Getränk) mit Sojadrink, ungesüßt",N,2,0.22,0.012,0.043,0.36,0.012
R9A5200,Schokoladenfettglasur für Gebäck/Torten,R,428,4.14,35.4,28.87,5.26,33.5
M206100,"Milchmischgetränk < 1 % Fett, mit Kakao/Schokolade, gesüßt",M,52,3.557,8.7,0.2,0.371,8.561
P571000,Apfelkorn,P,127,0.06,6.537,0,0.191,5.919
Y882010,Quarkspeise mit Süßkirschen,Y,120,5.83,12.75,4.91,0.5,12.31
E101132,Wachtelei gekocht,E,135,13.18,0.34,9,0,0.34
D7A3000,Scones (britisches Kleingebäck),D,360,9.46,44.6,15.28,2.81,3.74
G093400,"Suppengrün/Suppenkraut, getrocknet",G,305,12.47,45,2.656,21.7,39.5
U342162,Kalb Schnitzel (Keule) gebraten ohne Fett (Ofen),U,121,28.39,0,0.823,0,0
S462000,Zuckerperlen (Liebesperlen),S,404,0,93.6,0,0,78.8
B111800,Weizenvollkornbrot mit Quark,B,223,9.2,40,1.15,7.79,1.2
Y622913,Kabeljaufilet mit Gemüse in Folie gebacken,Y,97,13.7,1.3,3.8,0.6,0.8
X572512,Topinambur gedünstet (mit Fett und Salz),X,72,1.63,2.82,4.3,7.3,2.81
Y771240,Schnittlauchquark (aus Magerquark),Y,64,9.55,3.73,1.03,0,3.73
U693800,"Schwein Hintereisbein/Hinterhaxe, Kochpökelware",U,167,17.27,0.439,10.67,0,0.439
X538853,Spitzkohl gedünstet (mit Fett und Salz),X,58,1.01,3.63,3.8,2.2,3.53
G582152,Zucchini gedünstet,G,23,1.4,3,0.312,1.2,2.2
U151182,Rind Gulasch (Bug) gebraten ohne Fett (Pfanne),U,179,28.52,0,7.171,0,0
T307182,Schwarzer Heilbutt gebraten ohne Fett (Pfanne),T,173,14.77,0,12.7,0,0
B821000,Paniermehl/Semmelbrösel/Semmelmehl,B,364,11.6,67.48,3.97,5.34,5.3
H730400,Linsenmehl,H,312,23.36,44.8,1.7,12.3,1.3
X513063,Steinpilze gedünstet,X,114,6.56,5.53,6.21,7.2,1.17
D011000,Backerbsen,D,469,9.81,50.7,24.09,5.23,1.76
Y141223,Rinderrahmgulasch,Y,211,15.89,1.5,15.66,0.2,1.5
X518233,Gemüsemischung gebraten,X,59,2.2,7,1.9,2.9,5.3
G541082,"Gemüsepaprika grün, gebraten ohne Fett (Pfanne)",G,65,1.831,11.67,0.407,3.4,11.04
V414142,"Hähnchen ganz, entbeint, mit Haut, geschmort ohne Fett",V,205,25.61,0,11.39,0,0
G230182,Mangold gebraten ohne Fett (Pfanne),G,26,2.761,1.301,0.418,2.7,1.029
Y790240,Meerrettichbutter,Y,557,2.522,3.734,58.69,1.223,2.759
X570143,Grüne Erbsen gedünstet,X,118,4.9,10.28,5.324,4.2,1.157
B561100,Dinkelbrötchen mit Kürbiskernen,B,306,11.7,50,5.35,5.15,1.2
S532000,Milchschokolade mit Knusperreis,S,492,6.99,59.65,24.37,3,40.25
X572612,Chinakohl gedünstet (mit Fett und Salz),X,46,1.438,1.27,3.539,1.4,1.16
B561400,Dinkelbrötchen mit Sonnenblumenkernen,B,304,11.2,50,5.44,5,1.2
D086000,"Biskuitrolle/Biskuitroulade, ungefüllt",D,289,10.92,47.76,5.74,1.47,27.98
T124182,Gelbflossen-Thun gebraten ohne Fett (Pfanne),T,121,29,0,0.55,0,0
D615000,Löffelbiskuits glutenfrei,D,408,11.67,72.44,7.884,0.397,38.37
B710600,Dinkelbrot mit Kürbiskernen,B,248,9.57,41,4.02,4.92,0.392
T033600,Dornhai geräuchert,T,195,13.6,0,15.65,0,0
G332152,Rosenkohl gedünstet,G,41,4.541,2.3,0.347,4.5,1.61
D702000,Baklava,D,561,8.16,44.8,38,3.6,27.44
X880113,Reis gedünstet mit Pfifferlingen,X,141,3.86,20.2,4.5,2.1,0.57
F202152,Nektarine gedünstet,F,53,1.2,10.4,0.2,1.9,9.3
G343162,Wirsing gebacken,G,43,3.269,4.7,0.376,3.3,4
X351440,Salatmarinade mit Meerrettich,X,352,1.21,2,36.71,0.3,1.84
E612000,"Teigwaren eifrei, glutenfrei, roh",E,343,8.416,68.7,2.22,7.362,1.09
V250132,"Wildschwein Fleisch, gekocht",V,224,29.41,0,11.81,0,0
B406500,Vollkornbrötchen mit Sonnenblumenkernen,B,295,10.7,45,5.68,10.24,1.7
X532043,"Broccoli gedünstet, mit gerösteten Mandelblättchen",X,112,4.9,2.5,8.294,3.8,1.58
X880213,Gemüsereis mit Wurzelgemüse und Käse,X,134,3.8,18,4.6,2.2,2.3
V444200,"Poularde Fleisch, mit Haut, tiefgefroren",V,175,19,0,11,0,0
K706400,Butterpilz getrocknet,K,253,20.49,26.29,2.895,36.03,4.262
X556243,Tomaten gefüllt mit Oliven und Schafskäse überbacken,X,180,6.43,2.37,15.6,1.2,2.36
X810033,"Milchreis gesüßt, mit Milch 3,5 % Fett",X,140,4.89,22.4,3.22,0.6,5.35
T791200,Große Sandklaffmuschel tiefgefroren,T,54,10.5,0,1.31,0,0
D071000,"Ausbackteig (mit Milch) gesüßt, roh",D,227,7,27.36,9.6,1.71,4.26
P9B1000,"Cocktail, Campari-Orange",P,74,0.3,9.4,0,0.127,9.4
X711512,"Eier-Frischteigwaren Spätzle, selbstgemacht, roh",X,220,9.3,35.54,3.93,2.62,0.251
W343000,Blutwurst-Grundmasse,W,164,23.28,0.36,7.73,0.1,0.23
T410132,Lachs pochiert,T,187,19.9,0,11.95,0,0
U624172,Schwein Kotelett (Rücken/caudal) gegrillt,U,151,30.98,0,2.99,0,0
U020200,"Schwein Hackfleisch, tiefgefroren",U,271,17.88,0,22.14,0,0
D431500,Baumkuchen/Grillkuchen/Schichtkuchen (Rührmasse),D,462,6.2,46.3,27.38,2.58,30.3
T311182,Flunder gebraten ohne Fett (Pfanne),T,103,19.6,0,2.69,0,0
W288132,Geflügelmortadella gekocht,W,203,11.72,0.008,16.68,0.47,0
D540400,Quarkstrudel (Strudelteig),D,300,11.1,34.1,12.6,1.9,13
D733100,Nusstaler (Mürbeteig),D,525,8.14,50.5,31.47,3.4,19.07
X710213,Milchnudeln (Teigwaren eifrei) mit Rosinen,X,165,5.7,23.9,4.9,0.9,10.8
K440132,Yamswurzel gekocht,K,120,1.6,26.8,0.2,2.3,1.9
V614182,"Hähnchen Herz, gebraten ohne Fett (Pfanne)",V,270,27.89,0,17.66,0,0
U891162,"Schaf Hinterhaxe, mager, gebraten ohne Fett (Ofen)",U,143,27.3,0,3.77,0,0
V513800,"Schwein Herz, Kochpökelware",V,170,26.35,0.797,6.83,0,0.797
Y883340,Schwarzwaldbecher mit Quark (mit Alkohol),Y,186,5.29,16.1,9.94,0.97,15.7
D039000,Zwieback glutenfrei,D,406,2.1,84,6.4,2.1,6.1
V515142,"Lamm Herz, geschmort ohne Fett",V,219,31.5,0,10.3,0,0
B8B2000,Roggenknusperbrot,B,354,9.5,66.4,2.8,12.45,4.8
U741162,"Schaf Schnitzel (Keule, mager) gebraten ohne Fett (Ofen)",U,161,29.8,0,4.67,0,0
K702400,Trüffel getrocknet,K,243,27.52,2,1.694,54.92,2
C218032,"Weichweizen Grieß, gekocht",C,39,1.17,8.04,0.1,0.44,0.08315
X551343,Auberginen mit Tomaten gedünstet,X,55,0.888,3.6,3.647,1.6,3.5
X518412,Karotten und Erbsen gedünstet (mit Fett und Salz),X,76,2.4,7.333,3.33,3.1,3.619
T415152,Königslachs gedünstet,T,163,17.36,0,10.42,0,0
X416713,Gemüsesuppe,X,25,0.9,1.9,1.3,0.9,1.7
U351142,Kalb Gulasch (Bug) geschmort ohne Fett,U,113,25.88,0,1.049,0,0
S141000,Schoko-Nuss-Creme,S,581,10.69,35.4,43.4,2.586,34.78
U532172,"Schwein Kammsteak, gegrillt",U,226,25.26,0,13.89,0,0
T105172,Sardine gegrillt,T,201,26.04,0,10.72,0,0
G510172,Aubergine gegrillt,G,38,1.117,6.04,0.36,2.8,5.38
G220152,Bleichsellerie gedünstet,G,16,1.081,1.5,0.1,2.3,1.4
Y161212,Rinderbraten ohne Sauce,Y,228,27.9,0.02,12.9,0.01,0
U831172,"Schaf Hals/Kamm/Nacken, gegrillt",U,256,26.3,0,16.77,0,0
T604600,"Katfisch/Steinbeißer, geräuchert",T,124,23,0,3.58,0,0
X572312,Mais (Zuckermais) gedünstet (mit Fett und Salz),X,79,2.691,7.8,3.643,2.3,2.91
S142100,Apfelkraut (ohne Zuckerzusatz),S,205,1.5,41.1,1.7,8.9,37.1
T305262,"Goldbutt/Scholle, tiefgefroren, gebraten ohne Fett (Ofen)",T,112,24.34,0,1.65,0,0
V481200,"Pute Fleisch, ohne Haut, tiefgefroren",V,102,20.5,0,2.2,0,0
B6A4100,Mehrkornvollkornknäckebrot mit Ölsamen,B,415,15.8,43,17.1,12.8,1.3
Y311712,Schweinelende gebraten im Ofen (mit Fett und Salz),Y,139,26.06,0.57,3.57,0.1,0.57
B6A1000,Weizenknäckebrot mit Sesam,B,405,14.5,62,9.43,7.12,1.115
X359253,Senfmarinade für Salat,X,542,0.66,0.3,58.73,1,0.3
V050182,Schnecken gebraten ohne Fett (Pfanne),V,73,15.5,0,1.227,0,0
D0A2100,Schoko-Mandelbiskuitboden,D,389,13.93,35.6,20.31,3.8,35.28
D655400,Dicker Honigkuchen,D,398,7.21,71,8.64,3.4,41.8
E530000,Vollkorneierteigwaren roh,E,353,14.11,61.95,2.69,12.3,0.779
D630500,Butterkekse/Butterplätzchen (Mürbeteig) schokoliert,D,518,6.78,58.24,28.1,2.48,42.37
B106800,Vollkornbrot mit Nüssen,B,232,7.62,36,4.23,9.9,0.94
X9A6060,"Pfannkuchenteig/Eierkuchenteig, ungesüßt, mit Milch 3,5 % Fett, roh",X,164,7.5,22.03,4.72,1.48,2.08
X556812,Tomaten gedünstet (mit Fett und Salz),X,47,1.17,4.37,2.26,1.5,3.59
U754182,Schaf Gulasch (Hals/Kamm/Nacken) gebraten ohne Fett (Pfanne),U,227,25.3,0,14,0,0
H130800,Haselnussmus,H,669,16.41,4.3,63.94,5.4,3.889
C552000,Mehrkornflocken,C,326,11.57,57.2,3.071,11.6,1.231
B629000,Knusperbrot glutenfrei,B,351,7.958,73.6,1.606,5.265,2.22
M2A7200,"Milchmischgetränk 1,5 % Fett, mit Kaffee, gesüßt",M,54,2.85,7.9,1.2,0.203,7.84
V475162,"Gans Schenkel, mit Haut, gebraten ohne Fett (Ofen)",V,203,25.62,0,11.12,0,0
W115200,Westfälische grobe Mettwurst,W,326,16.65,0.14,28.75,0.08,0
S580600,"Schokolade weiß, mit Getreideflakes",S,533,6.26,59.16,29.98,0.84,50.63
X535043,Kohlrabi gedünstet (mit Fett und Salz) mit Petersilie,X,80,1.73,3.41,6.3,1.3,3.25
T403152,Bachsaibling gedünstet,T,99,18.9,0,2.6,0,0
W511000,"Kasseler Kamm, Kochpökelware, geräuchert",W,154,20.9,0.611,7.5,0,0.611
T612152,Schwertfisch gedünstet,T,96,17.32,0,2.96,0,0
Q6A7100,"Mischfett mit überwiegend Milchfett, gesalzen",Q,640,0.58,0.638,70.53,0,0.638
T406600,"Felchen/Maräne/Renke/Schnäpel, geräuchert",T,122,22.27,0,3.465,0,0
T209182,Seehecht gebraten ohne Fett (Pfanne),T,101,20.43,0,2.17,0,0
Y610412,Heringsfilet gegrillt,Y,171,18.2,0,10.88,0,0
U421162,"Kalb Rücken, gebraten ohne Fett (Ofen)",U,134,27.11,0,2.832,0,0
T617200,Schafskopf (Meerbrasse) tiefgefroren,T,102,20.2,0,2.41,0,0
G332200,Rosenkohl tiefgefroren,G,45,4.944,2.51,0.378,4.9,1.76
Y583212,"Putenschnitzel natur, gebraten",Y,152,31.47,0,2.923,0,0
B6A3100,Roggenvollkornknäckebrot mit Sesam,B,350,10.48,53.81,6.04,19.07,1.836
X9A2000,"Hirsebrei gesüßt, mit Milch 3,5 % Fett",X,143,5.86,20.31,4.08,0.65,7.02
G543042,"Gemüsepaprika rot, geschmort ohne Fett",G,40,1.115,6.8,0.218,2.418,6.8
S242200,Karamelleis,S,184,4.1,22.16,8.78,0.005,21.69
V417162,"Hähnchen Flügel, mit Haut, gebraten ohne Fett (Ofen)",V,226,24.77,0,14.13,0,0
T601400,"Barsch/Flussbarsch, gesalzen",T,89,20.6,0,0.7,0,0
V354142,"Wachtel Fleisch, ohne Haut, geschmort ohne Fett",V,184,36.5,0,4.28,0,0
T124200,Gelbflossen-Thun tiefgefroren,T,102,24.4,0,0.49,0,0
X432342,"Flädle/Frittaten/Suppenpfannkuchen, gebraten",X,253,8.53,25.28,12.69,1.69,2.52
X611143,Bouillonkartoffeln (mit Fleischbrühe),X,59,1.48,12.6,0.1,1.014,0.636
X523512,Mangold gedünstet (mit Fett und Salz),X,62,1.87,0.881,5.226,1.8,0.697
H511900,"Oliven grün, gefüllt mit Mandeln, gesäuert, abgetropft",H,206,5.012,0.69,19.5,3.7,0.654
G570162,Zuckermais gebacken,G,79,3.859,11.1,1.447,3.3,3.99
X5A3000,"Gemüsemischung Kaisergemüse, gekocht (ohne Sauce)",X,31,1.988,3.9,0.366,2.6,2.74
U543162,Schwein Schnitzel (Nuss) gebraten ohne Fett (Ofen),U,134,27.58,0,2.59,0,0
U727182,"Lamm Kotelett, gebraten ohne Fett (Pfanne)",U,253,24.07,0,17.43,0,0
T797132,Venusmuschel gekocht,T,73,13.8,1.8,1.2,0,0
H861062,Tofu gebacken,H,160,21.54,0,7.819,1.806,0
P9B3000,"Cocktail, Campari-Tonic",P,47,0,6.3,0,0,6.3
V217200,"Hirsch Rücken, tiefgefroren",V,112,20.6,0,3.34,0,0
U482162,"Kalb Keule, gebraten ohne Fett (Ofen)",U,114,26.85,0,0.778,0,0
X432252,"Teigwaren eifrei (mit Salz gekocht), Suppeneinlage",X,145,5.4,28.6,0.7,1.489,0.838
M200200,"Milchmischgetränk 1,5 % Fett, aromatisiert, gesüßt",M,58,3.35,7.71,1.48,0,7.71
G480182,Speisezwiebel gebraten ohne Fett (Pfanne),G,53,1.835,9.54,0.238,2.2,9.54
G343142,Wirsing geschmort ohne Fett,G,65,4.913,7.3,0.566,5,6.2
V604100,"Hähnchen Innereien, roh",V,106,16.61,0,4.37,0,0
T406200,"Felchen/Maräne/Renke/Schnäpel, tiefgefroren",T,113,20.62,0,3.21,0,0
T417400,Wildlachs gesalzen,T,207,22.13,0,13.14,0,0
U733200,"Schaf Filetsteak, tiefgefroren",U,118,22.79,0,2.97,0,0
S421000,Marzipan Rohmasse,S,415,8,37.21,24.9,4.988,37.08
P5A2000,Fruchtsahnelikör,P,242,0.3,29,3.17,0,29
E811000,"Frischteigwaren eifrei, roh",E,145,6.2,23.19,2.65,1.6,0.61
U672200,"Schwein Vordereisbein/Vorderhaxe, tiefgefroren",U,200,22.99,0,12.06,0,0
T604152,"Katfisch/Steinbeißer, gedünstet",T,75,14.11,0,2.03,0,0
U235132,"Rind Hochrippe, gekocht",U,181,26.05,0,8.504,0,0
S582400,Teigschnitte gefüllt mit Milchcreme,S,421,8,34,27.8,1.11,24.4
D433200,Quarknapfkuchen (Rührmasse),D,376,8.5,47.7,16.1,2.6,26.9
U255132,"Rind Brustkern/Mittelbrust, gekocht",U,269,27.88,0,17.49,0,0
K724152,Shiitakepilz gedünstet,K,42,3.5,3.35,0.3,5.87,3.35
B8B5000,Weizenknusperbrot (mit Butter),B,398,11.93,71.8,5.81,5.28,1.448
B416800,Weizenvollkornbrötchen mit Nüssen,B,304,10.7,45,6.84,9.4,1.4
D463100,Dresdner Stollen (Hefeteig) mit Alkohol,D,388,6.3,46.2,17.6,7.6,34
Y235022,Kalbssteak gebraten (mit Fett und Salz),Y,124,22,0.01,3.97,0.01,0
X5A8000,Grüne Bohnen gekocht,X,28,2.161,3.4,0.232,1.886,2.19
G220142,Bleichsellerie geschmort ohne Fett,G,18,1.305,1.7,0.1,2.805,1.6
T793182,"Pilgermuschel/Jakobsmuschel, gebraten ohne Fett (Pfanne)",T,68,16.65,0,0.112,0,0
W010000,"Mürbeteig für Fleisch-/Wurstpasteten, roh",W,393,6.4,39.24,22.75,2.89,0.33
V654200,"Hähnchen Magen, tiefgefroren",V,82,15.9,0,2,0,0
T512182,Schleie gebraten ohne Fett (Pfanne),T,92,21.02,0,0.832,0,0
Y121032,Rinderkotelett gebraten,Y,190,30.12,0.03,7.62,0.4,0.03
U109182,"Rind Ochsenschwanz, gebraten ohne Fett (Pfanne)",U,263,30.1,0,15.8,0,0
Y880312,Quarkspeise mit Ananas,Y,121,5.95,12.33,5.06,0.29,12.33
F552600,Kapstachelbeersaft/Physalissaft,F,68,2.07,12.71,0.88,0.246,12.71
X547063,"Lauch/Porree, gedünstet (mit Fett und Salz)",X,89,2.27,5,6.04,2.3,4
F212152,Sauerkirsche gedünstet,F,80,1.034,15.8,0.575,1.3,14.65
G350182,Romanesco gebraten ohne Fett (Pfanne),G,71,4.848,10.65,0.56,5.8,4.32
Y422032,"Lammkotelett natur, gebraten",Y,291,23.98,0.03,21.69,0.02,0
N257000,Fruchtsaftschorle Orange,N,24,0.435,4.931,0,0.18,4.931
U121172,Rind Kotelett (Rücken) gegrillt,U,151,26.28,0,5.101,0,0
X431242,"Eierstich, Suppeneinlage",X,101,7.75,2.1,6.86,0,2.1
X330043,Grundsauce dunkel/braun (von Fleischbrühe),X,76,1.14,5.53,5.4,0.42,0.02043
E131132,Entenei gekocht,E,182,12.8,0.34,14.4,0,0.34
M863000,"Obatzter/Obazda, Käsezubereitung 60 % Fett i. Tr.",M,298,11.64,1.53,27.19,0.1,1.46
X9A4020,"Pfannkuchen/Eierkuchen, ungesüßt, mit Milch 3,5 % Fett, gebraten in Butter",X,255,8.43,30.2,10.68,2.04,2.55
U533182,"Schwein Schmetterlingssteak, gebraten ohne Fett (Pfanne)",U,162,26.6,0,6.2,0,0
B521000,Roggenbrötchen,B,273,8.27,49,2.87,8.81,0.8205
U881200,"Schaf Keule, mager, tiefgefroren",U,128,22.6,0,4.2,0,0
G583132,Chayote gekocht,G,34,0.76,5.69,0.098,3.467,5
V435132,"Suppenhuhn Schenkel, mit Haut, gekocht",V,226,22.5,0,15.09,0,0
Y846150,Erdbeerschaum (mit Sahne),Y,145,1.9,19.24,6.323,1,19.21
F224152,Mirabelle gedünstet,F,85,0.839,19.29,0.23,2,16.29
T730200,Hummer tiefgefroren,T,81,15.9,0,1.9,0,0
D7A2200,Erdnussplätzchen (Mürbeteig),D,492,10.4,54.5,25,3.5,19.8
N410300,"Kaffee (Getränk) mit Milch 3,5 % Fett und Zucker",N,10,0.23,1.93,0.11,0.2983,1.93
Y446123,Lammcurry,Y,333,22.72,1.2,26.3,0.4,1.2
Y135432,Rindersteak gegrillt,Y,180,25.92,0.01,8.46,0.01,0
V544132,"Schaf Lunge, gekocht",V,88,16.7,0,2.3,0,0
D710200,Löffelbiskuits,D,399,12.59,71.5,6.5,1.93,33.18
W191000,Landjäger,W,364,22.33,0.033,30.52,0,0.014
G614132,"Weiße Rübe/Wasserrübe/Herbstrübe, gekocht",G,39,0.958,6.37,0.213,3.49,5.49
W144000,"Salami Italienische Art, mit Lammfleisch",W,353,22.36,0.23,29.14,0.13,0
M2R8300,"Joghurt mind. 3,5 % Fett, mit Vanillezubereitung, gesüßt",M,94,3.51,12.5,3.05,0.01,11.64
H800400,"Mandeldrink gesüßt, aromatisiert, angereichert mit Vitaminen und Calcium",H,35,0.84,3.08,2.097,0.13,3.05
D614000,Müslikekse glutenfrei,D,432,5.992,55.2,20.22,2.815,29.48
X548912,Zwiebeln gedünstet (mit Fett und Salz),X,66,0.97,4.88,4.4,1.1,4.88
Y341013,Schweinegulasch mit Tomaten und Zwiebeln,Y,111,13.27,3.29,4.71,0.9,3.29
V224100,"Reh Rücken, mariniert, roh",V,114,20.7,0.34,3.29,0.2,0.34
V485182,"Pute Keule, ohne Haut, gebraten ohne Fett (Pfanne)",V,166,29.54,0,5.309,0,0
H120610,Walnuss geröstet ohne Fett,H,734,16.07,3,72.04,4.7,2.735
X442043,Grundsuppe dunkel,X,47,0.84,3.23,3.4,0.24,0.01385
B111000,Weizenvollkornbrot,B,180,7.554,31.9,0.86,6.825,1
Y841263,Süßkirschkompott,Y,93,0.686,21.5,0.236,1.4,20.23
H130400,Haselnuss gemahlen,H,662,16.25,4.2,63.3,5.3,3.85
D085000,Wiener Tortenboden (hell),D,362,8.45,46.75,15.46,1.04,26.82
U872200,"Schaf Vorderhaxe, mittelfett, tiefgefroren",U,180,18.8,0,11.6,0,0
U452132,"Kalb Brust, gekocht",U,232,23.66,0,15.21,0,0
C327032,"Buchweizen Grütze, gekocht",C,89,3.62,16.99,0.431,1.54,0.097
T506200,Wels tiefgefroren,T,128,15.3,0,7.4,0,0
Y7A2020,Lachs-Dillcreme (mit Frischkäse),Y,230,10.7,2.46,19.5,0,2.46
G660152,Knollensellerie gedünstet,G,27,1.396,2.5,0.297,3.8,1.901
S155000,Apfeldicksaft,S,302,0.665,72.62,0,2.127,65.76
D610600,Zuckerlis (Eiklarmasse),D,434,13,43.9,21.72,5.7,34.63
V4A6182,"Hähnchen Brust, ohne Haut, gebraten ohne Fett (Pfanne)",V,136,29.28,0,2.15,0,0
X8A1000,Brühreis (mit Gemüsebrühe),X,142,3.15,28.9,1.3,0.9,0.5
W288182,Geflügelmortadella gebraten ohne Fett (Pfanne),W,274,15.4,0.011,22.67,0.6,0
U522800,"Schwein Stielkotelett, Kochpökelware",U,135,18.01,0.438,6.84,0,0.438
U402000,"Kalb Fleisch, fett- und sehnenfrei (KA I) roh",U,117,20.74,0,3.824,0,0
X880453,Curryreis,X,136,2.185,21.3,4.536,0.7,0.08
V484162,"Pute Fleisch, mit Haut, gebraten ohne Fett (Ofen)",V,221,29.63,0,11.33,0,0
X5A6000,Artischocken gedünstet mit Orangensaft,X,63,1.56,3.5,3.4,5.6,3.5
T410072,Lachs gegrillt,T,206,22.94,0,12.65,0,0
V320200,"Rebhuhn Fleisch, tiefgefroren",V,248,35,0,12,0,0
N4A1000,"Kaffee (Getränk) mit Mandeldrink, ungesüßt",N,2,0.14,0.006,0.072,0.31,0.006
C515600,"Cornflakes gesüßt, mit Zuckerglasur",C,383,4.62,88.35,0.54,3.165,35.41
X521043,"Spinat gedünstet, mit Sahne",X,85,2.388,1.46,7.307,2,1.27
V531182,"Rind Leber, gebraten ohne Fett (Pfanne)",V,159,22.81,6.625,4.575,0,0
T309282,"Seezunge tiefgefroren, gebraten ohne Fett (Pfanne)",T,86,19.83,0,0.788,0,0
V402162,"Baby-Pute Fleisch, mit Haut, gebraten ohne Fett (Ofen)",V,213,32.85,0,9.053,0,0
T061152,"Hornfisch/Hornhecht, gedünstet",T,96,17.2,0,3,0,0
U852132,"Schaf Brust, mittelfett, gekocht",U,239,28.6,0,13.8,0,0
V438132,"Suppenhuhn Innereien, gekocht",V,204,25.2,0,11.51,0,0
Y562032,Hähnchenbrustfilet gebraten,Y,145,30.73,0,2.44,0,0
Y638332,Steinbuttfilet pochiert (ohne Sauce),Y,67,13.45,0,1.487,0,0
X552153,Schmorgurken,X,137,1.59,3.05,12.86,1,3.04
K701200,Champignon tiefgefroren,K,36,4.58,3.6,0.342,2.4,0.2
X423363,Rinderkraftbrühe mit Perlgraupen,X,24,1.07,4.1,0.3,0.3,0.115
U221800,Rind Roastbeef (Rücken) Rohpökelware,U,122,21.12,0.47,3.977,0,0.47
B781600,Dinkelvollkornbaguette,B,227,8.8,40,1.98,6.91,1.8
D076000,"Ausbackteig (mit Bier) ungesüßt, roh",D,214,5.9,25.09,8.45,1.78,0.262
U563142,Schwein Roulade (Oberschale) geschmort ohne Fett,U,152,31.01,0,3.09,0,0
T615142,"Rotbarsch/Goldbarsch, gedämpft",T,84,13.7,0,3.3,0,0
S538900,Vollmilchschokolade mit alkoholhaltiger Füllung,S,490,8.5,54.84,23.5,1.69,54.42
N540100,Zichorienkaffee (Getränk),N,6,0.129,0.97,0.03,0.543,0.144
U622800,Schwein Kotelett (Rücken/cranial) Kochpökelware,U,135,18.01,0.438,6.84,0,0.438
X5A9000,"Karotten/Möhren, gekocht",X,40,0.837,6.53,0.399,3,6.429
X5A7010,Kürbis gebacken,X,69,1.26,6.66,3.23,3.92,5.83
D651300,Printen,D,383,5.2,74.4,6.6,2.6,41.9
D730600,Spekulatius (Mürbeteig),D,486,8.73,53.9,25.41,3.5,19.72
K110143,"Kartoffel geschält, druckgedämpft",K,81,2.08,17.35,0.04,1.7,0.873
B551100,Weizenmischbrötchen mit Kürbiskernen,B,304,10.1,51,5.16,6.1,1.7
V217142,"Hirsch Rücken, geschmort ohne Fett",V,140,26.81,0,3.66,0,0
G345600,Gemüsesaft aus Sauerkraut,G,18,0.956,0.79,0.248,0.214,0.616
E112162,"Hühnerei Eigelb, gebacken",E,414,18.4,0.253,37.71,0,0.253
G570172,Zuckermais gegrillt,G,72,3.456,10.1,1.323,3,3.65
K740152,Austernpilz gedünstet,K,45,4.66,1.78,0.31,8.239,1.56
D073000,"Brandmasse/Brandteig, roh",D,178,6.75,16.21,9.29,1.19,0.223
X356050,Quarkdressing,X,63,8.35,3.61,1.15,0.01,3.59
T601600,"Barsch/Flussbarsch, geräuchert",T,85,19.86,0,0.6,0,0
Y524233,Rehragout,Y,144,20,2.1,3.5,0.9,2.1
G760262,"Erbse grün, tiefgefroren, gebacken",G,92,5.8,11.9,0.824,6.235,6.4
D041000,Erdnussflips,D,478,15.2,43.6,25,8.9,2.5
U861200,"Schaf Bug/Schulter, mager, tiefgefroren",U,140,19.7,0,6.76,0,0
D730700,Käseplätzchen salzig (Mürbeteig),D,527,14.4,25.1,40.54,1.83,0.315
B121400,Roggenvollkornbrot mit Sonnenblumenkernen,B,208,6.44,33,3.01,11.41,1.092
G484152,Perlzwiebel gedünstet,G,33,1.133,5.89,0.147,1.4,5.89
G510142,Aubergine geschmort ohne Fett,G,24,0.705,3.78,0.223,1.8,3.36
F116600,Apfelnektar mit Süßungsmitteln,F,22,0.048,5.294,0,0.155,4.794
V635182,"Ente Leber, gebraten ohne Fett (Pfanne)",V,173,26.1,1.765,6.82,0,0
K750400,Mischpilze getrocknet,K,257,26.8,16.5,2.2,38.86,7.42
Y8A8000,"Backteig gesüßt, mit Milch 3,5 % Fett, roh",Y,231,7.1,28.36,9.53,1.79,4.2
Y243132,Kalbfleischspieße gegrillt,Y,96,10.8,5.1,3.2,0.9,5.1
D616000,Haselnussplätzchen glutenfrei,D,554,5.2,50.7,36.1,2.6,17.1
X9A6010,"Backteig ungesüßt, mit Milch 3,5 % Fett, roh",X,177,7.81,27.3,3.61,1.88,1.94
G332132,Rosenkohl gekocht,G,47,3.8,5,0.4,3.99,3.7
V432132,"Suppenhuhn Fleisch, mit Haut, gekocht",V,246,24.48,0,16.42,0,0
T615600,"Rotbarsch/Goldbarsch, geräuchert",T,145,23.8,0,5.5,0,0
X821212,"Reis poliert, gedünstet (mit Fett und Salz)",X,122,1.984,19,4.018,0.7,0.28
Y880040,"Quarkspeise einfach, mit Schokolade",Y,117,7.47,15.01,2.77,0.32,14.9
S622300,Pralinen gefüllt mit Pfefferminzcreme,S,486,3.97,61.7,19.36,5.56,41
B314072,"Weizentoastbrot/Buttertoastbrot, getoastet",B,319,10.11,57.07,4.378,4.813,4.513
D793100,Müslikekse (Vollkornmürbeteig),D,405,8.5,59.2,13.2,6.5,35.7
D026000,Vollkornzwieback,D,398,12.26,68,6.16,10.81,10.75
F545182,Kochbanane gebraten ohne Fett (Pfanne),F,193,1.76,44,0.1,3.3,11.5
D6A4000,Florentiner (Mandelmasse),D,536,10.65,31.5,39.48,5.8,30.8
X8A1050,"Milchreis gesüßt, mit Mandeldrink",X,138,3.57,23.3,3.17,1.1,1.7
Y292012,Kalbfleisch gekocht (mit Fett und Salz),Y,305,25.06,0,22.72,0,0
B710900,Dinkelbrot mit Sonnenblumenkernen,B,247,9.13,41,4.08,4.79,0.494
V468200,"Ente Innereien, tiefgefroren",V,154,17.9,0,9.21,0,0
U751182,"Schaf Gulasch (Bug, mager) gebraten ohne Fett (Pfanne)",U,182,27.5,0,7.95,0,0
S242500,"Speiseeis (Nuss, Schoko, Vanille) gemischt",S,222,3.13,26.22,11.15,1.51,21.83
B256700,Weizenmischbrot mit Nüssen,B,243,7.5,41,4.07,6.4,0.698
K130362,"Pommes frites tiefgefroren, gebacken, gesalzen",K,167,3.01,27.3,4.31,3.333,0.209
U403100,"Kalb Fleisch, geringer Sehnenanteil, sichtbarer Fettanteil max. 5 % (KA II) roh",U,152,19.95,0,8.029,0,0
T313182,Rotzunge gebraten ohne Fett (Pfanne),T,84,18.41,0,1.12,0,0
D025000,Vollkornzwieback ungesüßt,D,406,13.07,62,9.1,11.71,0.747
M2Q8320,"Milchmischgetränk 3,5 % Fett, mit Kakao/Schokolade, gesüßt, angereichert mit Vitaminen",M,78,3.7,7.6,3.5,0.386,7.55
U255800,"Rind Brustkern/Mittelbrust, Rohpökelware",U,184,17.48,0.47,12.51,0,0.47
C532100,Vollmilchschokolade mit Puffreis und Crispies,C,522,6.55,56.3,29.56,2.5,43.24
V486162,"Pute Brust, ohne Haut, gebraten ohne Fett (Ofen)",V,164,37.87,0,1.414,0,0
U867132,"Lamm Bug/Schulter, gekocht",U,172,29.86,0,5.841,0,0
U382200,Kalb Kochfleisch (Brust) tiefgefroren,U,200,18.59,0,13.99,0,0
G482142,"Frühlingszwiebel/Lauchzwiebel, geschmort ohne Fett",G,34,2.4,3.7,0.24,3.2,3.5
N410400,"Kaffee (Getränk) mit Kondensmilch 7,5 % Fett",N,5,0.33,0.311,0.252,0.3038,0.311
U131182,Rind Steak (Rücken) gebraten ohne Fett (Pfanne),U,166,29.12,0,5.532,0,0
X532512,Broccoli gedünstet (mit Fett und Salz),X,82,3.738,2.4,5.64,3.1,1.43
G620162,"Karotte/Möhre, gebacken",G,47,0.988,7.613,0.471,3.4,7.494
G212152,Gemüseamaranth gedünstet,G,22,2.62,0.98,0.35,1.9,0.79
V535182,"Lamm Leber, gebraten ohne Fett (Pfanne)",V,144,22.2,1.1,5.59,0,0
S491000,Sesam-Krokant,S,488,10.66,44.7,25.7,5.702,32.9
F140152,Quitte gedünstet,F,54,0.433,8.4,0.515,6.103,7.193
X574412,Dicke Bohnen gedünstet (mit Fett und Salz),X,92,4.5,5.1,4.9,4.8,1
G220132,Bleichsellerie gekocht,G,17,1.227,1.5,0.1,2.698,1.4
S570500,Bitterschokolade gefüllt mit Gewürzcreme,S,531,7.15,32.1,39.78,8.07,29.4
N630500,Schwarztee (Getränk) mit Sahne 30 % Fett und Zucker,N,17,0.076,1.907,1.038,0,1.907
X512053,Pfifferlinge gedünstet,X,97,4.61,1.5,7.3,3.7,1.1
Y720143,Rührei gebraten,Y,203,12.88,0.39,16.61,0.1,0.38
B8A5000,"Sauerteigbrot mit Kürbiskernen, glutenfrei",B,234,9.1,30.6,7.4,4.2,1
Y221232,"Kalbskotelett natur, gebraten",Y,138,24.45,0,4.414,0,0
X930512,"Buchweizenpfannkuchen ungesüßt, gebraten",X,259,7.51,31.53,10.8,2.68,0.461
T309252,"Seezunge tiefgefroren, gedünstet",T,66,14.91,0,0.667,0,0
Q993000,Salatmayonnaise (Fertigprodukt),Q,490,0.4,7.295,50.75,0.028,4.891
D7B3000,"Butterkekse/Butterplätzchen, kakaohaltig (Mürbeteig)",D,527,6.77,54,30.63,4.26,20.73
Q4B1000,Pflanzencreme zum Braten und Kochen,Q,662,0,0,73.5,0,0
D657300,Pflastersteine,D,430,6.39,76.7,10.05,3.1,39.67
X493243,"Holundersuppe mit Apfel, gebunden mit Stärke",X,67,1.373,11.2,0.948,2.1,10.69
T204232,"Dorsch/Kabeljau, tiefgefroren, pochiert",T,66,15.15,0,0.585,0,0
Y687163,Schnecken im Sud gekocht,Y,78,16.5,0,1.289,0,0
G581062,Kürbis Hokkaido (C. maxima) gebacken,G,35,1.647,6.233,0.235,0.918,5.4
D482200,Zwetschgenkuchen (Mürbeteig),D,216,3.21,28.12,9.61,2.2,11
S440000,Gelee-Früchte,S,331,0.015,78.6,0,0.048,70.3
W512000,"Kasseler Rippenspeer, Kochpökelware, geräuchert",W,131,17.07,0.437,6.82,0,0.437
U632700,"Schwein Kamm, Rohpökelware, geräuchert",U,165,17.95,0.492,10.19,0,0.492
X476512,Tsatsiki,X,81,2.4,3.5,6.02,0.6,3.5
X991442,Graupen nach Risottoart,X,112,3.61,16.4,3.3,1.2,1.16
D750200,Streuselschnecken (Hefeteig),D,393,8.1,52,16.31,2.93,14.64
D651700,Backoblaten,D,334,9.53,69.58,0.85,4.87,0.2791
F323152,Johannisbeere schwarz gedünstet,F,60,1.447,9.16,0.232,3.7,9.16
D4A6100,Hefezopf mit Sultaninen,D,349,8.9,60,7.1,4.1,14.8
X930252,"Quarkpfannkuchen ungesüßt, gebraten",X,196,7.6,17.15,10.5,1.14,1.78
V413182,"Hähnchen Fleisch, ohne Haut, gebraten ohne Fett (Pfanne)",V,156,27.5,0,5.1,0,0
M208000,"Milchmischgetränk 3,5 % Fett, mit Kaffee, gesüßt",M,76,2.75,7.92,3.72,0.05342,7.92
Y842253,Reneclaudenkompott,Y,75,0.6,17.5,0,1.618,15.6
X702042,"Vollkorn-Eier-Frischteigwaren selbstgemacht, roh",X,222,10.77,33.35,3.62,6.6,0.5
K701152,Champignon gedünstet,K,41,5.15,4.2,0.386,2.7,0.3
G331182,Kohlrabi gebraten ohne Fett (Pfanne),G,53,3.593,7.19,0.296,2.8,6.859
X4B1000,Pfirsichkaltschale gebunden mit Stärke,X,61,0.7,13.57,0.081,1.3,11.71
S580300,"Schokolade weiß, mit Kokoschips",S,564,6.28,52.7,36.06,1.73,52.64
V514182,"Schaf Herz, gebraten ohne Fett (Pfanne)",V,159,24.1,0,6.99,0,0
T020132,Tintenfisch gekocht,T,71,15.09,0,1.22,0,0
T615200,"Rotbarsch/Goldbarsch, tiefgefroren",T,92,15.3,0,3.47,0,0
G230162,Mangold gebacken,G,20,2.176,1.026,0.329,2.1,0.812
S463000,Dragee-Streusel,S,408,0.237,96.2,1.8,0.284,92.1
T305162,"Goldbutt/Scholle, gebraten ohne Fett (Ofen)",T,104,23.7,0,1,0,0
G480162,Speisezwiebel gebacken,G,39,1.36,7.08,0.176,1.6,7.08
T720200,Languste tiefgefroren,T,79,17.2,0,1.1,0,0
F110700,Apfelnektar,F,37,0.048,8.894,0,0.155,8.394
G898300,Tafel-Meerrettich Konserve,G,171,3.172,9.451,11.92,2.315,7.697
B822000,Paniermehl glutenfrei,B,376,6.461,78,3.8,1.974,0.23
X655022,"Kartoffelpuffer/Reibekuchen, gebraten",X,206,4.23,18.08,12.61,1.5,1.15
G520062,Gurke gebacken,G,20,1.249,2.32,0.235,1.1,2.32
S538800,Vollmilchschokolade gefüllt mit Kokoscreme,S,575,5.36,49.5,38.94,2.72,49.1
T861700,Kaviarersatz (Seehase),T,136,19.4,0,6.45,0,0
W415000,"Schwein Frühstücksspeck, Rohpökelware, geräuchert",W,304,16.58,0.492,26.22,0,0.492
G553152,"Pfefferschote grün, gedünstet",G,44,2.2,7.48,0.2,1.6,7.08
M2A0200,"Milchmischgetränk 1,5 % Fett, aromatisiert, gesüßt, angereichert mit Vitaminen",M,58,3.35,7.71,1.48,0,7.71
E113132,"Hühnerei Eiklar, gekocht",E,42,9.9,0.41,0.03,0,0.41
K703400,Morchel getrocknet,K,231,19.69,4.7,2.532,55.48,4.7
T102132,Hering pochiert,T,147,16.3,0,9.119,0,0
K410432,"Maniok/Cassava, gekocht",K,146,1.032,33.5,0.23,2.92,1.4
B227700,Roggenbrot mit Quark,B,210,6.35,40,0.78,8.89,1.1
C532200,Weiße Schokolade mit Puffreis und Crispies,C,522,6.41,60.24,28.16,0.87,47.71
U291200,"Rind Hinterhesse, tiefgefroren",U,140,21.4,0,6,0,0
U554182,Schwein Gulasch (Restbug) gebraten ohne Fett (Pfanne),U,166,30.96,0,4.64,0,0
G230152,Mangold gedünstet,G,18,1.968,0.927,0.298,1.9,0.733
V421000,"Hähnchen Brustfilet, mariniert, roh",V,130,20.99,1.66,4.34,0.1,1.61
U231132,"Rind Hals/Kamm/Nacken, gekocht",U,199,27.94,0,9.738,0,0
V432200,"Suppenhuhn Fleisch, mit Haut, tiefgefroren",V,257,18.5,0,20.3,0,0
W225000,Stockwurst/Münchner Stockwurst,W,195,10.98,0.02,16.76,0.07,0.02
S621000,Pralinen mit alkoholhaltiger Füllung,S,472,3.57,54.7,21.32,5.01,47.4
G230142,Mangold geschmort ohne Fett,G,30,3.271,1.557,0.495,3.2,1.232
D712000,"Kekse/Plätzchen, eiweißarm",D,466,0.368,78.5,16.5,0.762,20.7
S537000,Vollmilchschokolade mit Mandeln,S,554,10.3,39.97,38,5.3,39.44
G582172,Zucchini gegrillt,G,46,2.8,6,0.638,2.4,4.5
Y841743,Pflaumenkompott/Zwetschgenkompott,Y,66,0.21,15.57,0.121,1.2,13.71
T213152,"Alaska-Pollack/Alaska-Seelachs, gedünstet",T,51,11,0,0.78,0,0
W424032,"Schwein Kochschinken, Kochpökelware, gekocht",W,150,27.24,0.89,3.554,0,0.89
B6A2900,Roggenvollkornknäckebrot mit Leinsamen und Weizenkeimen,B,338,11.53,54,4.01,20.1,1.891
K740182,Austernpilz gebraten ohne Fett (Pfanne),K,52,5.43,2.08,0.361,9.59,1.82
K703182,Morchel gebraten ohne Fett (Pfanne),K,48,4.079,1,0.525,11.49,1
T710132,"Edelkrebs/Flusskrebs, gekocht",T,61,13.89,0,0.58,0,0
X545063,Spargel gekocht (ohne Sauce),X,28,1.912,3.93,0.152,1.4,3.75
Y864112,Apfelmus ungesüßt,Y,51,0.37,10.2,0.436,1.984,9.146
Y840643,Brombeerkompott,Y,80,0.91,18.6,0.1,2.2,15.3
R940000,"Vanillecreme/Vanilleflammeri, eihaltig, für Gebäck/Torten",R,122,3.6,17.09,4.35,0.06,10.66
W121400,Geflügelteewurst mit Schweinefleisch,W,195,20.77,0.1,12.35,0.06,0
V486182,"Pute Brust, ohne Haut, gebraten ohne Fett (Pfanne)",V,148,33.74,0,1.414,0,0
K430132,"Topinambur/Erdartischocke, gekocht",K,52,2.288,3.75,0.384,11.69,3.75
Y840743,Stachelbeerkompott,Y,94,0.63,21.47,0.108,2.123,19.59
G263152,Sauerampfer gedünstet,G,26,3.394,1.234,0.383,2.074,0.769
X924012,"Pfannkuchen/Eierkuchen, ungesüßt, mit Milch 1,5 % Fett, gebraten ohne Fett",X,195,8.89,32.2,2.87,2.19,2.58
X471443,Schokoladen-Milchsuppe gebunden mit Stärke,X,115,3.82,12.97,5.24,0.41,10.97
W411000,"Schwein Speck (Rückenspeck) Rohpökelware, geräuchert",W,699,4.13,0,75.8,0,0
T420152,Forelle gedünstet,T,144,19.24,0,7.27,0,0
X434442,Weißbrotwürfel geröstet in Butter (Croutons),X,492,7.44,40.84,32.43,3.21,3.43
X5A8010,Grüne Erbsen in Sahne gedünstet,X,182,5.4,10.96,11.89,4.2,1.835
G311162,Blumenkohl gebacken,G,50,3.414,7.52,0.394,4.1,3.05
G346100,Weinsauerkraut roh,G,23,1.104,0.99,0.304,2.097,0.77
G561132,Tomate gekocht,G,22,0.994,3.4,0.115,1.4,3.4
K724400,Shiitakepilz getrocknet,K,270,22.8,21.74,1.8,38.09,21.74
U574162,Schwein Bratenfleisch (Bug ohne Fett und Schwarte) gebraten ohne Fett (Ofen),U,169,27.44,0,6.57,0,0
D0A4100,Schoko-Wasserbiskuitboden,D,306,9.12,55.6,4.65,2.88,34.31
U4A3100,"Kalb Fleisch, sichtbarer Fettanteil max. 15 % (KA III) roh",U,215,18.52,0,15.7,0,0
F092100,"Beerenmischung mit Sauerkirschen, ungesüßt, roh",F,50,1.1,7.9,0.3,3.5,7
F090400,Fruchtmischung getrocknet (Trockenfrucht-Mix),F,261,2.58,55.5,0.35,8.7,52.2
S582000,"Knusperpraline mit Milchschokolade, Cornflakes und Mandelstückchen",S,493,7.31,58.11,24.85,3.8,38.5
B254000,Weizenmischtoastbrot,B,246,7.6,45,2.76,5.18,1.5
X320243,Bechamelsauce,X,88,2.5,5.42,6.2,0.22,2.44
T601152,"Barsch/Flussbarsch, gedünstet",T,70,16.24,0,0.6,0,0
U333172,"Kalb Filetsteak, gegrillt",U,144,25.44,0,4.7,0,0
S241700,"Speiseeis Schokolade, überzogen mit Schokolade",S,315,4.47,35.4,16.34,3.48,31.9
F516400,Mango getrocknet,F,322,3.8,65,2.44,9.2,59.8
T512400,Schleie gesalzen,T,87,19.81,0,0.874,0,0
V552132,"Kalb Magen/Gekröse, gekocht",V,156,19.03,0,8.893,0,0
G542182,"Gemüsepaprika gelb, gebraten ohne Fett (Pfanne)",G,48,1.356,7.495,0.339,3.729,7.495
W114100,Grobe Mettwurst fettreduziert,W,182,22.24,0.15,10.21,0.08,0
U852200,"Schaf Brust, mittelfett, tiefgefroren",U,179,19.6,0,11.2,0,0
Y134022,Rinderrumpsteak gebraten,Y,180,28.7,0.02,7.26,0.01,0
G670182,Wurzelpetersilie gebraten ohne Fett (Pfanne),G,140,5.333,25.5,0.87,3.944,11.2
G543072,"Gemüsepaprika rot, gegrillt",G,39,1.08,6.65,0.215,2.366,6.65
U080132,"Rind Leberhack, gekocht",U,174,26.2,7.227,4.436,0,0
W223100,Geflügelbratwurst,W,184,10.9,0.08,15.52,0.04,0
M2A6100,"Milchmischgetränk < 1 % Fett, mit Kakao/Schoko, Zucker und Süßungsmitteln",M,44,3.174,7.2,0.2,0.356,7.116
V416162,"Hähnchen Brustfilet, gebraten ohne Fett (Ofen)",V,144,31.85,0,1.86,0,0
V413200,"Hähnchen Fleisch, ohne Haut, tiefgefroren",V,131,20.2,0,5.6,0,0
H190700,"Macadamianuss geröstet ohne Fett, gesalzen",H,752,9.12,5.1,75.5,7.9,4.1
G680152,Rettich gedünstet,G,20,1.029,2.91,0.147,1.2,1.942
T302200,Steinbutt tiefgefroren,T,82,16.7,0,1.73,0,0
S332000,Sahnekaramelle,S,434,3.8,79.4,7.7,0,64
T502182,"Blei/Brachsen/Brasse, gebraten ohne Fett (Pfanne)",T,112,19.71,0,3.72,0,0
H800200,"Mandeldrink gesüßt, aromatisiert",H,31,0.85,1.99,2.12,0.13,1.961
X0A1010,"Cornflakes mit Milch 3,5 % Fett und Honig gesüßt",X,160,4.06,29.07,2.79,1.12,8.2
G561082,Tomate gebraten ohne Fett (Pfanne),G,36,1.61,5.5,0.186,2.2,5.5
G090100,"Gemüsemischung Kaisergemüse, roh",G,37,2.309,4.7,0.427,2.9,3.28
U271200,"Rind Vorderhesse, tiefgefroren",U,128,20.2,0,5.3,0,0
G640162,Pastinake gebacken,G,70,3.162,11.4,0.506,2.506,3.601
C518000,Popcorn gesalzen,C,395,7.531,54.67,14.71,6.7,1.209
P3A2000,Sekt mit Orangensaft,P,58,0.375,5.3,0,0.155,5.3
G331162,Kohlrabi gebacken,G,34,2.282,4.56,0.188,1.8,4.358
C236032,"Dinkel ganzes Korn, gekocht",C,177,7.52,31.05,1.22,6.09,0.549
U881142,"Schaf Keule, mager, geschmort ohne Fett",U,181,33.5,0,5.25,0,0
Y860940,Buttercreme (zum Füllen und Überziehen),Y,581,2,35.83,47.72,0,35.83
Y710352,Spiegelei gebraten mit Kochschinken,Y,204,17.71,0.57,14.35,0,0.56
G670400,Wurzelpetersilie getrocknet,G,339,12.85,61.5,2.097,9.505,27
G561072,Tomate gegrillt,G,26,1.149,4.01,0.136,1.6,4.01
V414200,"Hähnchen ganz, entbeint, mit Haut, tiefgefroren",V,186,18.37,0,12.53,0,0
V444162,"Poularde Fleisch, mit Haut, gebraten ohne Fett (Ofen)",V,190,24.1,0,10.4,0,0
G312152,Broccoli gedünstet,G,39,3.937,2.5,0.6486,3.3,1.5
G480152,Speisezwiebel gedünstet,G,33,1.133,5.89,0.147,1.4,5.89
X9A2120,"Porridge ungesüßt, mit Wasser",X,71,2.687,10.8,1.351,2.232,0.15
U452800,"Kalb Brust, Rohpökelware",U,186,17.33,0.471,12.7,0,0.471
S581400,Milchschokoladen-Riegel gefüllt mit Karamell und Knusperkeks,S,497,5.5,65.7,21.4,2.14,43.9
X434243,"Grießklößchen, Suppeneinlage",X,152,6.93,17.59,5.7,1.23,1.46
F501152,Ananas gedünstet,F,47,0.5,9.7,0.1,1.4,9.7
W110000,Braunschweiger Mettwurst Ia,W,405,21.08,0.12,35.6,0.07,0
T121162,Thunfisch gebraten ohne Fett (Ofen),T,165,27.3,0,6.23,0,0
T615152,"Rotbarsch/Goldbarsch, gedünstet",T,84,13.7,0,3.3,0,0
T118182,"Schildmakrele/Stöcker, gebraten ohne Fett (Pfanne)",T,132,22.34,0,4.78,0,0
U070162,"Rind Tatar/Schabefleisch, gebraten ohne Fett (Ofen)",U,147,29.33,0,3.333,0,0
N256000,Fruchtsaftschorle Apfel,N,26,0.056,6.139,0,0.18,5.559
G582142,Zucchini geschmort ohne Fett,G,23,1.4,3,0.312,1.2,2.2
W510082,"Kasseler, Rohpökelware, geräuchert, gebraten ohne Fett (Pfanne)",W,144,30.13,0,2.604,0,0
V584132,"Schaf Bries, gekocht",V,91,15.4,0,3.28,0,0
N630800,Schwarztee (Getränk) mit Alkohol,N,15,0,0,0,0,0
U522172,"Schwein Stielkotelett, gegrillt",U,223,27.27,0,12.67,0,0
X573012,Auberginen gedünstet (mit Fett und Salz),X,46,0.66,2.8,3.2,1.4,2.7
K717182,Rotkappe gebraten ohne Fett (Pfanne),K,56,3.562,5.36,1.279,7.738,0.869
U891200,"Schaf Hinterhaxe, mager, tiefgefroren",U,112,20.4,0,3.35,0,0
Y381352,Schweinebauch gekocht (Wellfleisch),Y,354,22.32,0,29.42,0,0
V536182,"Hammel Leber, gebraten ohne Fett (Pfanne)",V,146,22.89,3.409,4.489,0,0
H230400,Kastanienmehl,H,359,4.995,70.35,3.244,14.29,23.74
U891132,"Schaf Hinterhaxe, mager, gekocht",U,169,32.3,0,4.47,0,0
U57A172,"Schwein Grillbauch, gegrillt",U,421,23.65,0,36.24,0,0
G420132,"Stielmus/Rübstiel, gekocht",G,18,1.5,0.78,0.3,3.2,0.78
S231200,Speiseeis durchzogen mit Schokolade,S,231,2.85,25.5,12.59,1.32,21.2
G510162,Aubergine gebacken,G,22,0.671,3.56,0.212,1.6,3.17
N720600,Kräutertee (Getränk) mit Zucker,N,7,0,1.861,0,0,1.861
U867142,"Lamm Bug/Schulter, geschmort ohne Fett",U,169,29.39,0,5.75,0,0
U485162,"Kalb Kugel/Nuss, gebraten ohne Fett (Ofen)",U,114,26.85,0,0.778,0,0
U471100,"Kalb Haxe, roh",U,118,19.3,0,4.51,0,0
C351032,"Reis unpoliert, gekocht",C,128,3.006,26.32,0.917,1.4,0.26
U371200,Kalb Bratenfleisch (Bug) tiefgefroren,U,94,21.2,0,1.01,0,0
T424200,Meerforelle tiefgefroren,T,108,18.4,0,3.61,0,0
U863132,"Schaf Bug/Schulter, fett, gekocht",U,408,27.2,0,33.3,0,0
G331152,Kohlrabi gedünstet,G,30,2.042,4.09,0.168,1.6,3.899
C352032,"Reis poliert, gekocht",C,117,3.3,24.8,0.35,0.61,0.1
G344152,Spitzkohl gedünstet,G,34,1.32,4.93,0.2,3.3,4.78
G350152,Romanesco gedünstet,G,38,2.635,5.79,0.304,3.2,2.34
X651443,Kümmelkartoffeln gebacken,X,138,2.51,22.63,3.801,1.741,1.79
X535312,Kohlrabi gedünstet (mit Fett und Salz),X,80,1.71,3.42,6.3,1.3,3.27
K410162,"Maniok/Cassava, gebacken",K,187,1.282,43,0.295,3.705,1.8
U579162,"Schwein Schwartenbraten (Krustenbraten) gebraten, ohne Fett (Ofen)",U,256,25.55,0,17.07,0,0
D623000,Marmorwaffeln (Rührmasse),D,505,9.89,44.2,31.64,2.1,20.27
K430162,"Topinambur/Erdartischocke, gebacken",K,70,3.128,5.128,0.526,15.47,5.128
U863142,"Schaf Bug/Schulter, fett, geschmort ohne Fett",U,383,25.5,0,31.2,0,0
M2S8300,"Ayran, Joghurtgetränk, gesalzen",M,39,2.29,2.69,1.96,0,2.69
N720200,"Kräutertee (Getränk) mit Milch 3,5 % Fett",N,2,0.12,0.13,0.12,0,0.13
G420152,"Stielmus/Rübstiel, gedünstet",G,19,1.6,0.86,0.3,3.4,0.86
F601600,Zitronensaft,F,30,0.63,1.7,0.3,0.129,1.7
Y373012,"Schweineleber mehliert, gebraten",Y,165,22.45,4.27,6.46,0.23,0.01357
V250162,"Wildschwein Fleisch, gebraten ohne Fett (Ofen)",V,191,25.03,0,10.05,0,0
K430182,"Topinambur/Erdartischocke, gebraten ohne Fett (Pfanne)",K,62,2.773,4.545,0.466,13.72,4.545
Y730243,Omelett gebraten mit Käse,Y,213,13.2,0.66,17.53,0,0.66
G480142,Speisezwiebel geschmort ohne Fett,G,42,1.431,7.52,0.186,1.8,7.52
V242162,"Wildkaninchen Fleisch, gebraten ohne Fett (Ofen)",V,125,25.8,0,2.41,0,0
P288300,Ananasbowle,P,66,0.2,4.2,0,0.3,4.2
G321152,Chinakohl gedünstet,G,20,1.957,1.5,0.217,1.8,1.35
X9A2080,"Porridge gesüßt, mit Sojadrink",X,103,5.32,13.3,2.38,3.5,2.9
W234032,Fleischwurst gekocht,W,270,11.29,0.23,24.73,0,0.22
T780200,Europäische Auster tiefgefroren,T,67,9,1.09,2.94,0,0
H410600,Leinsamen geröstet ohne Fett,H,477,22.27,1.7,37.24,23.16,1.235
V575142,"Lamm Niere, geschmort ohne Fett",V,159,30.6,0,4.06,0,0
U522162,"Schwein Stielkotelett, gebraten ohne Fett (Ofen)",U,203,26.63,0,10.75,0,0
T633152,Meeräsche gedünstet,T,98,18.21,0,2.75,0,0
T070182,Seeteufel gebraten ohne Fett (Pfanne),T,79,17.69,0,0.86,0,0
G345062,"Sauerkraut abgetropft, gebacken",G,26,1.324,1.17,0.365,2.518,0.906
B6A2400,Roggenvollkornknäckebrot mit Dinkel,B,331,10.11,59.73,1.54,18.81,1.8
T213232,"Alaska-Pollack/Alaska-Seelachs, tiefgefroren, pochiert",T,76,17.32,0,0.789,0,0
Y842712,"Pflaumenkompott/Zwetschgenkompott, zuckerreduziert",Y,52,0.22,12.05,0.126,1.3,10.12
U432162,"Kalb Hals/Nacken/Kamm, gebraten ohne Fett (Ofen)",U,136,27.5,0,2.876,0,0
M206200,"Milchmischgetränk 1,5 % Fett, mit Kakao/Schokolade, gesüßt",M,63,3.61,8.4,1.6,0.386,8.34
U452700,"Kalb Brust, Rohpökelware, geräuchert",U,190,17.21,0.492,13.28,0,0.492
V468142,"Ente Innereien, geschmort ohne Fett",V,210,26.6,0,11.51,0,0
U080182,"Rind Leberhack, gebraten ohne Fett (Pfanne)",U,159,22.81,6.625,4.575,0,0
C219132,"Hartweizen Vollkorngrieß, gekocht",C,156,6.49,27.45,1.05,5.3,0.4824
H130610,Haselnuss geröstet ohne Fett,H,679,16.25,4.3,64.59,7.8,3.929
G484132,Perlzwiebel gekocht,G,33,1.156,6.01,0.15,1.4,6.01
G510152,Aubergine gedünstet,G,21,0.62,3.28,0.196,1.5,2.92
X699412,Folienkartoffeln gebacken,X,90,2.15,19.35,0.105,1.489,1.53
T305182,"Goldbutt/Scholle, gebraten ohne Fett (Pfanne)",T,90,20.4,0,0.9,0,0
D079000,Pizzateig (mit Hefe) roh,D,246,6.47,42,5.13,3.18,0.935
U323172,Kalb Kotelett (Rücken) gegrillt,U,131,25.72,0,3.157,0,0
X320053,Grundsauce hell/weiß,X,58,0.79,3.57,4.5,0.22,0.59
X554043,Paprika-Tomaten-Gemüse gedünstet,X,44,1.056,5,1.618,1.9,4.9
T121132,Thunfisch pochiert,T,134,21,0,5.52,0,0
Y840143,Rhabarberkompott,Y,75,0.472,15.89,0.11,2.517,15.71
H740132,"Gartenbohne reif, gekocht",H,131,9.085,17.81,0.6,6.94,0.79
T415600,Königslachs geräuchert,T,195,21.48,0,12.09,0,0
U564162,Schwein Dicke Rippe gebraten ohne Fett (Ofen),U,228,25.24,0,14.13,0,0
C118032,"Quinoa weiß, gekocht",C,104,3.491,16.92,1.8,3.08,0.4963
V132162,"Kaninchen Fleisch, gebraten ohne Fett (Ofen)",V,154,25.7,0,5.7,0,0
U721172,"Schaf Kotelett, gegrillt",U,464,20.43,0,42.51,0,0
V526132,"Hammel Hirn, gekocht",V,126,12.18,0,8.565,0,0
R912000,Sushi Ingwer (Gari) Konserve,R,65,1.2,12.6,0.47,1.2,8.74
M2D1100,"Joghurt aus entrahmter Milch, max. 0,5 % Fett, mit Vanillezubereitung, Zucker und Süßungsmitteln",M,46,3.661,7.1,0.086,0.01,6.2
W141100,Deutsche Salami/Schinkensalami,W,386,21.81,0.18,33.08,0.1,0
T305232,"Goldbutt/Scholle, tiefgefroren, pochiert",T,63,13.37,0,1.043,0,0
G480400,Speisezwiebel getrocknet,G,315,10.83,56.33,1.406,13.1,56.33
G485142,Schalotte geschmort ohne Fett,G,41,2.5,4,0.1,6.78,4
N410600,Kaffee (Getränk) mit Zucker,N,9,0.12,1.861,0,0.3084,1.861
B561200,Dinkelbrötchen mit Nüssen,B,312,10.7,50,6.54,5,1.2
T093400,Kabeljaurogen gesalzen,T,126,24.8,0,3,0,0
B6A2700,Roggenvollkornknäckebrot mit Kümmel,B,328,9.45,59.37,1.4,19.92,1.906
G321182,Chinakohl gebraten ohne Fett (Pfanne),G,34,3.396,2.6,0.377,3.2,2.342
T410082,Lachs gebraten ohne Fett (Pfanne),T,208,23.63,0,12.6,0,0
T207600,"Köhler/Seelachs, geräuchert",T,98,22.8,0,0.81,0,0
G210600,Gemüsesaft aus Spinat,G,10,1.4,0.44,0.24,0.2,0.29
U323162,Kalb Kotelett (Rücken) gebraten ohne Fett (Ofen),U,134,27.11,0,2.832,0,0
C354100,"Reismischung mit Wildreis, roh",C,360,9.573,73.43,2.263,4,0.73
H861042,Tofu geschmort ohne Fett,H,116,16.42,0,5.233,1.529,0
U583200,Schwein Kochfleisch (Bauch) tiefgefroren,U,324,17.74,0,28.06,0,0
K120164,"Kartoffel ungeschält, gebacken",K,100,2.5,20.72,0.2,2.6,1.444
V635200,"Ente Leber, tiefgefroren",V,121,18.7,1.2,4.64,0,0
E141132,Gänseei gekocht,E,177,13.9,0.34,13.3,0,0.34
T200152,Grenadier gedünstet,T,69,15.62,0,0.667,0,0
U331182,Kalb Steak (Rücken) gebraten ohne Fett (Pfanne),U,142,27.87,0,3.348,0,0
C333132,"Hirse Flocken, gekocht",C,67,2.23,12.77,0.59,0.62,0.1049
G710200,"Bohne grün, tiefgefroren",G,28,1.9,3.7,0.267,2.1,2.39
Y843212,Johannisbeerkompott ungesüßt,Y,30,1.13,3.38,0.157,2.7,3.38
N720300,"Kräutertee (Getränk) mit Milch 3,5 % Fett und Zucker",N,9,0.12,1.93,0.11,0,1.93
F130600,Birnensaft,F,64,0.27,15.8,0.232,0.3,13
V217162,"Hirsch Rücken, gebraten ohne Fett (Ofen)",V,140,26.81,0,3.66,0,0
G430182,Gemüsefenchel gebraten ohne Fett (Pfanne),G,51,2.642,6.46,0.377,6.2,5.6
H430610,Sonnenblumenkern geröstet ohne Fett,H,573,26.11,4.9,48.57,5.918,3.52
U686162,Schwein Unterschale (mit Rolle) gebraten ohne Fett (Ofen),U,256,25.55,0,17.07,0,0
F301400,Erdbeere getrocknet,F,323,7.059,50.93,3.443,17.2,50.42
G211182,Spinat gebraten ohne Fett (Pfanne),G,28,3.085,1.39,0.448,2.7,1.12
T422272,"Forelle tiefgefroren, gegrillt",T,161,25,0,6.523,0,0
H170610,Cashewkern geröstet ohne Fett,H,629,21.01,26.5,48.06,3.1,6.276
R943000,"Ganache/Canache, Überzug für Gebäck/Torten",R,405,4.27,29.5,29.04,4.19,28
Y397812,Schweinebauch gebraten im Ofen (mit Fett und Salz),Y,431,22.69,0.02,37.77,0.01,0
X0A3000,"Knuspermüsli (Granola) gesüßt, gebacken",X,416,12.3,46.6,18,8.9,15.7
U432142,"Kalb Hals/Nacken/Kamm, geschmort ohne Fett",U,132,26.57,0,2.837,0,0
T121172,Thunfisch gegrillt,T,169,27.4,0,6.62,0,0
D618000,Gewürzplätzchen glutenfrei,D,471,3.232,64,22.1,1.75,25.52
S570900,Bitterschokolade mit Kaffee,S,563,9.1,33.7,41.33,10.11,30
U522182,"Schwein Stielkotelett, gebraten ohne Fett (Pfanne)",U,206,26.99,0,10.9,0,0
G898100,Gemüse-Meerrettich (ohne Salz) Konserve,G,123,4.112,7.76,7.56,3.001,5.486
T207172,"Köhler/Seelachs, gegrillt",T,127,24.91,0,3.019,0,0
H180610,Paranuss geröstet ohne Fett,H,716,16.96,2.8,69.49,5.9,2.439
U131172,Rind Steak (Rücken) gegrillt,U,151,26.28,0,5.101,0,0
U221162,Rind Roastbeef (Rücken) gebraten ohne Fett (Ofen),U,160,29.12,0,4.811,0,0
N002000,"Nearwater/Aqua Plus Getränk, aromatisiert, gesüßt",N,13,0,3.2,0,0,3.2
V475182,"Gans Schenkel, mit Haut, gebraten ohne Fett (Pfanne)",V,206,24.49,0,11.96,0,0
U892200,"Schaf Hinterhaxe, mittelfett, tiefgefroren",U,180,18.8,0,11.6,0,0
V466182,"Ente Brust, mit Haut, gebraten ohne Fett (Pfanne)",V,192,24.05,0,10.6,0,0
G670162,Wurzelpetersilie gebacken,G,89,3.388,16.2,0.553,2.506,7.117
V573142,"Schwein Niere, geschmort ohne Fett",V,113,19.94,0,3.719,0,0
Y885150,Erdbeerjoghurt mit Sahne,Y,96,2.56,9.65,4.8,0.7,9.63
C211132,"Weizen Vollkornschrot, gekocht",C,50,1.993,8.928,0.276,2.063,0.158
D623400,Schinkenwaffeln (Rührmasse),D,334,12.42,27.3,18.94,2,0.92
G541072,"Gemüsepaprika grün, gegrillt",G,41,1.138,7.4,0.258,2.2,7
M8C3300,"Speisequarkzubereitung mind. 20 % Fett i. Tr., mit Vanillezubereitung, gesüßt",M,114,7.28,12.32,3.66,0.021,10.51
H760600,"Sojabohne reif, geröstet ohne Fett (Sojakerne)",H,392,38.2,6.7,18.64,22.41,6.1
W184000,Bratwurst geräuchert,W,264,19.74,0.12,20.53,0.07,0
U284132,"Rind Hüfte, gekocht",U,174,36.2,0,3.2,0,0
V464172,"Ente Fleisch, mit Haut, gegrillt",V,268,24.98,0,18.65,0,0
X431143,"Ei-Einlauf, Suppeneinlage",X,134,10.32,8.72,6.28,0.66,0.27
U742182,"Schaf Schnitzel (Keule, mittelfett) gebraten ohne Fett (Pfanne)",U,224,25.9,0,13.4,0,0
T213162,"Alaska-Pollack/Alaska-Seelachs, gebraten ohne Fett (Ofen)",T,77,16.9,0,1.05,0,0
R944000,Trüffelfüllcreme für Gebäck/Torten,R,428,4.04,27.7,32.59,3.94,26.3
U020142,"Schwein Hackfleisch, geschmort ohne Fett",U,393,27.71,0,31.36,0,0
U771142,"Schaf Bratenfleisch (Bug, mager) geschmort ohne Fett",U,193,29.2,0,8.45,0,0
H320600,Pinienkern geröstet ohne Fett,H,673,16.4,6.3,63.2,6.5,4.1
G211162,Spinat gebacken,G,22,2.432,1.08,0.353,2.1,0.87
X9A2110,"Porridge ungesüßt, mit Sojadrink",X,96,5.5,11.2,2.458,3.62,0.538
T612182,Schwertfisch gebraten ohne Fett (Pfanne),T,124,23.04,0,3.5,0,0
Y842912,Süßkirschkompott ungesüßt,Y,59,0.75,12.77,0.258,1.6,11.38
Y8A4050,"Grießflammeri/Grießpudding, ohne Ei",Y,118,4.32,17.66,3.21,0.44,9.81
U287162,"Rind Oberschale, gebraten ohne Fett (Ofen)",U,159,28.2,0,5.101,0,0
U871172,"Schaf Vorderhaxe, mager, gegrillt",U,161,29.7,0,4.72,0,0
U861132,"Schaf Bug/Schulter, mager, gekocht",U,206,31.2,0,9.01,0,0
K703152,Morchel gedünstet,K,41,3.504,0.8,0.451,9.873,0.8
C414100,Mehlmischung glutenfrei,C,348,2.6,81.8,0.68,2,0.4
Y461132,Lammbraten ohne Sauce,Y,166,26.77,0.02,6.55,0.01,0
T501182,Karpfen gebraten ohne Fett (Pfanne),T,138,21.38,0,5.83,0,0
V574142,"Schaf Niere, geschmort ohne Fett",V,162,29.8,0,4.72,0,0
V546132,"Hammel Lunge, gekocht",V,92,18.4,0,2.044,0,0
T512200,Schleie tiefgefroren,T,77,17.7,0,0.74,0,0
E604300,"Eierteigwaren mit Weizenkeimen, roh",E,367,15.46,67.47,2.69,5.52,1.172
V416172,"Hähnchen Brustfilet, gegrillt",V,140,30.29,0,2.05,0,0
C242032,"Gerste Schrot, gekocht",C,51,1.749,9.5,0.317,1.4,0.257
T307600,Schwarzer Heilbutt geräuchert,T,232,17.3,0,18.1,0,0
V484200,"Pute Fleisch, mit Haut, tiefgefroren",V,157,20.2,0,8.5,0,0
T207262,"Köhler/Seelachs, tiefgefroren, gebraten ohne Fett (Ofen)",T,119,26.35,0,1.512,0,0
G650132,Schwarzwurzel gekocht,G,51,1.3,6.6,0.4,5,2.074
B257300,Weizenmischbrot mit Buttermilch,B,222,7.34,43,0.89,6.36,1.02
T601132,"Barsch/Flussbarsch, pochiert",T,73,16.83,0,0.6,0,0
B780500,Pumpernickel,B,176,4.845,31.1,1.455,9.352,1.5
X654042,Pommes frites,X,239,3.368,31.08,10.66,2.465,1.562
U651142,"Schwein Brustspitze, geschmort ohne Fett",U,251,26.5,0,16.1,0,0
T633182,Meeräsche gebraten ohne Fett (Pfanne),T,126,24.23,0,3.25,0,0
T600182,Meerbarbe gebraten ohne Fett (Pfanne),T,116,23.87,0,2.25,0,0
V132200,"Kaninchen Fleisch, tiefgefroren",V,133,20.8,0,5.5,0,0
U871142,"Schaf Vorderhaxe, mager, geschmort ohne Fett",U,159,30.3,0,4.19,0,0
S241600,"Speiseeis Vanille, überzogen mit Schokolade und Mandeln",S,326,4.9,30.07,20.1,1.9,27.01
Y6A3010,Rotbarschfilet pochiert (ohne Sauce),Y,90,14.5,0,3.51,0,0
U342200,Kalb Schnitzel (Keule) tiefgefroren,U,89,20.7,0,0.72,0,0
D0A6000,"Kuchenboden/Tortenboden (Mürbeteig, einfacher)",D,480,7.83,55.04,24.68,2.97,14.96
M248000,"Joghurt mind. 3,5 % Fett, mit Kaffeezubereitung, gesüßt",M,101,3.8,13.7,3.1,0.1,13.3
C532800,Reiswaffeln gesalzen,C,372,8.1,76.48,2.89,3.69,0.43
F225152,Reineclaude gedünstet,F,72,0.99,15.8,0,2.647,12.7
P5A5000,"Kaffeelikör/Schokoladenlikör, cremig, mit Milch/Sahne",P,262,0.75,18,10.18,0.03153,18
G486152,Frühlingszwiebel/Lauchzwiebel (ohne Laub) gedünstet,G,32,0.9,5.87,0.147,1.4,5.87
C492000,Mehrkornschrot,C,329,10.97,58,3.09,12.6,1.317
T061182,"Hornfisch/Hornhecht, gebraten ohne Fett (Pfanne)",T,125,23.2,0,3.6,0,0
D710300,Biskuitplätzchen,D,414,12.44,77.47,5.4,2.64,41.83
D733200,Streuselplätzchen (Mürbeteig),D,490,7.05,58.5,24.71,2.8,20.62
F211400,Süßkirsche getrocknet,F,277,3.537,60.25,1.218,7.5,53.69
X4B2000,"Haferflockensuppe gesüßt, mit Milch 3,5 % Fett",X,103,4.75,10.9,4.32,0.62,7.91
N414000,"Cappuccino (Getränk) mit Milch 3,5 % Fett",N,50,2.9,3.22,2.79,0.084,3.22
U950100,"Schweinefleisch im eigenen Saft, mit Schwarten Konserve",U,297,17.6,0.42,25,0.11,0
G322132,Grünkohl gekocht,G,38,2.7,2,1.3,3.5,1
D790100,"Kekse/Plätzchen, salzig (Vollkornmürbeteig)",D,497,9.42,48.4,27.44,9.2,0.664
T603172,Zander gegrillt,T,105,24.5,0,0.79,0,0
N410200,"Kaffee (Getränk) mit Milch 3,5 % Fett",N,3,0.23,0.13,0.12,0.3038,0.13
G581142,Kürbis Pumpkin (C. pepo) geschmort ohne Fett,G,39,1.197,6.39,0.141,3.769,5.61
V465200,"Ente Schenkel, mit Haut, tiefgefroren",V,212,17.17,0,15.96,0,0
B526400,Roggenbrötchen mit Mohn,B,275,8.45,48,3.43,8.93,0.85
V488182,"Pute Innereien, gebraten ohne Fett (Pfanne)",V,236,26.6,0,14.39,0,0
F403600,Schlehensaft,F,42,0.675,7.04,0.176,0.4,7.04
G480072,Speisezwiebel gegrillt,G,54,1.827,9.69,0.242,2.3,9.69
T305132,"Goldbutt/Scholle, pochiert",T,66,15,0,0.7,0,0
K440182,Yamswurzel gebraten ohne Fett (Pfanne),K,140,2.273,29.2,0.148,6.318,0.8
G660600,Gemüsesaft aus Knollensellerie,G,18,1.318,2.22,0.264,0.4,1.688
U802000,"Schaf Fleisch, fett- und sehnenarm, roh",U,125,20,0,5,0,0
U753142,"Schaf Gulasch (Bug, fett) geschmort ohne Fett",U,372,24.8,0,30.3,0,0
H844500,"Soja-Joghurtalternative gesüßt, aromatisiert, angereichert mit Vitaminen und Calcium",H,62,3.96,5.4,2.54,0,5.2
Y599012,Hähnchenschenkel gekocht (mit Fett und Salz),Y,292,22.86,0,22.32,0,0
Y311612,"Schweinemedaillon natur, gebraten",Y,129,28.6,0,1.6,0,0
T420182,Forelle gebraten ohne Fett (Pfanne),T,181,25.59,0,8.58,0,0
F211600,Süßkirschsaft,F,60,0.81,13.8,0.248,0.2,12.3
U261142,"Rind Bug/Schulter, geschmort ohne Fett",U,163,27.13,0,6.057,0,0
U203000,"Rind Fleisch, grob entsehnt, sichtbarer Fettanteil max. 5 % (R II) roh",U,156,20.76,0,8.11,0,0
U109142,"Rind Ochsenschwanz, geschmort ohne Fett",U,241,29.5,0,13.7,0,0
G430152,Gemüsefenchel gedünstet,G,26,1.373,3.37,0.196,3.2,2.92
U522700,"Schwein Stielkotelett, Kochpökelware, geräuchert",U,131,17.07,0.437,6.82,0,0.437
T507152,"Pangasius/Schlankwels, gedünstet",T,68,13.16,0,1.713,0,0
V512200,"Kalb Herz, tiefgefroren",V,109,15.9,0,5.06,0,0
G542172,"Gemüsepaprika gelb, gegrillt",G,30,0.843,4.755,0.215,2.366,4.755
T102162,Hering gebraten ohne Fett (Ofen),T,171,20.4,0,9.906,0,0
H861132,Seidentofu gargezogen,H,41,4.2,0,2.5,0.6,0
G410132,Artischocke gekocht,G,54,2.919,3.27,0.146,13.56,3.05
C660300,"Haferdrink gesüßt, aromatisiert",C,41,0.72,7.18,0.98,0.44,7.01
U693200,"Schwein Hintereisbein/Hinterhaxe, tiefgefroren",U,222,20.12,0,15.7,0,0
T617182,Schafskopf (Meerbrasse) gebraten ohne Fett (Pfanne),T,120,24,0,2.71,0,0
X465553,Grüne-Bohnen-Suppe mit Gemüsebrühe und Kartoffeln,X,33,1.57,5.5,0.2,1.4,1.97
U452162,"Kalb Brust, gebraten ohne Fett (Ofen)",U,234,23.87,0,15.35,0,0
U721182,"Schaf Kotelett, gebraten ohne Fett (Pfanne)",U,393,19.39,0,35.07,0,0
F302400,Himbeere getrocknet,F,302,7,36.2,2.103,32.9,36.2
W441032,Parmaschinken gekocht,W,323,32.34,0.16,20.94,0,0.16
D9A1000,"Vollkornblätterteig eifrei, roh",D,405,4.9,23.72,31.28,4.71,0.2855
U816172,"Hammel Filet/Lende, gegrillt",U,260,25.65,0,17.54,0,0
P285000,Weißwein-Schorle mit Mineralwasser,P,33,0.051,0.16,0,0,0.16
W163100,Schinkenplockwurst/Schinkenplockwurst luftgetrocknet,W,243,25.55,0.18,15.53,0.1,0
S560500,"Zartbitter-/Halbbitterschokolade, mit Mokka/Kaffee",S,523,7,48.3,31.4,9.6,45.6
G581042,Kürbis Hokkaido (C. maxima) geschmort ohne Fett,G,33,1.523,5.821,0.218,0.857,5.043
H730032,"Linse rot, reif, gekocht",H,113,8.8,16.3,0.76,3,0.4
S622400,Pralinen gefüllt mit Kokoscreme,S,575,5.36,49.5,38.94,2.72,49.1
G341162,Rotkohl gebacken,G,33,1.839,4.391,0.212,2.9,4.306
V112142,"Pferd Fleisch, geschmort ohne Fett",V,145,28.48,0.541,3.259,0,0
V232142,"Hase Fleisch, geschmort ohne Fett",V,155,30.63,0,3.594,0,0
V413172,"Hähnchen Fleisch, ohne Haut, gegrillt",V,172,27.8,0,6.7,0,0
T311152,Flunder gedünstet,T,79,14.7,0,2.28,0,0
P1A3110,Radler sauer (Pilsner Bier mit Mineralwasser),P,19,0.211,1.108,0,0,0.053
V634200,"Hähnchen Leber, tiefgefroren",V,112,17.44,1.2,4.15,0,0
W156000,Landmettwurst,W,265,25.27,0,18.21,0,0
K701400,Champignon getrocknet,K,261,33.22,26.9,2.487,17.2,2
H842600,"Sojadrink gesüßt, aromatisiert, angereichert mit Vitaminen und Calcium",H,58,3.01,5.69,2.212,1.64,5.68
X987512,Weizen gekocht (mit Fett und Salz),X,202,6.616,30.57,4.416,6.847,0.544
G213152,Neuseeländer Spinat gedünstet,G,18,1.8,1.12,0.2,2.2,0.9
T424182,Meerforelle gebraten ohne Fett (Pfanne),T,126,21.8,0,4.06,0,0
D734800,Haselnusskugeln (Mürbeteig),D,553,9.6,41.8,37.75,4,18.5
G342152,Weißkohl gedünstet,G,35,1.502,4.93,0.207,3.3,4.78
X0A1020,Cornflakes mit Sojadrink und Ahornsirup gesüßt,X,134,3.81,25.4,1.34,2.28,4.6
G342132,Weißkohl gekocht,G,29,1.282,4.21,0.176,2.9,4.08
U163142,Rind Roulade (Oberschale) geschmort ohne Fett,U,163,28.84,0,5.326,0,0
K420182,"Batate/Süßkartoffel, gebraten ohne Fett (Pfanne)",K,135,1.852,28.6,0.682,3.568,6.2
D753500,Vanillehörnchen/Vanillekipferl (Mürbeteig),D,543,8.5,51.4,32.96,3.4,27.6
V272142,"Rentier Fleisch, geschmort ohne Fett",V,144,31.6,0,2,0,0
Q6A6000,Joghurtbutter,Q,611,1.98,1.59,66.19,0,1.59
G322142,Grünkohl gedämpft,G,44,3.437,2.75,0.553,6.858,2.181
U857132,"Lamm Brust, gekocht",U,372,23.82,0,30.77,0,0
U291132,"Rind Hinterhesse, gekocht",U,161,26.4,0,6.2,0,0
U872142,"Schaf Vorderhaxe, mittelfett, geschmort ohne Fett",U,242,27.9,0,14.5,0,0
V485172,"Pute Keule, ohne Haut, gegrillt",V,176,31.54,0,5.554,0,0
Q6A4000,Butter gesalzen,Q,732,1.164,0.56,80.56,0,0.56
V533200,"Schwein Leber, tiefgefroren",V,131,20.96,1,4.77,0,0
G760162,"Erbse grün, gebacken",G,103,6.9,14.47,0.565,5.9,1.533
U121200,Rind Kotelett (Rücken) tiefgefroren,U,130,22.45,0,4.45,0,0
S229000,Parfait/Halbgefrorenes,S,340,4,29.3,22.92,0,29.3
F304152,Heidelbeere gedünstet,F,64,0.5,10.21,0.632,5.2,10.21
X537112,Rotkohl gedünstet (mit Fett und Salz),X,45,0.977,2.85,2.753,1.5,2.81
V485200,"Pute Keule, ohne Haut, tiefgefroren",V,114,20.5,0,3.61,0,0
U371162,Kalb Bratenfleisch (Bug) gebraten ohne Fett (Ofen),U,120,27.5,0,1.092,0,0
K713182,Pfifferling gebraten ohne Fett (Pfanne),K,43,6.41,0.903,0.444,5.361,0.264
G324132,Pak Choi gekocht,G,15,1.653,1,0.184,1.6,0.8
T612200,Schwertfisch tiefgefroren,T,106,19.4,0,3.11,0,0
F603700,Orangennektar,F,38,0.375,8.551,0,0.155,8.551
X0A1000,"Cornflakes mit Milch 1,5 % Fett und Honig gesüßt",X,148,4.02,28.95,1.49,1.12,8.08
W441082,Parmaschinken gebraten ohne Fett (Pfanne),W,319,30.18,0.15,21.54,0,0.15
S790000,Kakaomasse,S,672,9.609,4.6,65.92,11.19,0.382
F406600,Holundersaft,F,57,2.02,6.91,1.36,0.4,6.88
E607100,Grießklößchen getrocknet,E,431,21.67,45.97,17.22,2.61,9.43
T800100,"Klippfisch 1/1 trocken (gesalzen, getrocknet)",T,185,44.7,0,0.72,0,0
S320000,Hartkaramelle (Bonbon) gefüllt,S,408,0,87.3,0,0,57.7
V511200,"Rind Herz, tiefgefroren",V,121,16.8,0,6,0,0
P1A1120,"Weizen-Radler, alkoholfrei (Weizenbier, alkoholfrei, mit Zitronenlimonade)",P,30,0.242,6.996,0,0,5.836
G341152,Rotkohl gedünstet,G,27,1.489,3.555,0.171,2.4,3.486
S475100,Ananas kandiert,S,208,0.3,51.1,0,0.8,51.1
U990400,"Sauce Hollandaise, Konserve",U,100,2.7,5.998,7.24,0.071,0.056
U611172,"Schwein Filet/Lende, gegrillt",U,154,29.97,0,3.78,0,0
Y569122,"Hähnchenschenkel/Hähnchenkeule, gebraten im Ofen",Y,307,24.8,0,23.05,0,0
T206172,Schellfisch gegrillt,T,92,21.5,0,0.71,0,0
B411000,Weizenvollkornbrötchen,B,288,10.5,49,3.26,9.79,1.4
H926100,Soja-Bratlinge gebraten ohne Fett (Pfanne),H,287,20.1,6,20.13,0.5,3.2
C334032,Hirse gekocht,C,139,4.67,26.76,1.17,1.31,0.2197
U773162,"Schaf Bratenfleisch (Bug, fett) gebraten ohne Fett (Ofen)",U,351,23.3,0,28.6,0,0
P9A8000,"Cocktail, Kir Royal",P,90,0,4.8,0,0,4.8
C238032,"Dinkel Grieß, gekocht",C,37,1.36,7.14,0.2,0.67,0.0725
K718152,Steinpilz gedünstet,K,65,7.606,4.6,0.563,8.479,0.746
Y890512,"Kaiserschmarren (mit Milch 1,5 % Fett) gebraten",Y,244,8.1,23.3,12.6,1.4,7.3
K704182,Birkenpilz gebraten ohne Fett (Pfanne),K,76,7.705,5.36,1.016,10.64,0.869
Y841412,Aprikosenkompott ungesüßt,Y,38,0.7,7.323,0.116,1.372,6.61
Y362012,"Schweinshaxe geschmort, ohne Sauce",Y,300,29.71,0.02,20.15,0.01,0
D730300,Spritzgebäck mit Mandeln (Rührmasse),D,528,7.07,53.08,31.18,3.3,23.04
S142300,Birnenkraut (ohne Zuckerzusatz),S,191,1,42.9,0.9,9.9,33.2
V272162,"Rentier Fleisch, gebraten ohne Fett (Ofen)",V,144,31.6,0,2,0,0
V402142,"Baby-Pute Fleisch, mit Haut, geschmort ohne Fett",V,183,31.7,0,6.268,0,0
U892162,"Schaf Hinterhaxe, mittelfett, gebraten ohne Fett (Ofen)",U,219,25.2,0,13.1,0,0
T753132,"Garnele/Granat/Krabbe, gekocht",T,94,19.11,0,1.973,0,0
T208182,"Merlan/Wittling, gebraten ohne Fett (Pfanne)",T,100,21.8,0,1.47,0,0
T207272,"Köhler/Seelachs, tiefgefroren, gegrillt",T,107,23.51,0,1.427,0,0
K707182,Edel-Reizker gebraten ohne Fett (Pfanne),K,59,4.644,4.8,1.098,9.066,0.3
K702182,Trüffel gebraten ohne Fett (Pfanne),K,120,13.59,1,0.836,27.11,1
K110162,"Kartoffel geschält, gebacken",K,117,2.732,25.21,0.141,2,1.267
F301600,Erdbeersaft,F,30,0.738,5.325,0.32,0.2,5.271
Y851512,Rhabarberkompott zuckerreduziert,Y,49,0.508,9.13,0.119,2.71,8.935
T313200,Rotzunge tiefgefroren,T,71,15.5,0,1,0,0
C359042,"Reis parboiled, poliert, geschmort ohne Fett",C,101,2.405,22.1,0.27,0.5,0.1
T204152,"Dorsch/Kabeljau, gedünstet",T,74,16.7,0,0.84,0,0
U853132,"Schaf Brust, fett, gekocht",U,480,17.5,0,45.5,0,0
G482182,"Frühlingszwiebel/Lauchzwiebel, gebraten ohne Fett (Pfanne)",G,43,3,4.7,0.3,4.1,4.4
U632162,"Schwein Kamm, gebraten ohne Fett (Ofen)",U,205,24.66,0,11.78,0,0
T121182,Thunfisch gebraten ohne Fett (Pfanne),T,153,25,0,5.84,0,0
F602600,Limettensaft,F,24,0.45,1.52,0.2,0.129,1.52
V594132,"Schaf Zunge, gekocht",V,229,18.6,0,17.2,0,0
C350222,"Reis poliert, gedämpft",C,108,2.446,23.8,0.181,0.8,0.09
H030432,"Glasnudeln aus Mungbohnenstärke, gekocht",H,92,0.07,22.24,0.01,1.57,0
U342182,Kalb Schnitzel (Keule) gebraten ohne Fett (Pfanne),U,126,29.22,0,0.974,0,0
U231200,"Rind Hals/Kamm/Nacken, tiefgefroren",U,149,19.25,0,8.05,0,0
Y576113,"Ente gebraten im Ofen, mit Orangen und Sauce",Y,307,21.5,2.01,23.3,0.6,1.99
T506252,"Wels tiefgefroren, gedünstet",T,117,13.5,0,7,0,0
V485142,"Pute Keule, ohne Haut, geschmort ohne Fett",V,136,26.94,0,3.094,0,0
E105182,Wachtelei gebraten ohne Fett (Pfanne),E,151,14.51,0.382,10.11,0,0.382
U611162,"Schwein Filet/Lende, gebraten ohne Fett (Ofen)",U,144,28.87,0,3.17,0,0
U733172,"Schaf Filetsteak, gegrillt",U,170,33.15,0,4.18,0,0
V122162,"Ziege Fleisch, gebraten ohne Fett (Ofen)",V,154,26.38,0,5.411,0,0
C320032,Buchweizen gekocht,C,115,4.43,20.99,1.01,1.88,0.3566
G101182,Chicoree gebraten ohne Fett (Pfanne),G,38,4.509,2.4,0.34,2.5,1.72
V4B5182,"Hähnchen Unterschenkel, mit Haut, gebraten ohne Fett (Pfanne)",V,178,26.35,0,8.08,0,0
V464162,"Ente Fleisch, mit Haut, gebraten ohne Fett (Ofen)",V,203,27.01,0,10.59,0,0
T420232,"Forelle tiefgefroren, pochiert",T,110,16.58,0,4.711,0,0
E112132,"Hühnerei Eigelb, gekocht",E,345,15.6,0.21,31.3,0,0.21
T070152,Seeteufel gedünstet,T,60,13.3,0,0.72,0,0
V464182,"Ente Fleisch, mit Haut, gebraten ohne Fett (Pfanne)",V,264,33.13,0,14.6,0,0
F312600,Traubensaft weiß,F,64,0.63,13.99,0.16,0.06,13.99
C219232,"Hartweizen ganzes Korn, gekocht",C,184,7.69,32.52,1.17,6.28,0.5716
Y740162,Eier gekocht,Y,135,13.18,0.34,9,0,0.34
U121182,Rind Kotelett (Rücken) gebraten ohne Fett (Pfanne),U,166,29.12,0,5.532,0,0
G261152,Brennnessel gedünstet,G,49,7.84,1.392,0.649,3.309,0.901
V524132,"Schaf Hirn, gekocht",V,119,11.6,0,8.08,0,0
T306200,"Heilbutt/Weißer Heilbutt, tiefgefroren",T,133,20.1,0,5.83,0,0
V464142,"Ente Fleisch, mit Haut, geschmort ohne Fett",V,213,26.02,0,12.09,0,0
U751142,"Schaf Gulasch (Bug, mager) geschmort ohne Fett",U,187,28.4,0,8.19,0,0
C147032,"Gerste Grütze, gekocht",C,88,2.362,17.23,0.417,2.861,0.475
G570200,Zuckermais tiefgefroren,G,73,3.3,10.5,1.367,3.1,3.77
T305272,"Goldbutt/Scholle, tiefgefroren, gegrillt",T,111,23.99,0,1.719,0,0
G640152,Pastinake gedünstet,G,58,2.635,9.5,0.422,2.088,3.001
Y622112,Kabeljau pochiert (ohne Sauce),Y,67,14.7,0.159,0.8,0.065,0.159
V478142,"Gans Innereien, geschmort ohne Fett",V,210,26.6,0,11.51,0,0
U261162,"Rind Bug/Schulter, gebraten ohne Fett (Ofen)",U,161,26.93,0,5.889,0,0
T793162,"Pilgermuschel/Jakobsmuschel, gratiniert ohne Fett (Ofen)",T,69,16.99,0,0.111,0,0
E632200,"Dinkelvollkornteigwaren eifrei, roh",E,347,13.88,62.19,2.38,10.5,1.081
G490500,Knoblauch Pulver,G,240,15.04,7,1.044,70.36,5.1
G430132,Gemüsefenchel gekocht,G,27,1.4,3.43,0.2,3.4,2.97
X5A9030,Röstzwiebeln,X,161,2.47,15.13,9.5,2.3,7.29
U866132,"Hammel Bug/Schulter, gekocht",U,399,24.7,0,33.33,0,0
T793200,"Pilgermuschel/Jakobsmuschel, tiefgefroren",T,63,15.6,0,0.1,0,0
V212200,"Hirsch Fleisch, tiefgefroren",V,112,20.6,0,3.34,0,0
T313152,Rotzunge gedünstet,T,64,13.84,0,0.95,0,0
G312162,Broccoli gebacken,G,50,5.101,3.3,0.8404,4.2,1.94
U693162,"Schwein Hintereisbein/Hinterhaxe, gebraten ohne Fett (Ofen)",U,271,27.31,0,17.94,0,0
F120152,"Apfel geschält, gedünstet",F,51,0.2,11.02,0.3,1.7,9.619
V416132,"Hähnchen Brustfilet, gekocht",V,116,26.16,0,1.24,0,0
V596132,"Hammel Zunge, gekocht",V,197,16.03,0,14.8,0,0
V416182,"Hähnchen Brustfilet, gebraten ohne Fett (Pfanne)",V,137,30.79,0,1.59,0,0
E632300,Dinkelvollkorneierteigwaren roh,E,353,14.11,61.95,2.69,12.3,0.779
U684162,"Schwein Nuss, gebraten ohne Fett (Ofen)",U,135,27.95,0,2.63,0,0
H310600,Kürbiskern geröstet ohne Fett,H,597,35.49,2.87,47.29,8.837,1.367
W514032,"Kasseler, Rohpökelware, geräuchert, gekocht",W,146,31.1,0,2.437,0,0
F405600,Sanddornsaft,F,33,0.94,1.9,2.33,0.4,1.8
T213272,"Alaska-Pollack/Alaska-Seelachs, tiefgefroren, gegrillt",T,95,21.72,0,0.908,0,0
T060182,Hecht gebraten ohne Fett (Pfanne),T,99,21.8,0,1.27,0,0
T041142,Aal geschmort ohne Fett,T,284,14.2,0,25.3,0,0
G541152,"Gemüsepaprika grün, gedünstet",G,42,1.174,7.48,0.261,2.2,7.08
G324152,Pak Choi gedünstet,G,17,1.915,1,0.213,1.8,0.8
P1A1130,Weizen-Radler (Weizenbier mit Zitronenlimonade),P,40,0.307,5.861,0,0,4.673
T118152,"Schildmakrele/Stöcker, gedünstet",T,114,18.52,0,4.46,0,0
N720800,Kräutertee (Getränk) mit Alkohol,N,15,0,0,0,0,0
G581132,Kürbis Pumpkin (C. pepo) gekocht,G,38,1.151,6.08,0.136,3.709,5.34
S211000,"Riegel aus Speiseeis, mit Karamell, überzogen mit Schokolade",S,347,3.3,42.2,16.9,2.37,35.4
N4A3300,"Cappuccino (Getränk) mit Milch 3,5 % Fett und Zucker",N,58,2.9,5.34,2.73,0.082,5.34
U831142,"Schaf Hals/Kamm/Nacken, geschmort ohne Fett",U,242,26.9,0,14.88,0,0
T204162,"Dorsch/Kabeljau, gebraten ohne Fett (Ofen)",T,92,20.9,0,0.91,0,0
T060132,Hecht pochiert,T,73,16,0,1.05,0,0
K724182,Shiitakepilz gebraten ohne Fett (Pfanne),K,48,4.1,3.9,0.3,6.84,3.9
K713152,Pfifferling gedünstet,K,37,5.507,0.776,0.382,4.606,0.227
T213282,"Alaska-Pollack/Alaska-Seelachs, tiefgefroren, gebraten ohne Fett (Pfanne)",T,85,19.48,0,0.788,0,0
G614152,"Weiße Rübe/Wasserrübe/Herbstrübe, gedünstet",G,39,0.971,6.46,0.216,3.422,5.56
H861032,Tofu gargezogen,H,102,14.13,0,4.794,1.184,0
U672172,"Schwein Vordereisbein/Vorderhaxe, gegrillt",U,256,29.82,0,15.16,0,0
G343132,Wirsing gekocht,G,32,2.452,3.6,0.282,2.6,3.1
Y841812,Pfirsichkompott ungesüßt,Y,35,0.6,7.17,0.098,1.5,6.25
C235132,"Dinkel Vollkornschrot, gekocht",C,51,2.31,8.86,0.36,1.73,0.157
T302182,Steinbutt gebraten ohne Fett (Pfanne),T,97,19.83,0,1.946,0,0
G582182,Zucchini gebraten ohne Fett (Pfanne),G,41,2.2,6,0.486,1.9,3.5
W515072,"Kasseler, Rohpökelware, geräuchert, gegrillt",W,153,31.66,0,2.968,0,0
X701142,"Frischteigwaren eifrei, selbstgemacht, roh",X,231,7.85,46.38,0.79,3.34,0.4515
F515600,Litschisaft,F,72,0.77,16.6,0.24,0.16,16.1
U863162,"Schaf Bug/Schulter, fett, gebraten ohne Fett (Ofen)",U,351,23.3,0,28.6,0,0
V486132,"Pute Brust, ohne Haut, gekocht",V,104,24.65,0,0.619,0,0
T208152,"Merlan/Wittling, gedünstet",T,77,16.4,0,1.25,0,0
U532182,"Schwein Kammsteak, gebraten ohne Fett (Pfanne)",U,189,22.81,0,10.9,0,0
N411200,Espresso (Getränk) mit Zucker,N,43,0.4,10.07,0,0.376,10.07
K110142,"Kartoffel geschält, geschmort ohne Fett",K,80,1.8,17.16,0.081,1.464,0.863
K707152,Edel-Reizker gedünstet,K,51,3.99,4.2,0.944,7.789,0.3
U892142,"Schaf Hinterhaxe, mittelfett, geschmort ohne Fett",U,242,27.9,0,14.5,0,0
V487132,"Pute Flügel, mit Haut, gekocht",V,152,20.7,0,7.7,0,0
G101162,Chicoree gebacken,G,24,2.812,1.5,0.212,1.5,1.09
B131000,Hafervollkornbrot,B,194,5.83,34,1.53,10.4,0.93
T601200,"Barsch/Flussbarsch, tiefgefroren",T,79,18.4,0,0.6,0,0
F608600,Satsumasaft,F,39,0.7,7.68,0.24,0.112,7.68
G553132,"Pfefferschote grün, gekocht",G,42,2.1,7.11,0.2,1.6,6.73
S551000,Sahneschokolade mit Mokka/Kaffee,S,560,7.2,51.2,35.5,3.7,50.28
F304600,Heidelbeersaft,F,47,0.4,8.73,0.48,0.5,8.73
F545400,Kochbanane getrocknet,F,306,2.79,69.7,0.17,5.2,18.2
U461162,"Kalb Bug/Schulter, gebraten ohne Fett (Ofen)",U,120,27.5,0,1.092,0,0
V417200,"Hähnchen Flügel, mit Haut, tiefgefroren",V,199,18.33,0,13.94,0,0
T412182,Buckellachs gebraten ohne Fett (Pfanne),T,145,24.9,0,5,0,0
C519000,Popcorn gesüßt,C,406,5.973,64.4,12.62,5.3,22
V591132,"Rind Zunge, gekocht",V,211,18.46,0,15.29,0,0
D6A8000,Biskuitboden glutenfrei,D,258,7.372,45.77,4.982,0.251,24.25
F211152,Süßkirsche gedünstet,F,81,1.034,17.62,0.356,2.2,15.7
U452142,"Kalb Brust, geschmort ohne Fett",U,229,23.06,0,15.15,0,0
U577162,"Schwein Kammbraten, gebraten, ohne Fett (Ofen)",U,205,24.66,0,11.78,0,0
T124152,Gelbflossen-Thun gedünstet,T,91,21.8,0,0.47,0,0
G520182,Gurke gebraten ohne Fett (Pfanne),G,28,1.8,3.33,0.339,1.5,3.33
G210132,Spinat gekocht,G,18,2.36,0.45,0.3,2.06,0.38
U522200,"Schwein Stielkotelett, tiefgefroren",U,175,21.02,0,10.08,0,0
P1A1100,Colaweizen (Weizenbier mit Cola),P,41,0.307,6.377,0,0,5.189
F321600,Johannisbeersaft rot,F,30,1.294,3.86,0.16,0.4,3.86
V476172,"Gans Fleisch, ohne Haut, gegrillt",V,183,29.4,0,7.22,0,0
E113162,"Hühnerei Eiklar, gebacken",E,49,11.7,0.494,0.036,0,0.494
T104182,Sardelle gebraten ohne Fett (Pfanne),T,234,23.87,0,15.4,0,0
D087000,Schokobiskuitboden,D,290,11.59,44.4,6.78,2.63,28.01
G261132,Brennnessel gekocht,G,43,6.768,1.202,0.56,2.983,0.778
G583182,Chayote gebraten ohne Fett (Pfanne),G,58,1.32,9.86,0.169,5.814,8.66
U611200,"Schwein Filet/Lende, tiefgefroren",U,118,22.79,0,2.97,0,0
T417600,Wildlachs geräuchert,T,120,21.48,0,3.78,0,0
V532182,"Kalb Leber, gebraten ohne Fett (Pfanne)",V,110,18.62,5.395,1.513,0,0
G322200,Grünkohl tiefgefroren,G,59,4.622,3.69,0.744,9.322,2.934
U563162,Schwein Roulade (Oberschale) gebraten ohne Fett (Pfanne),U,141,29.15,0,2.68,0,0
V513200,"Schwein Herz, tiefgefroren",V,117,16.9,0,5.53,0,0
U564132,Schwein Dicke Rippe gekocht,U,256,28.54,0,15.81,0,0
G311142,Blumenkohl gedämpft,G,35,2.399,5.28,0.277,2.8,2.14
V222142,"Reh Rücken, geschmort ohne Fett",V,152,29.15,0,3.89,0,0
C356032,"Reis Grieß, gekocht",C,55,1.143,12.2,0.103,0.317,0.04
G490152,Knoblauch gedünstet,G,96,5.931,3,0.412,27.74,2
G691152,Radieschen gedünstet,G,18,1.029,2.27,0.137,1.5,2.092
U452200,"Kalb Brust, tiefgefroren",U,201,18.4,0,14.2,0,0
C133032,"Hafer Flocken, gekocht",C,66,2.499,10,1.257,2.076,0.14
G341132,Rotkohl gekocht,G,24,1.421,3.034,0.164,2.3,2.969
V122142,"Ziege Fleisch, geschmort ohne Fett",V,178,30.5,0,6.256,0,0
E606000,Semmelknödel roh,E,182,8.11,25.4,4.99,1.7,2.83
G485152,Schalotte gedünstet,G,33,2,3.2,0.1,5.318,3.2
U57B162,"Schwein Ladenbauch, gebraten ohne Fett (Ofen)",U,364,22.77,0,30.34,0,0
F545152,Kochbanane gedünstet,F,141,1.28,32.1,0.08,2.4,8.4
F507600,Kakisaft,F,56,0.6,12.71,0.24,0.246,12.71
T121272,"Thunfisch tiefgefroren, gegrillt",T,131,30.87,0,0.84,0,0
U171162,Rind Bratenfleisch (Bug) gebraten ohne Fett (Ofen),U,161,26.93,0,5.889,0,0
V474200,"Gans Fleisch, mit Haut, tiefgefroren",V,342,15.7,0,31,0,0
V417142,"Hähnchen Flügel, mit Haut, geschmort ohne Fett",V,185,21.9,0,10.86,0,0
V111200,"Pferd Fleisch, tiefgefroren",V,108,20.6,0.4,2.67,0,0
U892132,"Schaf Hinterhaxe, mittelfett, gekocht",U,259,29.8,0,15.5,0,0
G311152,Blumenkohl gedünstet,G,38,2.579,5.66,0.298,3.1,2.29
H210400,"Mandel süß, gemahlen",H,538,22.33,3.87,46.6,7,3.634
C326032,"Buchweizen Grieß, gekocht",C,46,1.66,8.65,0.41,0.78,0.1352
U070200,"Rind Tatar/Schabefleisch, tiefgefroren",U,115,22,0,3,0,0
T201182,"Brosme/Lumb, gebraten ohne Fett (Pfanne)",T,88,20.54,0,0.619,0,0
G342182,Weißkohl gebraten ohne Fett (Pfanne),G,60,2.608,8.56,0.358,5.7,8.3
V534182,"Schaf Leber, gebraten ohne Fett (Pfanne)",V,144,22,1.1,5.7,0,0
K701132,Champignon gekocht,K,39,4.99,4,0.374,2.9,0.3
F302152,Himbeere gedünstet,F,45,1.1,5.4,0.316,4.9,5.4
U831162,"Schaf Hals/Kamm/Nacken, gebraten ohne Fett (Ofen)",U,208,23.2,0,12.86,0,0
T501132,Karpfen pochiert,T,107,15.88,0,4.88,0,0
T064152,Hecht gedünstet,T,74,16.2,0,1.06,0,0
T105182,Sardine gebraten ohne Fett (Pfanne),T,175,23.04,0,9.17,0,0
U852142,"Schaf Brust, mittelfett, geschmort ohne Fett",U,242,29.1,0,14,0,0
T306152,"Heilbutt/Weißer Heilbutt, gedünstet",T,122,17.95,0,5.55,0,0
V476132,"Gans Fleisch, ohne Haut, gekocht",V,158,29.3,0,4.58,0,0
Y840243,Heidelbeerkompott,Y,65,0.4,12.2,0.451,3.7,12.2
U020182,"Schwein Hackfleisch, gebraten ohne Fett (Pfanne)",U,339,25.35,0,26.44,0,0
P287000,Kalte Ente (Bowle aus Wein und Sekt),P,74,0.1,1.55,0,0,1.55
G220162,Bleichsellerie gebacken,G,20,1.412,1.9,0.1,3.004,1.8
U131162,Rind Steak (Rücken) gebraten ohne Fett (Ofen),U,162,29.52,0,4.877,0,0
G720200,Wachsbohne tiefgefroren,G,30,2.3,3.7,0.2,2.1,2.39
G101152,Chicoree gedünstet,G,22,2.543,1.4,0.191,1.4,0.98
T780162,Europäische Auster gratiniert ohne Fett (Ofen),T,73,9.8,1.211,3.27,0,0
Y179012,Rinderzunge gekocht,Y,211,18.46,0,15.29,0,0
G322152,Grünkohl gedünstet,G,46,3.617,2.89,0.583,7.296,2.296
M524562,"Halloumi Grillkäse, gebacken",M,332,22.59,0.1,26.38,0,0
F140132,Quitte gekocht,F,44,0.411,6.7,0.515,4.882,5.754
U070182,"Rind Tatar/Schabefleisch, gebraten ohne Fett (Pfanne)",U,148,28.54,0,3.73,0,0
U693132,"Schwein Hintereisbein/Hinterhaxe, gekocht",U,259,26.24,0,17.07,0,0
U872172,"Schaf Vorderhaxe, mittelfett, gegrillt",U,256,27.3,0,16.3,0,0
H770132,"Mungbohne reif, gekocht",H,111,8.6,14.5,0.7,6.1,0.5
U817162,"Lamm Nuss, gebraten ohne Fett (Ofen)",U,147,25.68,0,4.973,0,0
T121282,"Thunfisch tiefgefroren, gebraten ohne Fett (Pfanne)",T,119,28.16,0,0.741,0,0
U883142,"Schaf Keule, fett, geschmort ohne Fett",U,309,26.7,0,22.5,0,0
U803000,"Schaf Fleisch, grob entsehnt, roh",U,181,18.4,0,11.9,0,0
C212032,"Weizen Backschrot, Type 1700, gekocht",C,52,1.95,9.41,0.27,1.95,0.1706
T204182,"Dorsch/Kabeljau, gebraten ohne Fett (Pfanne)",T,93,21.1,0,0.94,0,0
E107122,Hühnerei pochiert,E,138,13.44,0.347,9.184,0,0.347
G321162,Chinakohl gebacken,G,21,2.118,1.62,0.235,2,1.461
T501600,Karpfen geräuchert,T,128,19.43,0,5.59,0,0
G470132,"Porree/Lauch, gekocht",G,26,2.006,3,0.2,1.9,2.4
N630600,Schwarztee (Getränk) mit Zucker,N,7,0,1.861,0,0,1.861
F607600,Clementinensaft,F,37,0.76,7.35,0.12,0.2,7.35
V212182,"Hirsch Fleisch, gebraten ohne Fett (Pfanne)",V,153,29.21,0,3.988,0,0
T102182,Hering gebraten ohne Fett (Pfanne),T,159,18.8,0,9.316,0,0
T420172,Forelle gegrillt,T,195,27.08,0,9.39,0,0
U030100,"Kalb Hackfleisch, roh",U,189,19.11,0,12.52,0,0
G350132,Romanesco gekocht,G,30,2.058,4.52,0.238,2.5,1.83
U511172,"Schwein Filetmedaillon, gegrillt",U,128,28.7,0,1.5,0,0
F220600,Pflaumensaft,F,41,0.27,9.64,0.136,0.2,7.29
F311600,Traubensaft rot,F,70,0.54,15.75,0.08,0.13,15.75
V478200,"Gans Innereien, tiefgefroren",V,154,17.9,0,9.21,0,0
U221700,"Rind Roastbeef (Rücken) Rohpökelware, geräuchert",U,123,20.98,0.492,4.159,0,0.492
U541062,Schwein Schnitzel (Oberschale) gebraten ohne Fett (Ofen),U,131,28.12,0,2.027,0,0
E632000,"Dinkelteigwaren eifrei, roh",E,358,13.4,69.53,1.4,6.63,0.4512
G213182,Neuseeländer Spinat gebraten ohne Fett (Pfanne),G,23,2.2,1.39,0.3,2.7,1.12
V413132,"Hähnchen Fleisch, ohne Haut, gekocht",V,128,23.3,0,3.9,0,0
Y841363,Sauerkirschkompott,Y,96,0.679,21.44,0.377,0.8,20.68
G312200,Broccoli tiefgefroren,G,31,2.2,2.4,0.663,3.3,1.45
W530052,"Kasseler, Rohpökelware, geräuchert, gedünstet",W,155,32.78,0,2.618,0,0
K713142,Pfifferling geschmort ohne Fett,K,39,5.777,0.822,0.4,4.881,0.24
G560142,Tomate geschmort ohne Fett,G,27,1.176,4.06,0.136,1.6,4.06
Y8A4070,"Joghurt 1,5 % Fett mit Erdbeeren",Y,54,3.668,6.002,1.211,0.6,5.799
U185132,Rind Kochfleisch (Hüfte) gekocht,U,181,30.3,0,6.625,0,0
V413142,"Hähnchen Fleisch, ohne Haut, geschmort ohne Fett",V,190,33.8,0,6.1,0,0
X5A8040,"Käsealternative Mozzarella-Art, vegan",X,188,1.8,1.3,19.4,0.4,0
T797200,Venusmuschel tiefgefroren,T,73,14.7,1.4,0.96,0,0
G760232,"Erbse grün, tiefgefroren, gekocht",G,76,4.8,9.9,0.692,5.416,5.3
T415200,Königslachs tiefgefroren,T,180,19.9,0,11.2,0,0
F203152,Pfirsich gedünstet,F,45,0.8,9.11,0.125,1.9,7.94
V478182,"Gans Innereien, gebraten ohne Fett (Pfanne)",V,236,26.6,0,14.39,0,0
G343152,Wirsing gedünstet,G,37,2.836,4.1,0.327,2.9,3.5
V335162,"Wildente Schenkel, mit Haut, gebraten ohne Fett (Ofen)",V,247,27.5,0,15.2,0,0
T104400,Sardelle gesalzen,T,211,20.13,0,14.5,0,0
T603400,Zander gesalzen,T,97,22.39,0,0.78,0,0
K130592,"Pommes frites tiefgefroren, frittiert, gesalzen",K,202,2.886,25.81,8.995,3.224,0.239
V221162,"Reh Keule, gebraten ohne Fett (Ofen)",V,143,32.27,0,1.587,0,0
H230132,"Edelkastanie/Marone, gekocht",H,197,2.779,38.32,1.843,8.203,12.93
T306132,"Heilbutt/Weißer Heilbutt, pochiert",T,136,20.1,0,6.22,0,0
K718182,Steinpilz gebraten ohne Fett (Pfanne),K,76,8.852,5.36,0.656,9.869,0.869
G730132,"Dicke Bohne unreif, gekocht",G,62,5.2,6,0.6,5.8,1.3
U831182,"Schaf Hals/Kamm/Nacken, gebraten ohne Fett (Pfanne)",U,224,24.9,0,13.8,0,0
V494162,"Taube Fleisch, mit Haut, gebraten ohne Fett (Ofen)",V,217,32.98,0,9.5,0,0
K740400,Austernpilz getrocknet,K,251,26.18,10.05,1.74,46.28,8.78
F140600,Quittensaft,F,38,0.378,7.3,0.4,0.592,6.279
G660132,Knollensellerie gekocht,G,26,1.368,2.44,0.291,3.8,1.862
M2A2200,"Milchmischgetränk > 1 % Fett, probiotisch, aromatisiert, gesüßt, angereichert mit Vitaminen",M,70,3.23,11,1.43,0,11
B561000,Dinkelbrötchen,B,287,10.8,49,3.58,7.6,1.5
G761152,Zuckererbse gedünstet,G,40,3.9,4.7,0.2,2,3.43
G613132,"Rote Rübe/Rote Bete, gekocht",G,58,1.6,11,0.3,2.6,10.4
T501200,Karpfen tiefgefroren,T,119,18,0,5.18,0,0
T601162,"Barsch/Flussbarsch, gebraten ohne Fett (Ofen)",T,95,22.13,0,0.7,0,0
U333182,"Kalb Filetsteak, gebraten ohne Fett (Pfanne)",U,157,27.88,0,5.041,0,0
G345082,"Sauerkraut abgetropft, gebraten ohne Fett (Pfanne)",G,42,2.123,1.87,0.585,4.038,1.452
G660182,Knollensellerie gebraten ohne Fett (Pfanne),G,55,2.87,5.13,0.611,7.8,3.908
G542162,"Gemüsepaprika gelb, gebacken",G,33,0.941,5.203,0.235,2.588,5.203
V553132,"Schwein Magen, gekocht",V,187,21.9,0,11,0,0
U511162,"Schwein Filetmedaillon, gebraten ohne Fett (Ofen)",U,127,28.8,0,1.3,0,0
U857142,"Lamm Brust, geschmort ohne Fett",U,378,24.2,0,31.25,0,0
U405200,"Kalb Nierenfett, tiefgefroren",U,671,8.2,0,70.9,0,0
G470200,"Porree/Lauch, tiefgefroren",G,32,0.9,5,0.278,2.4,4.3
N630400,Schwarztee (Getränk) mit Sahne 30 % Fett,N,10,0.077,0.109,1.057,0,0.109
V465172,"Ente Schenkel, mit Haut, gegrillt",V,258,24.39,0,17.81,0,0
F545142,Kochbanane geschmort ohne Fett,F,162,1.46,36.8,0.09,2.8,9.6
V4A6172,"Hähnchen Brust, ohne Haut, gegrillt",V,138,28.41,0,2.74,0,0
G470162,"Porree/Lauch, gebacken",G,43,2.518,6,0.294,2.6,4.6
V438200,"Suppenhuhn Innereien, tiefgefroren",V,154,17.9,0,9.21,0,0
T094400,Lachsrogen gesalzen,T,126,24.8,0,3,0,0
G530142,Okra geschmort ohne Fett,G,35,2.285,3.36,0.218,5.385,3.36
U866162,"Hammel Bug/Schulter, gebraten ohne Fett (Ofen)",U,342,21.17,0,28.57,0,0
V511182,"Rind Herz, gebraten ohne Fett (Pfanne)",V,176,24.81,0,8.492,0,0
G710142,"Bohne grün, geschmort ohne Fett",G,32,2.518,3.9,0.27,2.148,2.58
U892172,"Schaf Hinterhaxe, mittelfett, gegrillt",U,256,27.3,0,16.3,0,0
U331162,Kalb Steak (Rücken) gebraten ohne Fett (Ofen),U,150,30.4,0,3.176,0,0
U543172,Schwein Schnitzel (Nuss) gegrillt,U,140,28.24,0,3.05,0,0
T501152,Karpfen gedünstet,T,107,15.88,0,4.88,0,0
V481132,"Pute Fleisch, ohne Haut, gekocht",V,121,26.36,0,1.7,0,0
V222162,"Reh Rücken, gebraten ohne Fett (Ofen)",V,152,29.15,0,3.89,0,0
V232162,"Hase Fleisch, gebraten ohne Fett (Ofen)",V,135,26.65,0,3.127,0,0
T420282,"Forelle tiefgefroren, gebraten ohne Fett (Pfanne)",T,150,23.63,0,5.962,0,0
G510182,Aubergine gebraten ohne Fett (Pfanne),G,32,0.966,5.12,0.305,2.4,4.56
G581152,Kürbis Pumpkin (C. pepo) gedünstet,G,39,1.196,6.32,0.141,3.728,5.55
H120400,Walnuss gemahlen,H,718,16.07,3,70.6,3.2,2.68
H800300,"Mandeldrink gesüßt, aromatisiert, angereichert mit Calcium",H,36,0.84,3.28,2.092,0.13,3.25
P1A3100,"Radler, alkoholfrei (Pilsner Bier, alkoholfrei, mit Zitronenlimonade)",P,28,0.208,6.474,0,0,5.434
U642200,Schwein Bauch (wie gewachsen) tiefgefroren,U,324,17.74,0,28.06,0,0
V614142,"Hähnchen Herz, geschmort ohne Fett",V,152,15.85,0,9.87,0,0
T502132,"Blei/Brachsen/Brasse, pochiert",T,82,13.83,0,2.94,0,0
U642172,Schwein Bauch (wie gewachsen) gegrillt,U,421,23.65,0,36.24,0,0
U891142,"Schaf Hinterhaxe, mager, geschmort ohne Fett",U,159,30.3,0,4.19,0,0
U651132,"Schwein Brustspitze, gekocht",U,256,28.54,0,15.81,0,0
U624162,Schwein Kotelett (Rücken/caudal) gebraten ohne Fett (Ofen),U,142,29.84,0,2.51,0,0
S492000,Erdnuss-Krokant,S,546,18.8,37.4,32.3,5.5,24.6
G530152,Okra gedünstet,G,35,2.283,3.32,0.217,5.326,3.32
V330200,"Wildente Fleisch, mit Haut, tiefgefroren",V,206,17.4,0,15.2,0,0
G211200,Spinat tiefgefroren,G,20,2.313,0.98,0.316,1.9,0.79
U741172,"Schaf Schnitzel (Keule, mager) gegrillt",U,174,31,0,5.58,0,0
C311032,"Grünkern ganzes Korn, gekocht",C,173,5.84,31.23,1.34,6.42,1.311
V311162,"Fasan Fleisch, mit Haut, gebraten ohne Fett (Ofen)",V,188,33.78,0,5.904,0,0
N273000,Ananassaftschorle,N,23,0.2,5.354,0.05,0.155,4.854
H610182,Bambussprossen gebraten ohne Fett (Pfanne),H,19,2.941,1.129,0.353,,1.129
U882162,"Schaf Keule, mittelfett, gebraten ohne Fett (Ofen)",U,219,25.2,0,13.1,0,0
G581082,Kürbis Hokkaido (C. maxima) gebraten ohne Fett (Pfanne),G,56,2.593,9.811,0.37,1.444,8.5
X610042,Salzkartoffeln (Kartoffeln mit Salz gekocht),X,75,1.84,16.08,0.09,1.318,0.808
V474172,"Gans Fleisch, mit Haut, gegrillt",V,379,21.08,0,32.7,0,0
T311600,Flunder geräuchert,T,110,23.3,0,1.92,0,0
T121262,"Thunfisch tiefgefroren, gebraten ohne Fett (Ofen)",T,130,30.69,0,0.79,0,0
G342142,Weißkohl geschmort ohne Fett,G,57,2.443,8.1,0.336,5.4,7.85
V484182,"Pute Fleisch, mit Haut, gebraten ohne Fett (Pfanne)",V,216,27.49,0,11.81,0,0
T780152,Europäische Auster gedämpft,T,69,8.036,1.298,3.5,0,0
H844400,"Soja-Joghurtalternative gesüßt, aromatisiert",H,62,3.96,5.4,2.54,0,5.2
G543082,"Gemüsepaprika rot, gebraten ohne Fett (Pfanne)",G,61,1.737,10.49,0.339,3.729,10.49
T412200,Buckellachs tiefgefroren,T,124,21,0,4.4,0,0
U726182,"Hammel Kotelett, gebraten ohne Fett (Pfanne)",U,393,19.39,0,35.07,0,0
U333162,"Kalb Filetsteak, gebraten ohne Fett (Ofen)",U,162,29.93,0,4.706,0,0
T615182,"Rotbarsch/Goldbarsch, gebraten ohne Fett (Pfanne)",T,108,18.2,0,3.9,0,0
V486142,"Pute Brust, ohne Haut, geschmort ohne Fett",V,145,34.11,0,0.914,0,0
U741200,"Schaf Schnitzel (Keule, mager) tiefgefroren",U,128,22.6,0,4.2,0,0
T103600,"Matjeshering mild gesalzen, geräuchert",T,294,17.27,0,24.4,0,0
U163182,Rind Roulade (Oberschale) gebraten ohne Fett (Pfanne),U,176,29.89,0,6.216,0,0
K718162,Steinpilz gebacken,K,64,7.5,4.54,0.556,8.361,0.736
C121032,"Roggen ganzes Korn, gekocht",C,161,5.871,28.74,0.86,7.2,0.761
U726172,"Hammel Kotelett, gegrillt",U,464,20.43,0,42.51,0,0
U284142,"Rind Hüfte, geschmort ohne Fett",U,152,31.5,0,2.85,0,0
G345042,"Sauerkraut abgetropft, geschmort ohne Fett",G,41,1.989,1.78,0.548,3.821,1.375
V4A5142,"Hähnchen Oberschenkel, mit Haut, geschmort ohne Fett",V,205,21.64,0,13.12,0,0
H861082,Tofu gebraten ohne Fett (Pfanne),H,157,21.58,0,7.425,1.884,0
U284162,"Rind Hüfte, gebraten ohne Fett (Ofen)",U,145,30.3,0,2.69,0,0
V4A5172,"Hähnchen Oberschenkel, mit Haut, gegrillt",V,309,27.42,0,22.14,0,0
C350042,"Reis poliert, geschmort ohne Fett",C,111,2.428,24.4,0.167,0.9,0.09
T305172,"Goldbutt/Scholle, gegrillt",T,105,23.7,0,1.1,0,0
N414100,"Kaffee (Getränk) entkoffeiniert, mit Milch 3,5 % Fett",N,3,0.23,0.13,0.12,0,0.13
V512142,"Kalb Herz, geschmort ohne Fett",V,175,27.18,0,7.36,0,0
V463162,"Ente Fleisch, ohne Haut, gebraten ohne Fett (Ofen)",V,144,28.8,0,3.2,0,0
U872162,"Schaf Vorderhaxe, mittelfett, gebraten ohne Fett (Ofen)",U,219,25.2,0,13.1,0,0
G611132,"Kohlrübe/Steckrübe, gekocht",G,38,0.7,7,0.1,3,5.8
X551162,Auberginenscheiben frittiert,X,76,0.642,3.59,6.097,1.7,3.2
U881162,"Schaf Keule, mager, gebraten ohne Fett (Ofen)",U,163,30.2,0,4.73,0,0
Q4C5100,"Mischfett mit überwiegend Pflanzenfett, gesalzen, angereichert mit Vitaminen",Q,496,0.39,1.24,54.33,0,0.5099
T501162,Karpfen gebraten ohne Fett (Ofen),T,150,23.43,0,6.24,0,0
V242142,"Wildkaninchen Fleisch, geschmort ohne Fett",V,143,29.6,0,2.77,0,0
V516182,"Hammel Herz, gebraten ohne Fett (Pfanne)",V,174,24.55,0,8.4,0,0
F545162,Kochbanane gebacken,F,152,1.39,34.7,0.08,2.6,9.1
V532200,"Kalb Leber, tiefgefroren",V,86,14.9,4.1,1.15,0,0
T104172,Sardelle gegrillt,T,246,24.62,0,16.4,0,0
U323182,Kalb Kotelett (Rücken) gebraten ohne Fett (Pfanne),U,142,27.87,0,3.348,0,0
U461200,"Kalb Bug/Schulter, tiefgefroren",U,94,21.2,0,1.01,0,0
F220152,Pflaume gedünstet,F,57,0.35,12.6,0.2,2,9.53
C559032,Reisnudeln gekocht,C,91,1.889,20.4,0.15,0.4,0.07
H750132,"Dicke Bohne reif, gekocht",H,118,9,12.9,1,9,1.1
G760182,"Erbse grün, gebraten ohne Fett (Pfanne)",G,101,6.8,14.14,0.552,5.7,1.498
V417182,"Hähnchen Flügel, mit Haut, gebraten ohne Fett (Pfanne)",V,219,25.66,0,12.94,0,0
G480132,Speisezwiebel gekocht,G,27,0.7,4.133,0.3,2.3,4.133
G620200,"Karotte/Möhre, tiefgefroren",G,40,0.75,6.471,0.421,3.1,6.37
G760282,"Erbse grün, tiefgefroren, gebraten ohne Fett (Pfanne)",G,89,5.6,11.5,0.805,6.092,6.2
T502200,"Blei/Brachsen/Brasse, tiefgefroren",T,96,16.6,0,3.31,0,0
U886162,"Hammel Keule, gebraten ohne Fett (Ofen)",U,279,24.09,0,20.28,0,0
U564142,Schwein Dicke Rippe geschmort ohne Fett,U,251,26.5,0,16.1,0,0
U171142,Rind Bratenfleisch (Bug) geschmort ohne Fett,U,163,27.13,0,6.057,0,0
U216182,Rind Filetsteak gebraten ohne Fett (Pfanne),U,157,27.88,0,5.041,0,0
C359032,"Reis parboiled, poliert, gekocht",C,110,2.68,23.8,0.32,0.5,0.12
G581182,Kürbis Pumpkin (C. pepo) gebraten ohne Fett (Pfanne),G,66,2.037,10.76,0.241,6.352,9.45
U255162,"Rind Brustkern/Mittelbrust, gebraten ohne Fett (Ofen)",U,257,26.63,0,16.71,0,0
F501400,Ananas getrocknet,F,333,3.7,68.9,0.7,10.2,68.9
U576162,Schwein Bratenfleisch (Hüfte/Schinkenspeck) gebraten ohne Fett (Ofen),U,156,28.6,0,4.57,0,0
D490100,Quarkblätterteig gebacken,D,509,10.29,33.3,36.48,2.32,2
E108122,"Hühnerei Eiklar, pochiert",E,42,10.1,0.418,0.031,0,0.418
V466162,"Ente Brust, mit Haut, gebraten ohne Fett (Ofen)",V,206,27.43,0,10.75,0,0
G322182,Grünkohl gebraten ohne Fett (Pfanne),G,79,6.209,4.95,1,12.52,3.941
T209152,Seehecht gedünstet,T,78,15.36,0,1.84,0,0
F514152,Kiwi gedünstet,F,62,0.9,10.3,0.5,4,10.3
S157000,Traubendicksaft,S,270,0.838,65.28,0,1.238,61.28
G344182,Spitzkohl gebraten ohne Fett (Pfanne),G,58,2.28,8.56,0.34,5.7,8.3
V484172,"Pute Fleisch, mit Haut, gegrillt",V,215,27.67,0,11.64,0,0
N414200,"Kaffee (Getränk) entkoffeiniert, mit Kondensmilch 7,5 % Fett",N,5,0.33,0.311,0.252,0,0.311
S220800,"Speiseeis (Nuss, Vanille) gemischt",S,217,2.89,24.69,11.48,1.06,20.17
W212032,Geflügel-Wiener Würstchen gargezogen,W,214,13.21,0.97,17.25,0,0.97
T213262,"Alaska-Pollack/Alaska-Seelachs, tiefgefroren, gebraten ohne Fett (Ofen)",T,106,24.34,0,0.962,0,0
V512182,"Kalb Herz, gebraten ohne Fett (Pfanne)",V,158,23.48,0,7.162,0,0
U882142,"Schaf Keule, mittelfett, geschmort ohne Fett",U,242,27.9,0,14.5,0,0
V494142,"Taube Fleisch, mit Haut, geschmort ohne Fett",V,202,32.05,0,8.233,0,0
T417152,Wildlachs gedünstet,T,163,17.36,0,10.42,0,0
V572142,"Kalb Niere, geschmort ohne Fett",V,219,31.73,0,10.19,0,0
U482200,"Kalb Keule, tiefgefroren",U,89,20.7,0,0.72,0,0
G611152,"Kohlrübe/Steckrübe, gedünstet",G,22,1.225,2.26,0.157,2.843,1.362
C148032,"Gerste Graupen, gekocht",C,114,3.8,22.9,0.471,1.7,0.626
G620182,"Karotte/Möhre, gebraten ohne Fett (Pfanne)",G,74,1.556,11.98,0.741,5.4,11.8
F303152,Brombeere gedünstet,F,52,1.37,10.8,0.2,3.4,5.8
T603182,Zander gebraten ohne Fett (Pfanne),T,102,23.75,0,0.74,0,0
U235142,"Rind Hochrippe, geschmort ohne Fett",U,199,28.41,0,9.471,0,0
T603600,Zander geräuchert,T,93,21.59,0,0.71,0,0
F517400,Papaya getrocknet,F,289,4.4,60.2,0.568,12,60.2
N4A0000,"Kaffee (Getränk) mit Haferdrink, ungesüßt",N,2,0.14,0.14,0.03,0.32,0.128
T412152,Buckellachs gedünstet,T,110,18.3,0,4.1,0,0
T780172,Europäische Auster gegrillt,T,99,13.16,1.627,4.39,0,0
G530132,Okra gekocht,G,23,1.8,2,0.2,3.1,1.4
W510062,"Kasseler, Rohpökelware, geräuchert, gebraten ohne Fett (Ofen)",W,144,30.44,0,2.511,0,0
W424082,"Schwein Kochschinken, Kochpökelware, gebraten ohne Fett (Pfanne)",W,142,25.41,0.86,3.656,0,0.86
G582162,Zucchini gebacken,G,28,1.5,4,0.338,1.3,2.5
T102400,Hering gesalzen,T,218,19.8,0,15.4,0,0
G490400,Knoblauch getrocknet,G,240,15.04,7,1.044,70.36,5.1
U411200,"Kalb Filet/Lende, tiefgefroren",U,101,21.2,0,1.82,0,0
V542132,"Kalb Lunge, gekocht",V,87,17.5,0,1.929,0,0
X741112,Eierteigwaren (mit Salz gekocht),X,129,5.2,24.65,0.785,1.327,0.612
Y841643,Dörrpflaumenkompott,Y,99,0.88,22,0,2.35,19.3
T507182,"Pangasius/Schlankwels, gebraten ohne Fett (Pfanne)",T,89,17.71,0,2.048,0,0
N418000,"Latte macchiato (Getränk) mit Milch 3,5 % Fett",N,50,2.9,3.22,2.79,0.084,3.22
F081600,Rhabarbersaft,F,12,0.51,1.087,0.112,0.32,0.903
K110132,"Kartoffel geschält, gekocht",K,76,2,15.83,0.1,2.05,0.65
V476182,"Gans Fleisch, ohne Haut, gebraten ohne Fett (Pfanne)",V,186,35.1,0,5.09,0,0
U811162,"Schaf Filet/Lende, gebraten ohne Fett (Ofen)",U,225,24,0,14.3,0,0
N630200,"Schwarztee (Getränk) mit Milch 3,5 % Fett",N,2,0.12,0.13,0.12,0,0.13
T600152,Meerbarbe gedünstet,T,89,17.95,0,1.905,0,0
T792132,Miesmuschel gekocht,T,61,9.853,0,2.444,0,0
K701172,Champignon gegrillt,K,44,5.57,4.5,0.422,2.9,0.3
G760132,"Erbse grün, gekocht",G,87,5.6,12.04,0.5,5.92,1.275
G554132,"Pfefferschote rot, gekocht",G,41,1.93,6.39,0.46,1.6,6.39
G543162,"Gemüsepaprika rot, gebacken",G,42,1.206,7.29,0.235,2.588,7.29
U216172,Rind Filetsteak gegrillt,U,144,25.44,0,4.7,0,0
T033152,Dornhai gedünstet,T,169,11.25,0,13.81,0,0
C241132,"Einkorn ganzes Korn, gekocht",C,179,7.43,31.44,1.45,5.37,0.628
W234062,Fleischwurst gebraten ohne Fett (Ofen),W,348,14.13,0.3,32.01,0,0.29
M524582,"Halloumi Grillkäse, gebraten ohne Fett (Pfanne)",M,307,21.69,0.1,24,0,0
F516600,Mangosaft,F,51,0.6,11,0.36,0.2,9.9
U632800,"Schwein Kamm, Rohpökelware",U,162,18.07,0.47,9.74,0,0.47
K709182,Hallimasch gebraten ohne Fett (Pfanne),K,62,5.198,4.8,1.115,9.033,0.3
C347032,"Mais Grütze, gekocht",C,52,1.375,9.974,0.448,1.495,0.22
T213132,"Alaska-Pollack/Alaska-Seelachs, pochiert",T,57,12.3,0,0.87,0,0
G560400,Tomate getrocknet,G,276,12.19,41.66,1.412,16.7,41.66
U382132,Kalb Kochfleisch (Brust) gekocht,U,231,23.89,0,14.99,0,0
T207182,"Köhler/Seelachs, gebraten ohne Fett (Pfanne)",T,116,22.94,0,2.689,0,0
C412032,"Grünkern Vollkornschrot, gekocht",C,50,1.72,8.92,0.4,1.89,0.3745
G542152,"Gemüsepaprika gelb, gedünstet",G,30,0.87,4.807,0.217,2.391,4.807
U727162,"Lamm Kotelett, gebraten ohne Fett (Ofen)",U,293,27.9,0,20.19,0,0
V463182,"Ente Fleisch, ohne Haut, gebraten ohne Fett (Pfanne)",V,178,34.8,0,4.3,0,0
M2I5200,"Milchmischgetränk 1,5 % Fett, mit Kaffee, ungesüßt",M,36,2.88,3.17,1.26,0.05656,3.17
U727172,"Lamm Kotelett, gegrillt",U,292,25.37,0,21.12,0,0
W233032,"Fleischkäse einfach, fein/Original Bayerischer Leberkäse fein, gekocht",W,211,12.06,0.5,17.65,0,0.5
T506400,Wels gesalzen,T,147,17.12,0,8.7,0,0
G670132,Wurzelpetersilie gekocht,G,72,2.728,13.1,0.445,2.085,5.732
B6A2000,Roggenknäckebrot,B,334,9.4,62,1.34,18.16,1.751
T633200,Meeräsche tiefgefroren,T,108,20.4,0,2.89,0,0
G482132,"Frühlingszwiebel/Lauchzwiebel, gekocht",G,31,2.2,3.4,0.22,3.1,3.2
N410800,Kaffee (Getränk) mit Alkohol,N,16,0.11,0,0,0.2933,0
C232032,"Hafer Schrot, gekocht",C,62,2.107,9.6,1.273,1.7,0.194
G542042,"Gemüsepaprika gelb, geschmort ohne Fett",G,31,0.87,4.859,0.218,2.418,4.859
U642700,"Schwein Bauch (wie gewachsen) Rohpökelware, geräuchert",U,374,18,0.492,33.3,0,0.492
F564600,Mangostanesaft,F,58,0.54,12.71,0.48,0.14,12.71
U351182,Kalb Gulasch (Bug) gebraten ohne Fett (Pfanne),U,120,27.14,0,1.239,0,0
U861162,"Schaf Bug/Schulter, mager, gebraten ohne Fett (Ofen)",U,176,26.7,0,7.73,0,0
G670142,Wurzelpetersilie geschmort ohne Fett,G,91,3.435,16.6,0.561,2.566,7.289
T424152,Meerforelle gedünstet,T,98,16.4,0,3.44,0,0
G650200,Schwarzwurzel tiefgefroren,G,62,1.463,8.8,0.453,5,4
K120200,"Kartoffel ungeschält, tiefgefroren",K,90,2.16,19.44,0.105,1.495,1.54
V050200,Schnecken tiefgefroren,V,68,14.4,0,1.2,0,0
C137032,"Hafer Grütze, gekocht",C,66,3,10,1.1,2.021,0.14
G582132,Zucchini gekocht,G,22,1.3,3,0.3,0.8,1.7
T417182,Wildlachs gebraten ohne Fett (Pfanne),T,208,23.63,0,12.6,0,0
G561500,Tomate Pulver,G,314,13.84,47.28,1.603,18.9,47.28
U821172,"Schaf Rücken, gegrillt",U,164,29.6,0,5.01,0,0
U020162,"Schwein Hackfleisch, gebraten ohne Fett (Ofen)",U,339,25.35,0,26.44,0,0
T041152,Aal gedünstet,T,271,13.5,0,24.1,0,0
U853142,"Schaf Brust, fett, geschmort ohne Fett",U,487,17.8,0,46.2,0,0
U664162,Schwein Dicker Bug (mit Fett und Schwarte) gebraten ohne Fett (Ofen),U,240,27.3,0,14.56,0,0
G760432,"Erbse reif, gekocht",G,117,8.745,14.9,0.558,8.539,1.2
U221200,Rind Roastbeef (Rücken) tiefgefroren,U,130,22.45,0,4.45,0,0
K706182,Butterpilz gebraten ohne Fett (Pfanne),K,52,4.177,5.36,0.59,7.344,0.869
U721200,"Schaf Kotelett, tiefgefroren",U,348,14.9,0,32,0,0
U753182,"Schaf Gulasch (Bug, fett) gebraten ohne Fett (Pfanne)",U,361,24,0,29.4,0,0
U578162,"Schwein Lachsbraten, gebraten, ohne Fett (Ofen)",U,142,29.84,0,2.51,0,0
G482162,"Frühlingszwiebel/Lauchzwiebel, gebacken",G,31,2.2,3.4,0.22,3.1,3.2
F545132,Kochbanane gekocht,F,112,1.21,25.4,0.08,1.9,6.6
F223152,Zwetschge gedünstet,F,57,0.35,12.6,0.2,2,9.53
G490182,Knoblauch gebraten ohne Fett (Pfanne),G,155,9.603,5,0.667,44.92,3.3
G760252,"Erbse grün, tiefgefroren, gedünstet",G,85,5.4,11,0.769,5.824,5.9
V4A6162,"Hähnchen Brust, ohne Haut, gebraten ohne Fett (Ofen)",V,148,31.16,0,2.59,0,0
U151142,Rind Gulasch (Bug) geschmort ohne Fett,U,173,28.77,0,6.424,0,0
Y847950,Johannisbeeren gezuckert,Y,75,1.294,13.88,0.18,3.1,13.88
U131200,Rind Steak (Rücken) tiefgefroren,U,130,22.45,0,4.45,0,0
V513142,"Schwein Herz, geschmort ohne Fett",V,195,29.11,0,8.7,0,0
H610132,Bambussprossen gekocht,H,18,2.679,1.028,0.321,,1.028
V593132,"Schwein Zunge, gekocht",V,235,23.91,0,15.51,0,0
T615172,"Rotbarsch/Goldbarsch, gegrillt",T,112,18.7,0,4.16,0,0
U101400,Rind Fleisch (Keule) getrocknet,U,258,36.6,0,12.4,0,0
U711182,"Schaf Filetmedaillon, gebraten ohne Fett (Pfanne)",U,156,31.38,0,3.44,0,0
U773142,"Schaf Bratenfleisch (Bug, fett) geschmort ohne Fett",U,383,25.5,0,31.2,0,0
V212142,"Hirsch Fleisch, geschmort ohne Fett",V,150,28.78,0,3.929,0,0
F331600,Maulbeersaft,F,44,1.23,7.3,0.31,0.2,7.3
U287132,"Rind Oberschale, gekocht",U,176,31.29,0,5.659,0,0
V543132,"Schwein Lunge, gekocht",V,107,13.5,0,5.929,0,0
V541132,"Rind Lunge, gekocht",V,96,18.1,0,2.578,0,0
U672162,"Schwein Vordereisbein/Vorderhaxe, gebraten ohne Fett (Ofen)",U,249,31.2,0,13.78,0,0
V576142,"Hammel Niere, geschmort ohne Fett",V,169,31.35,0,4.848,0,0
U685142,"Schwein Hüfte/Schinkenspeck, geschmort ohne Fett",U,167,30.03,0,5.21,0,0
U622200,Schwein Kotelett (Rücken/cranial) tiefgefroren,U,175,21.02,0,10.08,0,0
U080200,"Rind Leberhack, tiefgefroren",U,131,19.21,5.3,3.66,0,0
U184132,Rind Kochfleisch (Bug) gekocht,U,170,28.41,0,6.211,0,0
T202152,Leng gedünstet,T,73,16.96,0,0.59,0,0
V463042,"Ente Fleisch, ohne Haut, geschmort ohne Fett",V,142,27.3,0,3.6,0,0
U883200,"Schaf Keule, fett, tiefgefroren",U,234,18,0,18,0,0
T410062,Lachs gebraten ohne Fett (Ofen),T,198,22.78,0,11.88,0,0
T122182,Weißer Thun gebraten ohne Fett (Pfanne),T,143,32.3,0,1.54,0,0
V4B5162,"Hähnchen Unterschenkel, mit Haut, gebraten ohne Fett (Ofen)",V,174,24.41,0,8.47,0,0
V250200,"Wildschwein Fleisch, tiefgefroren",V,162,19.5,0,9.3,0,0
V112162,"Pferd Fleisch, gebraten ohne Fett (Ofen)",V,150,29.52,0.585,3.268,0,0
G485132,Schalotte gekocht,G,33,2,3.2,0.1,5.605,3.2
G451082,Spargel gebraten ohne Fett (Pfanne),G,53,3.698,7.51,0.294,2.6,7.17
T753200,"Garnele/Granat/Krabbe, tiefgefroren",T,87,18.6,0,1.44,0,0
V4B5142,"Hähnchen Unterschenkel, mit Haut, geschmort ohne Fett",V,142,21.07,0,6.36,0,0
U863200,"Schaf Bug/Schulter, fett, tiefgefroren",U,294,17.2,0,25,0,0
U532162,"Schwein Kammsteak, gebraten ohne Fett (Ofen)",U,205,24.66,0,11.78,0,0
T403600,Bachsaibling geräuchert,T,150,22.9,0,6.5,0,0
C123032,"Roggen Flocken, gekocht",C,50,1.523,9.11,0.288,2.3,0.24
K713062,Pfifferling gebacken,K,36,5.431,0.765,0.376,4.542,0.223
U231142,"Rind Hals/Kamm/Nacken, geschmort ohne Fett",U,186,25.85,0,9.2,0,0
G324182,Pak Choi gebraten ohne Fett (Pfanne),G,31,3.396,1.9,0.377,3.2,1.5
X820162,Reis gekocht,X,112,2.535,24.6,0.188,0.8,0.1
G581032,Kürbis Hokkaido (C. maxima) gekocht,G,30,1.4,5.298,0.2,0.806,4.59
V466172,"Ente Brust, mit Haut, gegrillt",V,250,23.34,0,17.43,0,0
U642132,Schwein Bauch (wie gewachsen) gekocht,U,357,22.49,0,29.64,0,0
K120184,"Kartoffel ungeschält, gebraten ohne Fett (Pfanne)",K,111,2.66,23.98,0.13,1.844,1.9
U871132,"Schaf Vorderhaxe, mager, gekocht",U,169,32.3,0,4.47,0,0
V221142,"Reh Keule, geschmort ohne Fett",V,143,32.27,0,1.587,0,0
U271142,"Rind Vorderhesse, geschmort ohne Fett",U,163,27.13,0,6.057,0,0
V582132,"Kalb Bries, gekocht",V,112,20.1,0,3.532,0,0
U821162,"Schaf Rücken, gebraten ohne Fett (Ofen)",U,174,32.6,0,4.79,0,0
E609232,"Eierteigwaren Tortellini (Fleischfüllung) getrocknet, gekocht",E,140,5.319,23.13,2.76,0.906,0.468
G581162,Kürbis Pumpkin (C. pepo) gebacken,G,42,1.294,6.84,0.153,4.035,6.01
G480500,Speisezwiebel Pulver,G,334,11.49,59.76,1.491,13.9,59.76
Y740842,Eier pochiert (verlorene Eier),Y,136,13.31,0.343,9.091,0,0.343
K701142,Champignon geschmort ohne Fett,K,42,5.41,4.4,0.405,2.8,0.3
G541162,"Gemüsepaprika grün, gebacken",G,45,1.271,8.11,0.282,2.4,7.67
T791132,Große Sandklaffmuschel gekocht,T,54,9.844,0,1.638,0,0
G650142,Schwarzwurzel geschmort ohne Fett,G,73,1.658,10.5,0.513,6,4.8
U733162,"Schaf Filetsteak, gebraten ohne Fett (Ofen)",U,146,29.26,0,3.21,0,0
T207282,"Köhler/Seelachs, tiefgefroren, gebraten ohne Fett (Pfanne)",T,95,21.08,0,1.238,0,0
U486162,"Kalb Unterschale/Schwanzstück, gebraten ohne Fett (Ofen)",U,114,26.85,0,0.778,0,0
U685162,"Schwein Hüfte/Schinkenspeck, gebraten ohne Fett (Ofen)",U,156,28.6,0,4.57,0,0
G344132,Spitzkohl gekocht,G,29,1.12,4.21,0.17,2.9,4.08
M200100,"Milchmischgetränk < 1 % Fett, aromatisiert, gesüßt",M,56,3.213,10.51,0.066,0,10.51
H450400,Mohn gemahlen,H,521,23.82,2.99,42.2,17.16,2.99
V494200,"Taube Fleisch, mit Haut, tiefgefroren",V,169,20.9,0,9.5,0,0
K420192,"Batate/Süßkartoffel, frittiert, gesalzen",K,300,2.833,43.8,11.53,5.458,9.5
V232200,"Hase Fleisch, tiefgefroren",V,113,21.6,0,3.01,0,0
G311132,Blumenkohl gekocht,G,37,1.9,5.09,0.9,2.38,2.376
C143032,"Gerste Flocken, gekocht",C,56,1.903,10.6,0.355,1.5,0.29
G581052,Kürbis Hokkaido (C. maxima) gedünstet,G,33,1.522,5.759,0.217,0.848,4.989
V515182,"Lamm Herz, gebraten ohne Fett (Pfanne)",V,178,25.7,0,8.4,0,0
V523132,"Schwein Hirn, gekocht",V,116,11.22,0,7.941,0,0
V614200,"Hähnchen Herz, tiefgefroren",V,165,13.09,0,12.5,0,0
U622162,Schwein Kotelett (Rücken/cranial) gebraten ohne Fett (Ofen),U,203,26.63,0,10.75,0,0
V474132,"Gans Fleisch, mit Haut, gekocht",V,260,20.19,0,19.93,0,0
F321152,"Johannisbeere rot, gedünstet",F,41,1.514,4.52,0.211,3.7,4.52
T305152,"Goldbutt/Scholle, gedünstet",T,69,15.4,0,0.8,0,0
T512600,Schleie geräuchert,T,84,19.11,0,0.799,0,0
T209200,Seehecht tiefgefroren,T,86,17.2,0,1.93,0,0
U742172,"Schaf Schnitzel (Keule, mittelfett) gegrillt",U,242,25.8,0,15.4,0,0
V595132,"Lamm Zunge, gekocht",V,238,17.6,0,18.6,0,0
T200182,Grenadier gebraten ohne Fett (Pfanne),T,90,20.78,0,0.788,0,0
G312132,Broccoli gekocht,G,33,3.3,2.5,0.5,2.73,1.6
W233062,"Fleischkäse einfach, fein/Original Bayerischer Leberkäse fein, gebraten ohne Fett (Ofen)",W,283,15.59,0.67,24.01,0,0.67
T207232,"Köhler/Seelachs, tiefgefroren, pochiert",T,86,18.75,0,1.239,0,0
V221132,"Reh Keule, gekocht",V,129,29.04,0,1.429,0,0
U853162,"Schaf Brust, fett, gebraten ohne Fett (Ofen)",U,433,15.8,0,41.1,0,0
V486200,"Pute Brust, ohne Haut, tiefgefroren",V,105,24.1,0,0.99,0,0
U291142,"Rind Hinterhesse, geschmort ohne Fett",U,177,28.7,0,6.9,0,0
T730132,Hummer gekocht,T,80,14.72,0,2.346,0,0
G344162,Spitzkohl gebacken,G,36,1.42,5.33,0.21,3.5,5.17
T604182,"Katfisch/Steinbeißer, gebraten ohne Fett (Pfanne)",T,97,18.76,0,2.4,0,0
V335182,"Wildente Schenkel, mit Haut, gebraten ohne Fett (Pfanne)",V,236,25.8,0,14.7,0,0
V514142,"Schaf Herz, geschmort ohne Fett",V,196,29.6,0,8.57,0,0
G430162,Gemüsefenchel gebacken,G,32,1.647,4.04,0.235,3.9,3.5
V463132,"Ente Fleisch, ohne Haut, gekocht",V,135,25.9,0,3.5,0,0
T207252,"Köhler/Seelachs, tiefgefroren, gedünstet",T,76,16.64,0,1.1,0,0
F303400,Brombeere getrocknet,F,305,8.02,63.1,1.2,19.7,33.7
T307200,Schwarzer Heilbutt tiefgefroren,T,161,13.22,0,12,0,0
T041182,Aal gebraten ohne Fett (Pfanne),T,309,16.9,0,26.8,0,0
G460152,Portulak gedünstet,G,16,1.577,0.625,0.362,1.7,0.205
U754142,Schaf Gulasch (Hals/Kamm/Nacken) geschmort ohne Fett,U,234,26.1,0,14.42,0,0
G470182,"Porree/Lauch, gebraten ohne Fett (Pfanne)",G,57,3.397,8,0.397,3.5,6.1
V475200,"Gans Schenkel, mit Haut, tiefgefroren",V,231,17.17,0,18.07,0,0
K701182,Champignon gebraten ohne Fett (Pfanne),K,47,6,4.8,0.449,3.1,0.3
W233082,"Fleischkäse einfach, fein/Original Bayerischer Leberkäse fein, gebraten ohne Fett (Pfanne)",W,271,14.4,0.63,23.24,0,0.63
U642162,Schwein Bauch (wie gewachsen) gebraten ohne Fett (Ofen),U,364,22.77,0,30.34,0,0
V454162,"Perlhuhn Fleisch, mit Haut, gebraten ohne Fett (Ofen)",V,167,29.9,0,5.23,0,0
T604200,"Katfisch/Steinbeißer, tiefgefroren",T,82,15.8,0,2.13,0,0
T307152,Schwarzer Heilbutt gedünstet,T,147,11.53,0,11.2,0,0
K704152,Birkenpilz gedünstet,K,65,6.62,4.6,0.873,9.141,0.746
V438182,"Suppenhuhn Innereien, gebraten ohne Fett (Pfanne)",V,240,27,0,14.62,0,0
U856162,"Hammel Brust, gebraten ohne Fett (Ofen)",U,433,15.83,0,41.11,0,0
U687062,Schwein Oberschale (ohne Deckel) gebraten ohne Fett (Ofen),U,143,29.54,0,2.71,0,0
U726162,"Hammel Kotelett, gebraten ohne Fett (Ofen)",U,456,22.47,0,40.63,0,0
G640142,Pastinake geschmort ohne Fett,G,71,3.206,11.7,0.513,2.566,3.687
U852162,"Schaf Brust, mittelfett, gebraten ohne Fett (Ofen)",U,215,25.9,0,12.4,0,0
E113182,"Hühnerei Eiklar, gebraten ohne Fett (Pfanne)",E,46,10.9,0.461,0.034,0,0.461
G343182,Wirsing gebraten ohne Fett (Pfanne),G,69,5.243,7.8,0.604,5.3,6.6
E112182,"Hühnerei Eigelb, gebraten ohne Fett (Pfanne)",E,386,17.2,0.236,35.17,0,0.236
G770432,"Kichererbse reif, gekocht",G,151,8.4,17.4,3,10.6,1.4
G543152,"Gemüsepaprika rot, gedünstet",G,39,1.114,6.73,0.217,2.391,6.73
U255142,"Rind Brustkern/Mittelbrust, geschmort ohne Fett",U,247,25.32,0,16.22,0,0
T202182,Leng gebraten ohne Fett (Pfanne),T,97,22.56,0,0.698,0,0
G670152,Wurzelpetersilie gedünstet,G,74,2.824,13.5,0.461,2.088,5.931
V351182,"Wachtel Fleisch, ohne Haut, gebraten ohne Fett (Pfanne)",V,155,29.7,0,4.03,0,0
T122152,Weißer Thun gedünstet,T,109,24.3,0,1.3,0,0
G490042,Knoblauch geschmort ohne Fett,G,122,7.487,4,0.52,35.37,2.5
T302152,Steinbutt gedünstet,T,74,14.91,0,1.648,0,0
T793172,"Pilgermuschel/Jakobsmuschel, gegrillt",T,93,22.82,0,0.149,0,0
T106152,Sprotte gedünstet,T,174,14.9,0,12.7,0,0
V511142,"Rind Herz, geschmort ohne Fett",V,197,29.24,0,8.889,0,0
U281162,"Rind Keule, gebraten ohne Fett (Ofen)",U,171,26.2,0,7.4,0,0
V531200,"Rind Leber, tiefgefroren",V,131,19.21,5.3,3.66,0,0
G710132,"Bohne grün, gekocht",G,34,2.1,4.06,0.3,3.65,2.976
T603132,Zander pochiert,T,69,15.96,0,0.56,0,0
V4A5182,"Hähnchen Oberschenkel, mit Haut, gebraten ohne Fett (Pfanne)",V,243,25.49,0,15.72,0,0
U872132,"Schaf Vorderhaxe, mittelfett, gekocht",U,259,29.8,0,15.5,0,0
G620142,"Karotte/Möhre, geschmort ohne Fett",G,48,1.002,7.797,0.477,3.5,7.675
V481172,"Pute Fleisch, ohne Haut, gegrillt",V,134,26.97,0,2.9,0,0
G640132,Pastinake gekocht,G,72,1.2,13.7,0.7,2.6,4.2
U856132,"Hammel Brust, gekocht",U,480,17.54,0,45.54,0,0
T615162,"Rotbarsch/Goldbarsch, gebraten ohne Fett (Ofen)",T,108,18.4,0,3.87,0,0
U891172,"Schaf Hinterhaxe, mager, gegrillt",U,161,29.7,0,4.72,0,0
G342162,Weißkohl gebacken,G,37,1.626,5.33,0.224,3.5,5.17
U672132,"Schwein Vordereisbein/Vorderhaxe, gekocht",U,238,29.99,0,13.11,0,0
G450200,Spargel tiefgefroren,G,32,2.178,4.42,0.173,1.6,4.22
C353132,Wildreis gekocht,C,140,5.074,28.36,0.349,1.5,0.28
T204252,"Dorsch/Kabeljau, tiefgefroren, gedünstet",T,68,15.53,0,0.6,0,0
H230162,"Edelkastanie/Marone, gebacken",H,229,3.179,44.78,2.065,9.098,15.11
U533172,"Schwein Schmetterlingssteak, gegrillt",U,216,34.1,0,8.9,0,0
U331200,Kalb Steak (Rücken) tiefgefroren,U,107,20.9,0,2.62,0,0
G561152,Tomate gedünstet,G,24,1.08,3.69,0.125,1.5,3.69
E111132,Hühnerei gekocht,E,144,14.1,0.34,9.6,0,0.34
U020132,"Schwein Hackfleisch, gekocht",U,345,25.95,0,26.78,0,0
W530042,"Kasseler, Rohpökelware, geräuchert, geschmort ohne Fett",W,133,28.29,0,2.259,0,0
T033182,Dornhai gebraten ohne Fett (Pfanne),T,195,14.08,0,15.35,0,0
U461142,"Kalb Bug/Schulter, geschmort ohne Fett",U,116,26.57,0,1.077,0,0
H420610,Sesam geröstet ohne Fett,H,575,20.9,1.448,51.43,11.41,1.224
M524572,"Halloumi Grillkäse, gegrillt",M,320,22.14,0.1,25.32,0,0
V416142,"Hähnchen Brustfilet, geschmort ohne Fett",V,134,30.13,0,1.53,0,0
G221182,Bleichsellerie gebraten ohne Fett (Pfanne),G,32,2.264,3,0.2,4.817,2.8
T204262,"Dorsch/Kabeljau, tiefgefroren, gebraten ohne Fett (Ofen)",T,93,21.55,0,0.723,0,0
G414132,"Gemüseartischocke/Kardone, gekocht",G,22,0.9,3.27,0.1,2,3.05
U622172,Schwein Kotelett (Rücken/cranial) gegrillt,U,226,27.64,0,12.84,0,0
T207162,"Köhler/Seelachs, gebraten ohne Fett (Ofen)",T,134,26.6,0,3.048,0,0
U622142,Schwein Kotelett (Rücken/cranial) geschmort ohne Fett,U,219,27.53,0,12.07,0,0
U871162,"Schaf Vorderhaxe, mager, gebraten ohne Fett (Ofen)",U,143,27.3,0,3.77,0,0
T020182,Tintenfisch gebraten ohne Fett (Pfanne),T,87,19.12,0,1.22,0,0
F130400,Birne getrocknet,F,231,1.194,52.36,1.154,11.1,40.11
T410052,Lachs gedünstet,T,163,17.36,0,10.42,0,0
F301152,Erdbeere gedünstet,F,40,0.863,6.229,0.421,2.1,6.166
G761200,Zuckererbse tiefgefroren,G,40,4,4.6,0.2,2,3.34
C432032,"Hirse Schrot, gekocht",C,45,1.53,8.53,0.39,0.43,0.07002
T120182,Pelamide gebraten ohne Fett (Pfanne),T,162,26.6,0,6.21,0,0
G341182,Rotkohl gebraten ohne Fett (Pfanne),G,53,2.949,7.042,0.34,4.7,6.906
V485162,"Pute Keule, ohne Haut, gebraten ohne Fett (Ofen)",V,189,34.69,0,5.554,0,0
V513182,"Schwein Herz, gebraten ohne Fett (Pfanne)",V,160,24.7,0,6.81,0,0
U554142,Schwein Gulasch (Restbug) geschmort ohne Fett,U,161,29.42,0,4.79,0,0
K440162,Yamswurzel gebacken,K,158,2.564,33,0.167,7.128,0.9
G561162,Tomate gebacken,G,25,1.118,3.82,0.129,1.5,3.82
V320162,"Rebhuhn Fleisch, gebraten ohne Fett (Ofen)",V,324,54.4,0,11.8,0,0
U533162,"Schwein Schmetterlingssteak, gebraten ohne Fett (Ofen)",U,176,28.8,0,6.7,0,0
F212600,Sauerkirschsaft,F,62,0.81,12.85,0.4,0.1,11.95
E401032,"Teigwaren eifrei, gekocht",E,146,5.4,28.68,0.702,1.494,0.839
V422072,"Geflügel Dönerfleisch, gegrillt",V,268,27.65,0,17.48,0,0
V417172,"Hähnchen Flügel, mit Haut, gegrillt",V,286,28.8,0,19.03,0,0
T502600,"Blei/Brachsen/Brasse, geräuchert",T,104,17.92,0,3.57,0,0
H410400,Leinsamen geschrotet,H,468,22.27,1.7,36.5,21.57,1.21
E111162,Hühnerei gebacken,E,161,15.56,0.41,10.84,0,0.41
C221132,"Roggen Vollkornschrot, gekocht",C,47,1.31,8.52,0.2,2.97,0.216
U511182,"Schwein Filetmedaillon, gebraten ohne Fett (Pfanne)",U,144,28.87,0,3.17,0,0
G520042,Gurke geschmort ohne Fett,G,18,1.155,2.17,0.218,1,2.17
T415182,Königslachs gebraten ohne Fett (Pfanne),T,208,23.63,0,12.6,0,0
T106182,Sprotte gebraten ohne Fett (Pfanne),T,197,18.2,0,13.8,0,0
G620132,"Karotte/Möhre, gekocht",G,34,0.5,5.415,0.5,2.47,5.314
E500032,"Vollkornteigwaren eifrei, gekocht",E,130,5.4,22.6,1.11,3.9,1
T601182,"Barsch/Flussbarsch, gebraten ohne Fett (Pfanne)",T,94,21.85,0,0.7,0,0
G470152,"Porree/Lauch, gedünstet",G,37,2.277,5,0.266,2.3,4
U024172,"Schwein Hackfleisch, gegrillt",U,363,24.52,0,29.41,0,0
U151200,Rind Gulasch (Bug) tiefgefroren,U,128,20.2,0,5.3,0,0
W288162,Geflügelmortadella gebraten ohne Fett (Ofen),W,231,12.97,0.009,19.09,0.51,0
T213252,"Alaska-Pollack/Alaska-Seelachs, tiefgefroren, gedünstet",T,65,14.64,0,0.667,0,0
U411162,"Kalb Filet/Lende, gebraten ohne Fett (Ofen)",U,135,29.07,0,2.08,0,0
T045182,Dorschleber gebraten ohne Fett (Pfanne),T,651,5.2,0,70,0,0
K120134,"Kartoffel ungeschält, gekocht",K,71,1.8,13.64,0.6,1.696,1.096
T204282,"Dorsch/Kabeljau, tiefgefroren, gebraten ohne Fett (Pfanne)",T,85,19.67,0,0.675,0,0
T309182,Seezunge gebraten ohne Fett (Pfanne),T,102,20.78,0,2.09,0,0
T120152,Pelamide gedünstet,T,127,20,0,5.26,0,0
U811172,"Schaf Filet/Lende, gegrillt",U,260,25.6,0,17.5,0,0
G420182,"Stielmus/Rübstiel, gebraten ohne Fett (Pfanne)",G,27,2.2,1.21,0.4,4.8,1.21
G570132,Zuckermais gekocht,G,61,3.012,8.6,1.13,2.7,3.13
V416200,"Hähnchen Brustfilet, tiefgefroren",V,109,23.25,0,1.81,0,0
G486162,Frühlingszwiebel/Lauchzwiebel (ohne Laub) gebacken,G,38,1.1,7.05,0.176,1.6,7.05
H230172,"Edelkastanie/Marone, gegrillt",H,228,3.116,44.78,2.065,9.098,15.11
V354162,"Wachtel Fleisch, ohne Haut, gebraten ohne Fett (Ofen)",V,178,34.4,0,4.53,0,0
U711200,"Schaf Filetmedaillon, tiefgefroren",U,118,22.79,0,2.97,0,0
G482152,"Frühlingszwiebel/Lauchzwiebel, gedünstet",G,27,1.9,3,0.19,2.5,2.8
W234082,Fleischwurst gebraten ohne Fett (Pfanne),W,318,12.9,0.27,29.22,0,0.26
U742162,"Schaf Schnitzel (Keule, mittelfett) gebraten ohne Fett (Ofen)",U,215,24.8,0,12.9,0,0
U856142,"Hammel Brust, geschmort ohne Fett",U,487,17.81,0,46.25,0,0
V4A6142,"Hähnchen Brust, ohne Haut, geschmort ohne Fett",V,131,28.26,0,2.05,0,0
G710152,"Bohne grün, gedünstet",G,30,2.381,3.7,0.255,2.011,2.41
F201152,Aprikose gedünstet,F,47,0.9,9.341,0.148,1.75,8.432
T792200,Miesmuschel tiefgefroren,T,60,10.51,0,1.955,0,0
T305252,"Goldbutt/Scholle, tiefgefroren, gedünstet",T,69,14.64,0,1.143,0,0
T020200,Tintenfisch tiefgefroren,T,73,16.1,0,0.98,0,0
G760152,"Erbse grün, gedünstet",G,97,6.5,13.52,0.527,5.5,1.432
U261200,"Rind Bug/Schulter, tiefgefroren",U,128,20.2,0,5.3,0,0
E111182,Hühnerei gebraten ohne Fett (Pfanne),E,151,14.51,0.382,10.11,0,0.382
E432032,Eierteigwaren gekocht,E,130,5.2,24.72,0.91,1.331,0.613
V487142,"Pute Flügel, mit Haut, geschmort ohne Fett",V,176,23.2,0,9.2,0,0
G345032,"Sauerkraut abgetropft, gekocht",G,18,1.066,0.94,0.294,2.117,0.73
F533600,Honigmelonensaft,F,35,0.429,8.08,0.1,0.113,8.06
V474162,"Gans Fleisch, mit Haut, gebraten ohne Fett (Ofen)",V,257,22.73,0,18.51,0,0
T420262,"Forelle tiefgefroren, gebraten ohne Fett (Ofen)",T,163,25.9,0,6.389,0,0
U811200,"Schaf Filet/Lende, tiefgefroren",U,194,18.7,0,13.2,0,0
G541032,"Gemüsepaprika grün, gekocht",G,38,1.092,6.95,0.243,2.1,6.58
V476162,"Gans Fleisch, ohne Haut, gebraten ohne Fett (Ofen)",V,176,34,0,4.39,0,0
G510132,Aubergine gekocht,G,23,0.7,3,0.5,1.8,1.7
G440132,Palmenherz gekocht,G,30,2.6,3.78,0.2,1.4,3.6
V132142,"Kaninchen Fleisch, geschmort ohne Fett",V,177,29.5,0,6.6,0,0
K110182,"Kartoffel geschält, gebraten ohne Fett (Pfanne)",K,115,2.694,24.86,0.139,1.972,1.25
V474182,"Gans Fleisch, mit Haut, gebraten ohne Fett (Pfanne)",V,296,24.17,0,22.14,0,0
G720152,Wachsbohne gedünstet,G,29,2.2,3.7,0.2,2.011,2.41
V435200,"Suppenhuhn Schenkel, mit Haut, tiefgefroren",V,257,18.5,0,20.3,0,0
U432132,"Kalb Hals/Nacken/Kamm, gekocht",U,135,27.26,0,2.85,0,0
U331172,Kalb Steak (Rücken) gegrillt,U,131,25.72,0,3.157,0,0
V050132,Schnecken gekocht,V,78,16.6,0,1.29,0,0
V465182,"Ente Schenkel, mit Haut, gebraten ohne Fett (Pfanne)",V,199,25.23,0,10.88,0,0
V465142,"Ente Schenkel, mit Haut, geschmort ohne Fett",V,200,24.68,0,11.22,0,0
T420132,Forelle pochiert,T,134,17.96,0,6.78,0,0
V222200,"Reh Rücken, tiefgefroren",V,122,22.4,0,3.55,0,0
T204272,"Dorsch/Kabeljau, tiefgefroren, gegrillt",T,95,21.93,0,0.778,0,0
V487162,"Pute Flügel, mit Haut, gebraten ohne Fett (Ofen)",V,278,30.9,0,17.1,0,0
T780182,Europäische Auster gebraten ohne Fett (Pfanne),T,73,9.607,1.225,3.3,0,0
T107182,Makrele gebraten ohne Fett (Pfanne),T,164,21,0,8.9,0,0
U281132,"Rind Keule, gekocht",U,187,28.6,0,8.1,0,0
Y7A2010,Kochkäse (selbstgemacht),Y,246,14.02,2.6,19.68,0,2.39
U223000,"Rind Roastbeef (Rücken) mariniert, roh",U,138,19.7,1.78,5.6,0.16,1.58
D4A1100,Kirschstrudel (Blätterteig),D,335,3.71,29.68,21.59,2.1,11.35
Y623912,"Seelachsfilet Müllerinart (mehliert, gebraten)",Y,120,19.76,2.63,3.2,0.19,0.118
R911000,Helle Soße Instantpulver,R,431,4.43,56.9,20.32,1.1,18
V481262,"Pute Fleisch, ohne Haut, tiefgefroren, gebraten ohne Fett (Ofen)",V,146,30.07,0,2.9,0,0
N230000,Fruchtsaftgetränk Johannisbeere,N,30,0.152,7.126,0.022,0,7.126
Y893162,Crepes Suzette gebraten,Y,281,5.3,25.2,16.2,0.81,15.3
D480200,Käsekuchen/Quarkkuchen (Mürbeteig),D,261,8.4,28.9,12.1,0.69,17.48
X9A2040,"Milch-Getreide-Brei, mit Haferflocken und Apfelsaft (geeignet für Beikost)",X,98,4.64,10.4,3.95,1.089,5.26
T930700,"Alaska-Seelachs im Backteig, tiefgefroren",T,205,9.2,18.25,10.32,1.31,0.58
S220000,Fruchteis,S,128,0.291,30.3,0.149,0.6,28.8
X446343,Lauchsuppe gebunden,X,46,0.98,3,3.2,0.6,1.7
Y697522,Fischkroketten mit Seelachs frittiert,Y,265,15.95,19.57,13.28,1.6,1.52
Y8A4060,Grießschnitten gesüßt gebraten,Y,148,3.38,10.89,10.02,0.43,3.16
X461243,Kohlrüben-Eintopf mit Kasseler und Kartoffeln,X,76,6.8,5.34,2.7,1.4,1.21
W880400,Hausmacher Leberwurst Konserve,W,288,12.7,0.49,26.1,0.1,0.12
T020262,"Tintenfisch tiefgefroren, gebraten ohne Fett (Ofen)",T,106,23.17,0,1.48,0,0
D7A7800,Apfeltasche (Blätterteig),D,317,3.3,26.8,21.2,2.9,8.3
X922163,"Frühlingsrollen gefüllt mit Gemüse, Schweinefleisch und Krabben, frittiert",X,342,11.4,27.7,20.04,2.7,1.4
X644712,Kartoffelgratin mit Lauch,X,136,4.6,9,8.8,1,2.3
Y864943,Welfencreme (Vanilleflammeri mit Weinschaum),Y,137,4.1,19.85,3.9,0.046,15.05
D310400,"Biskuitrolle/Biskuitroulade, mit Konfitüre",D,262,6.6,49.8,3.5,1.2,38.1
S210800,"Speiseeis Nuss, in Waffeltüte",S,255,3.96,29.8,12.86,1.9,21.2
D740400,Kartoffelhörnchen (Mürbeteig),D,339,6,58.1,8.5,2.9,26.2
S220900,"Speiseeis (Kaffee, Vanille) gemischt",S,183,3.4,20.1,9.7,0.2,17.62
X3A9030,Saure-Sahne-Dressing mit Joghurt und Senf,X,92,3.16,3.8,6.8,0.1,3.8
X436243,Schinkenklößchen,X,154,9.41,18.22,4.51,1.2,2.38
X987112,Pizzabaguette mit Kochschinken und Käse überbacken,X,222,15.7,16,10.03,1.4,2
F016600,Mehrfruchtsaft angereichert mit Vitaminen und Mineralstoffen,F,54,0.338,12.3,0.1,0.3,11.4
Y514233,Hirschragout mit Grundsauce dunkel/braun und Rotwein,Y,158,14.44,2.6,9,0.2,0.6
W182000,Berliner Knacker/Berliner Knackwurst,W,271,21.26,0,20.69,0,0
W850300,Schinkenröllchen in Aspik,W,90,15.7,0.74,2.4,0.261,0.7
Y175022,"Saure Rinderkutteln gekocht, mit Grundsauce dunkel/braun",Y,84,8.6,2.81,4.1,0.23,0.012
X562243,Karotten und Lauch gedünstet,X,60,1.02,4.8,3.5,2.1,4.8
X3A8010,Marinade mit Gemüsebrühe für Kartoffelsalat,X,97,0.47,2.35,9,0.3,2.33
H930100,"Soja-Streichwurstalternative, vegan",H,226,5.9,4.2,20.3,1.4,1.4
V654282,"Hähnchen Magen, tiefgefroren, gebraten ohne Fett (Pfanne)",V,132,27.82,0,2.32,0,0
W185000,Debrecziner roh,W,330,23.32,0,26.31,0.07,0
X456143,"Gulaschsuppe mit Rindfleisch, Zwiebeln und Paprika",X,48,3.5,2,2.7,0.6,2
Y9A2020,Haselnusscremeeis,Y,224,5.7,14.2,15.9,0.8,13.82
X1A1020,Bohnensalat bunt (gegart) mit Schafskäse und warmer Essigmarinade,X,87,3.56,5.8,4.8,2,3.4
T615282,"Rotbarsch/Goldbarsch, tiefgefroren, gebraten ohne Fett (Pfanne)",T,108,18.2,0,3.9,0,0
V913400,Entenpastete gebacken,V,252,21.1,7.7,15,0.7,0.56
W218600,Geselchte,W,171,14.21,0.08,12.59,0.05,0
Y9A1040,"Döner vegetarisch, Fladenbrot gefüllt mit Rohkost, Schafskäse und Sauce",Y,145,4.3,13,7.8,1.4,1.9
E911000,"Teigwaren eifrei, Ravioli (Gemüsefüllung) in Tomatensoße, Konserve",E,95,2.8,17,1.1,2.3,5.9
X3A7020,Salsa verde,X,480,2.18,2,50.7,2.06,0.38
X644313,Kartoffelgratin mit Spinat,X,136,5.91,10,7.76,1.2,1.4
X444343,Tomatensuppe gebunden,X,44,0.49,1.89,3.68,0.5,1.46
X5A5010,"Kohlroulade gedünstet, vegan gefüllt mit Hirse, Tomaten und Tofu",X,54,2.76,7.49,1.1,1.6,2.33
T753800,"Garnele/Granat/Krabbe, Präserve",T,93,18.94,0,1.955,0,0
X461143,Karotten-Eintopf mit Schweinebauch,X,110,4.56,7.39,6.5,1.6,3.12
F020600,Roter Mehrfruchtsaft,F,50,0.7,9.9,0.3,0.3,9.2
X658012,Kartoffelomelett gebraten,X,160,5.27,15.45,8.11,1.8,2.12
D4A5100,Schwedischer Mandel-Marzipan-Kuchen/Mazarinkuchen (Mürbeteig),D,494,8.6,40.2,32.5,3.1,16.3
B515500,Weizenbrötchen mit Zwiebeln,B,299,9.4,56,3.1,4.3,2.2
W875100,"Frankfurter Rindswurst/Rote Wurst, Konserve",W,223,11.44,0,19.74,0,0
Q656000,Knoblauchbutter/Kräuterbutter,Q,587,4.5,2,62,1.3,1
Y163313,Rinderschmorbraten mit Speck und Sauce,Y,150,13.9,3.22,8.9,0.5,1.01
Y111012,"Rinderfilet mariniert, gebraten im Ofen",Y,150,23.09,0.08,5.8,0.12,0.08
W380300,Kartoffelwurst,W,180,10.86,4.41,13.12,0.6,0.28
X651112,"Bauernfrühstück mit Speck und Kochschinken, gebraten",X,229,8.52,11.09,16.38,1.4,1.04
F032600,Smoothie purpur (Früchte),F,57,0.7,11,0.3,1.9,10.3
N5A2000,"Kaffeeersatz (Getränk) mit Sojadrink, ungesüßt",N,6,0.18,0.95,0.045,0.58,0.152
S830000,Müsli-Riegel,S,428,8.4,58.5,15.4,6.1,18.7
U883262,"Schaf Keule, fett, tiefgefroren, gebraten ohne Fett (Ofen)",U,279,24.1,0,20.3,0,0
W255200,Geflügelbierwurst mit Schweinefleisch,W,238,12.26,0,21,0.05,0
Y881943,Quarkpudding,Y,280,12.2,25.6,13.8,1.5,16.3
Y9A1050,Falafel (Kichererbsenbällchen) frittiert,Y,193,8.88,17,8,7.5,1.7
S820100,Energieriegel angereichert mit Vitaminen und Mineralstoffen,S,449,10.6,47,21.7,7.4,15.6
X270810,Fruchtsalat gesüßt,X,62,0.76,12.6,0.3,2.2,11.41
Y812512,"Karthäuser Klöße gebraten, mit Zucker und Zimt",Y,280,7.76,35.36,11.61,1.66,12.58
W384200,Graupenblutwurst,W,206,7.21,14.7,12.86,1.1,0.5
X2A1040,Fenchelrohkost mit Joghurtmarinade,X,54,1.63,4.9,2.39,2.4,4.46
G560600,"Gemüsesaft aus Tomate, mit Salz",G,18,0.76,2.968,0.046,0.76,2.868
X9A1060,Hirse-Gemüse-Bratlinge gebraten,X,98,4.2,11.39,3.6,1.5,1.84
X860252,Reiskroketten mit Parmesan,X,290,5.96,31.6,15.3,1.2,1.25
C512700,"Müslimischung mit Trockenfrüchten, glutenfrei, gesüßt",C,350,8.6,56.7,8,6.9,21.3
X532363,Broccoliauflauf,X,114,7.02,3.2,7.8,1.2,1.69
M2A9200,"Joghurt fettarm, mind. 1,5 % bis max. 1,8 % Fett, mit Fruchtzubereitung, Zucker und Süßungsmitteln",M,59,3.738,7.2,1.309,0.1,5.6
T792232,"Miesmuschel tiefgefroren, gekocht",T,61,9.853,0,2.444,0,0
Y996440,Zitronensorbet,Y,123,0.7,28.13,0.1,0.045,28.13
D7A5100,Nuss-Schnecken (Hefeteig),D,386,8.9,44.7,18.28,3.4,16.88
U511262,"Schwein Filetmedaillon, tiefgefroren, gebraten ohne Fett (Ofen)",U,144,28.87,0,3.17,0,0
W281000,Milzwurst,W,208,11.67,0.15,17.86,0.1,0.02
Y842343,Quittenkompott,Y,87,1.3,13.6,1.6,4.7,12
D431700,Orangenkuchen (Rührmasse),D,389,5.55,42.8,21.3,1.31,23.59
X678112,Lippischer Pickert gebraten (aus Hefeteig mit roh geriebenen Kartoffeln und saurer Sahne),X,292,5.95,32,15,2.43,1.5
Y837543,Pudding englische Art,Y,248,7,24,13,1.9,13.4
X1A7020,Wurstsalat mit Gewürzgurke und Essigmarinade,X,251,7.58,1.55,23.44,0.2,1.53
Y835463,Plumpudding,Y,282,4.9,39.3,10.6,3.5,29.9
X934412,Flammkuchen Elsässer Art,X,233,8.74,23,11.3,1.9,1.75
X551812,Auberginenscheiben im Backteig (mit Bier) frittiert,X,239,5.4,20.48,14.28,2.3,2.08
W364400,Zungenpresskopf,W,212,19.63,0.17,14.68,0.1,0.05
G898400,Ajvar Konserve,G,68,0.9,5,4.4,2.2,5
Y184312,Ochsenschwanz geschmort (mit Fett und Salz),Y,193,16.9,2.6,12.5,1.3,1.4
W982200,"Delikatesspastete mit Mürbeteig, gebacken",W,303,16.82,7.55,22.65,0.64,0.3
S220700,"Speiseeis (Karamell, Nuss) gemischt",S,212,3.8,24.45,10.79,0.89,21.95
D661100,Marzipan-Monde,D,461,11.7,40.5,26.7,5.8,38.6
D310700,"Biskuitrolle/Biskuitroulade, mit Zitronensahnecreme",D,220,5.6,30.77,8,0.64,21.07
Y635412,"Flunder mehliert, gebraten",Y,105,14.5,4.08,2.8,0.45,0.591
W340000,Thüringer Rotwurst,W,182,20.58,0.37,10.9,0.1,0.13
B6A1600,"Weizenvollkornknäckebrot mit Ölsamen, Hartkäse und Zwiebeln",B,429,16.9,46,17.2,11,2.5
X951213,Grießauflauf mit Käse,X,198,7.9,15.08,11.66,0.66,3.14
Y843243,Apfelmus mit Zimt,Y,53,0.395,10.4,0.5,2.019,9.351
C512300,"Müslimischung mit Trockenfrüchten, ungesüßt",C,327,9,55.9,4.9,10.5,22.3
R922000,Joghurtsahne für Gebäck/Torten,R,232,3.3,16.24,16.8,0.008,16.24
D431800,Ananas-Marzipan-Kuchen (Rührmasse),D,386,6.36,42,20.6,3.27,26.8
X5A1050,"Linsenbratlinge vegan, gebraten",X,158,8.25,19.6,3.5,7.3,2.6
S627000,Pralinen gefüllt mit Kaffee,S,425,2.7,57.2,20,2.8,56.4
D7A5200,Puddingschnecken (Hefeteig),D,247,6.1,37.7,7.6,1.7,12.8
Y821043,Grießauflauf mit Rosinen,Y,128,4.1,13.2,6.4,0.6,6.6
Y4A1000,Lammfleischklößchen gegart,Y,121,14.3,5.43,4.48,0.6,1.34
Y697612,Seeteufel gebraten (mit Fett und Salz),Y,82,16.9,0.083,1.5,0.006,0.083
X548243,"Zwiebeln gedünstet, mit saurer Sahne",X,72,1.18,5.2,4.9,1.1,5
Y870163,Bayerische Creme,Y,238,5.4,12.95,18.3,0,12.95
M241500,"Sahnejoghurt mind. 10 % Fett, mit Fruchtzubereitung, gesüßt",M,150,3.492,14.81,8.187,0.1,14.22
D650400,Elisenlebkuchen,D,435,12.89,40.8,23.2,5.2,39
X177063,Kichererbsensalat (gegart) mit warmer Essigmarinade,X,107,5.15,11.7,3.2,4.7,2.28
Y151112,"Rinderroulade geschmort, mit Sauce",Y,133,12,1.8,8.5,0.4,0.9
Y352013,Schweinerollbraten mit Sauce,Y,158,15.9,1.1,9.8,0.9,1.1
X4A6030,"Tomatensuppe klar, mit Gemüsebrühe",X,15,0.69,2.24,0.1,0.7,2.24
X7A1000,Eier-Frischteigwaren mit Basilikum (mit Salz gekocht),X,160,6.49,25.21,3.25,2,0.18
X166260,Selleriesalat (gegart) mit warmer Essigmarinade,X,50,1.17,2.14,3.1,3,1.66
Y638212,"Steinbutt mehliert, gebraten",Y,105,17.35,2.88,2.5,0.24,0.115
X961462,Spinatnocken,X,148,6.6,12.34,7.78,1,2.01
W319000,Trüffelleberwurst,W,268,13.73,0.6,23.25,0.6,0.2
K391200,Kartoffelrösti tiefgefroren,K,207,2.446,29,8.557,1.9,2
X5A5020,"Kohlroulade gedünstet, vegetarisch gefüllt mit Hirse, Tomaten und Schafskäse",X,69,2.99,7.37,2.7,1.4,2.3
X8A1060,Reisauflauf mit Spargel und Käse,X,163,7.8,18.2,6.28,0.9,1.13
W206000,Mortadella fettreduziert,W,122,13.39,0.17,7.47,0.17,0.05
X744133,Eierteigwaren mit gedünsteten Tomaten und Petersilie,X,126,4.9,18.24,3.39,1.3,1.33
Y172012,Kalbshirn gebraten,Y,132,11.44,0.42,9.39,0.1,0.4
Y827043,"Fruchtmichel mit gemischten Früchten, gebacken",Y,180,5.65,26,5.6,1.4,15.59
Y346013,Schweinepfeffer,Y,134,12.42,3.28,7.8,0.3,0.61
R481232,"Schokoladenpudding, Flammeri, zubereitet aus Pulver und Milch 3,5 % Fett, gesüßt",R,108,3.38,16.5,3.1,0.43,11.5
B719000,Rosinenbrot glutenfrei,B,278,3.4,51,5.9,2.3,18.9
Y444523,Hammelragout mit grünen Bohnen,Y,232,7.1,7,19.2,1.2,1.2
D411100,Mandarinen-Omelettes (Wiener Boden hell) mit Sahne,D,256,3.72,23.22,16.2,0.49,16.16
D734900,Nussstangen (Mürbeteig),D,543,8.6,43.7,36.3,3.2,24.04
B6A1100,"Weizenvollkornknäckebrot mit Käse, Ölsamen und Tomaten",B,410,16.3,49,13.7,11.9,4.5
D4A6200,Mohnstollen (Hefemürbteig),D,392,8.1,37,22.5,4.2,18.7
D4A7200,Mohnkranz (Quark-Öl-Teig),D,422,10.1,40.3,23.3,4.6,25.9
D312700,Möhren-Nusstorte/Rüblitorte (Biskuit),D,342,8.4,27.2,21.37,3.3,23.4
X471153,"Vanille-Milchkaltschale mit Ei, gebunden mit Stärke",X,103,4.7,10.6,4.63,0.015,8.95
R9A1300,Mandarinensahnecreme für Gebäck/Torten,R,212,2,18.6,14.2,0.19,18.6
X092040,"Haferflocken gesüßt, mit Milch 3,5 % Fett und Fruchtmischung",X,147,4.79,22.9,3.1,3.3,9.5
W343400,Hausmacher Blutwurst,W,341,13.99,0.36,31.47,0.1,0.23
X492563,Aprikosenkaltschale gebunden mit Stärke,X,48,0.8,9.87,0.1,1.445,7.839
D655500,Pfefferkuchen,D,409,8.26,68.3,10.6,3.4,37.29
Y261023,Kalbsbraten mit Grundsauce dunkel/braun,Y,101,15,2.8,3.2,0.5,1
Y8A8020,"Hefeteig gesüßt, mit Wasser, roh",Y,298,7.11,45,9.34,2.95,7.146
H882100,"Frischecreme/Streichcreme, Basis Mandeln, vegan",H,220,4.481,0.78,21.6,2,0.732
X511812,Champignons im Backteig (mit Bier) frittiert,X,219,6.8,17.7,13.03,2.5,0.3
X9A1030,Grünkernbratlinge gebraten,X,182,4.4,17.5,9.7,3.5,1.11
W873100,Bierschinken Konserve,W,118,16.39,0.08,5.77,0.05,0
Y872053,Fruchtcreme roh gerührt (mit Gelatine),Y,132,3.4,16.05,5.6,1.2,15.29
X5A1040,Linsenbratlinge gebraten,X,200,10.6,25.5,4.9,5.8,1.6
V488282,"Pute Innereien, tiefgefroren, gebraten ohne Fett (Pfanne)",V,236,26.6,0,14.39,0,0
X503412,Quiche (Mürbeteig) mit Broccoli und Blumenkohl,X,170,5.6,12.5,10.4,2,2.4
W873600,Herzwurst Konserve,W,162,14.65,0.25,11.34,0.12,0.18
H510900,"Oliven grün, gefüllt mit Paprikapaste, gesäuert, abgetropft",H,118,1.145,0.53,11.85,2.3,0.5
Y637812,"Heilbutt mehliert, gebraten",Y,149,19.32,2.73,6.4,0.32,0.367
D314500,Schokoladentorte (Rührmasse) mit Canacheüberzug,D,424,6.87,42.2,24.51,3.6,28.4
R9A1400,Zitronensahnecreme für Gebäck/Torten,R,170,1.8,18.75,9.5,0.047,16.18
M231200,"Kefir fettarm, mind. 1,5 % bis max. 1,8 % Fett, mit Fruchtzubereitung, gesüßt",M,65,2.9,9.6,1.3,0.2,9.6
Y5A2000,"Hähnchen-Frikadellen mit Champignons, gebraten",Y,196,18.6,4.9,11.2,0.9,1.2
X820252,Butterreis,X,152,2.463,23.2,5.386,0.7,0.13
W981300,Fleischkäse im Bierteigmantel frittiert,W,385,13.9,6.37,33.42,0.42,0.57
T935200,Schlemmerfilet Bordelaise (Alaska-Seelachs) tiefgefroren,T,129,9.1,5.5,7.8,0.3,0.31
U432242,"Kalb Hals/Nacken/Kamm, tiefgefroren, geschmort ohne Fett",U,132,26.57,0,2.837,0,0
Y845163,Bratapfel ungefüllt gebacken,Y,142,0.517,19.3,6.2,2.217,18.16
C514400,"Knuspermüslimischung mit Trockenfrüchten, gesüßt",C,410,7.9,59.2,14.1,7.1,27.4
N265000,ACE-Frucht-Vitamingetränk angereichert,N,42,0.217,10,0,0.1,10
W323000,Bauernleberwurst,W,290,15.51,0.41,25.09,0.07,0
Y396512,Frikadellen aus Schweinefleisch gebraten,Y,297,17.24,8.41,21.44,0.7,1.16
X321153,Tomatensauce von heller/weißer Grundsauce,X,48,1,4.7,2.6,0.8,2.7
W154500,Salami Kroatische Art,W,269,25.12,0.18,18.65,0.1,0
B718000,Kastanienbrot glutenfrei,B,217,1.6,45,3,1.6,2.5
X9A3040,Gemüsemuffins herzhaft,X,198,9.9,22.9,6.25,4.5,3.53
X523312,Mangoldtarte (Mürbeteig),X,269,6.95,13.8,20.27,1.6,1.4
S660000,Schokoladenstreusel,S,475,4.062,68,19.7,4.728,66.2
X720213,"Auflauf aus Teigwaren eifrei, mit Kochschinken",X,196,9.9,19.5,8.4,0.98,1.4
Y691432,Fischfrikadellen mit Seelachs gebraten,Y,124,15.6,6.06,3.9,0.6,0.96
G860192,Röstzwiebeln (Fertigprodukt),G,575,5.9,34.37,44.48,5.6,19.22
D750300,Ausgezogene Nudeln/Knienudeln (Hefeteig) frittiert,D,421,9.93,55,17.1,3.63,7.9
X081462,"Toast mit Kochschinken, Käse und Tomaten, gebacken",X,204,15.9,8.66,11.49,1,1.69
Y2A2000,"Kalbshaxe gebraten im Ofen, ohne Sauce",Y,165,24.73,0.01,7.36,0.01,0
P9A9000,"Cocktail, Caipirinha",P,92,0.014,6.11,0,0.004,6.11
D7A7810,Kirschtasche (Blätterteig),D,334,3.71,29.67,21.58,2.1,11.34
W365100,Schweinekümmelmagen,W,156,23.65,0.16,6.77,0.09,0
X493563,Johannisbeerkaltschale gebunden mit Stärke,X,54,1.156,9.32,0.156,2.3,8.11
X4B3000,"Leberknödel, Suppeneinlage",X,207,13.77,12.47,11.13,1,1.61
Y8A3010,Apfel-Mangomus ungesüßt,Y,60,0.6,12,0.5,1.9,10.5
Y640112,Lachs gedünstet auf Gemüse,Y,136,11.64,1.9,8.6,1.6,1.9
W386000,Pfälzer Saumagen,W,145,11.48,6.54,7.99,0.6,0.44
X060130,"Baguette-Brötchen mit Parmaschinken, Parmesan, Rucola und Salatcreme",X,299,15.6,29,12.76,2.35,1
W254200,Käseschinkenwurst,W,159,14.86,0.08,11.02,0.04,0
W844200,"Gansgalantine mit Kalb- und Schweinefleisch, gebacken",W,211,20.5,0.8,13.9,0.3,0.3
W243000,Kalbskäse mit Schweinefleisch,W,285,11.8,0.11,26.4,0.06,0
T753182,"Garnele/Granat/Krabbe, gekocht, gebraten ohne Fett (Pfanne)",T,112,22.41,0,2.436,0,0
G992132,"Gemüsemischung Erbsen-Karotten, gekocht",G,62,3.3,9.085,0.426,4,3.713
Y375213,"Saumagen gefüllt, gegart",Y,202,15.9,8,11.7,0.7,0.6
X4A5010,Kartoffel-Eintopf mit Kasseler,X,69,4.63,5.32,3,0.8,1.38
D7A1000,Biskuitplätzchen mit Fruchtfüllung schokoliert,D,335,4.8,61.1,7.1,2.9,50.6
C538000,"Müslimischung mit Trockenfrüchten, gesüßt",C,335,9.3,55.2,6,10.1,17
X822312,Grünkernrisotto mit Champignons,X,124,3.89,16.8,3.8,3.9,1.8
Y351032,"Schweineroulade geschmort, ohne Sauce",Y,183,23.52,1.62,8.95,0.5,1.59
V990182,"Geflügel Frikadelle, gebraten ohne Fett (Pfanne)",V,132,18.9,5,3.9,0.7,0.8
Y687363,Schnecken gebacken Burgunder Art,Y,291,17.8,0.6,23.8,1.4,0.6
R9A6200,"Orangenflammeri mit Likör, für Gebäck/Torten",R,111,0.3,25.1,0.003,0.135,21
W269200,"Gänseleberkäse mit Schweinefleisch, getrüffelt",W,185,17.1,0.69,12.41,0.98,0
X206750,"Rote-Bete-Salat (roh) mit Sellerie, Apfel und Joghurtmarinade",X,58,1.77,7.2,1.73,2.3,6.74
Y8A7000,"Pfannkuchen/Eierkuchen, mit Milch 3,5 % Fett und Apfel, gebraten",Y,203,6,24.3,8.62,2.2,4.3
X254510,Paprikasalat mit Essigmarinade,X,110,0.86,4.92,9.03,1.7,4.91
S581200,Milchschokoladen-Riegel gefüllt mit Karamellcreme und gerösteten Haselnüssen,S,510,4.1,61.8,24.4,1.9,49.9
Y8A5010,Kaffeecreme (mit Gelatine),Y,331,5.6,17.7,26.2,1.1,17.33
T930100,"Fischstäbchen (Alaska-Seelachs) paniert, tiefgefroren",T,181,12.1,14.36,8.21,0.8,0.96
D4A8800,Zitronenkuchen vegan (Rührmasse),D,366,4.36,54.9,13.8,2.26,28.8
X651823,Tiroler Geröstel gebraten,X,216,10.73,9.73,14.56,1.3,1.27
X468453,"Westfälischer Bohnen-Eintopf (mit weißen und grünen Bohnen, Kartoffeln, Speck, Kernobst)",X,98,5.29,10.1,3,3.8,1.89
H014900,Sojawürstchen,H,200,12.5,0.6,16.4,0,0.6
C354132,"Reismischung mit Wildreis, gekocht",C,133,3.552,27.25,0.796,1.5,0.27
Y856550,Buttermilchgelee mit Erdbeeren,Y,68,3.1,11.83,0.5,0.8,11.81
W851000,Schweinefleischsülze,W,113,23.5,0.06,2.1,0.01,0.06
U171942,"Rind Bratenfleisch (Bug) mariniert, geschmort ohne Fett",U,200,25.27,0.7,10.6,0.3,0.7
Y616133,Sardinen mit Spinatfüllung gebacken,Y,181,18,2,11.1,0.7,0.2
Y235122,Kalbskotelett gedünstet,Y,170,21.5,0.7,8.9,0.3,0.4
Y837312,Nektarinenkompott,Y,70,0.63,15.7,0.1,1,15.1
V351262,"Wachtel Fleisch, ohne Haut, tiefgefroren, gebraten ohne Fett (Ofen)",V,178,34.4,0,4.53,0,0
Y834143,Nusspudding,Y,357,8.1,32,21.38,2.1,20.54
Y910030,Pommes frites mit Ketchup,Y,216,3.05,29.47,8.96,2.36,4.66
D735200,Orangentäschchen (Mürbeteig),D,504,7.8,59,25.5,3.3,30.3
M831100,"Speisequarkzubereitung < 10 % Fett i. Tr., mit Fruchtzubereitung, gesüßt",M,99,6.98,16.87,0.15,0.2,15.14
D208700,Apfel-Quarktorte (ohne Boden),D,176,7.7,21,6.4,1,16.1
D302200,Baiser-Schokosahnetorte (Mürbeteig),D,393,4.7,38.8,23.79,2.12,32
T936100,"Garnele paniert, tiefgefroren",T,277,12.61,21.22,15.44,1.49,1.14
D401100,Kartoffelkuchen (Rührmasse),D,364,5.02,44.1,18.21,1.58,23.79
D7B7000,Nuss-Spritzgebäck (Rührmasse) schokoliert,D,558,7.6,40.2,39.74,4.5,22.3
X205440,Tomaten-Paprikasalat mit Essigmarinade,X,98,0.76,3.17,8.63,1.3,3.16
X4A8110,Weiße-Bohnen-Eintopf,X,70,3.3,9,1.5,3.1,1.7
X445643,Spinatsamtsuppe,X,92,1.05,1.47,9,0.4,1.43
N220000,Fruchtsaftgetränk Kirsche,N,46,0.086,11.07,0,0,11.02
Y171113,"Rinderherz gedünstet, mit Sauce",Y,187,17.3,1,12.5,0.5,1
D540300,Kirschstrudel (Strudelteig),D,242,3.34,34.3,9.63,2.9,19.77
T797182,"Venusmuschel gekocht, gebraten ohne Fett (Pfanne)",T,79,14.7,2,1.35,0,0
X358453,Grundsauce hell/weiß mit Sahne,X,158,1.42,3.66,15.2,0.15,1.66
W255700,Stuttgarter Leberkäse,W,295,17.13,0.22,25.03,0.06,0
X981252,Tiroler Speckknödel,X,201,7.6,21.51,9,1.8,2.92
Y824043,Semmelauflauf,Y,300,8.6,32.5,14.5,1.8,14.3
Y845242,Apfelküchlein (Apfelringe im Milchbackteig) gebraten,Y,194,3.5,22,9.7,2.22,9.84
W364500,Schinkenpresskopf,W,193,21.68,0,11.75,0.1,0
G090600,Gemüsesaft aus Gemüsemischung,G,20,0.838,3.2,0.2,0.2,3.2
F010600,Mehrfruchtsaft,F,48,0.4,10.73,0.1,0.3,10.15
W255600,Frühstücksfleisch,W,288,14.7,0.08,25.4,0.05,0
Y067643,Gänseleberpastete in der Kastenform gegart,Y,194,19.7,1.209,12.24,0,0.161
X5A7020,Kürbisrösti gebacken,X,185,5.18,9.74,13.27,2.95,3.45
T824900,"Lachs in Tomatensauce, Konserve",T,146,12.3,5.6,8.1,0.5,4.5
X573712,"Pastinaken gekocht, gebraten (mit Fett und Salz)",X,76,2.63,9.8,2.35,2.26,3.09
Y272112,Kalbshirn gebraten mit Ei,Y,138,11.83,0.4,9.81,0.1,0.38
D623100,Sandwaffeln (Rührmasse),D,517,9.25,44.9,32.9,1.88,19.57
W133000,Schlackwurst,W,323,23.51,0,25.39,0,0
X3A7010,Pesto rosso,X,495,10.2,19.3,39.2,8.7,19.3
W982900,"Pariser Pastete mit Mürbeteig, gebacken",W,302,18.07,7.7,21.97,0.55,0.435
D9A2300,Käsekuchen (Vollkornhefeteig),D,232,9.7,24,10.1,2.2,12.9
D9A2200,Apfel-Streuselkuchen (Vollkornhefeteig),D,176,3.6,25,5.88,4.16,10.7
X912233,Pizza quattro formaggi (mit Käse),X,354,14.72,26,20.55,2.29,0.1
U010142,"Rind Hackfleisch, geschmort ohne Fett",U,297,28.06,0,20.49,0,0
G850100,Gemüsecremesuppe Instantpulver,G,337,8.09,63.77,3.4,6.7,38.94
X5A2000,"Champignons gedünstet in Essig, eingelegt in Rapsöl",X,159,3.92,4.2,13.66,2.1,1.3
R115000,Gewürzsalz/Kräutersalz,R,37,3,3.3,0.5,3.6,3.3
T822100,"Heringsfilet in Dillcreme, Konserve",T,153,10.5,4.521,10.23,0.018,2.986
X2A1120,Rote-Bete-Salat (roh) mit Essigmarinade,X,124,1.58,5.6,9.99,1.9,5.56
X539053,"Wirsing gekocht, mit Grundsauce hell/weiß",X,40,1.97,3.6,1.5,1.8,2.4
X295460,Nizza-Salat mit Thunfisch und Sardellen,X,97,6.69,1.5,6.8,0.8,1.5
X379343,Rumsauce von Vanillesauce,X,123,3.8,14.44,4.39,0.033,10.8
W278400,Schwedische Leberpastete mit Sardellen,W,266,12.74,1.3,23.2,0.1,1.3
W231700,Kalbfleischwurst mit Schweinefleisch,W,253,9.82,0.08,23.72,0.04,0
D9A5100,Vollkorn-Marmorkuchen (Rührmasse),D,404,8.05,39.9,22.6,4.47,21.88
Y162113,"Rheinischer Sauerbraten vom Rind, mit Sauce",Y,158,16,6.1,6.6,0.9,4.5
X425553,"Zwiebelsuppe klar, mit Fleischbrühe",X,27,0.68,3.1,1.1,0.6,3.1
D652400,Nürnberger Lebkuchen,D,409,10.55,54.8,15.5,4.1,32.9
Y860643,"Grießflammeri/Grießpudding, mit Ei",Y,119,5.1,13.94,4.61,0.4,8.08
Y610232,"Heringsfilet paniert, gebraten",Y,229,16.4,7.35,14.7,0.56,0.4
Y826043,Apfelauflauf,Y,199,3.7,24.8,8.9,1.9,18.6
X5B1150,"Gemüse-Kartoffel-Getreide-Brei, mit Karotte und Haferflocken (ohne Salz, geeignet für Beikost)",X,98,1.357,11.2,4.74,2.1,5.086
Y840353,Apfelkompott mit Weißwein,Y,61,0.301,12.2,0.3,1.348,11.49
X5B1010,"Gemüse-Kartoffel-Fleisch-Brei, mit Karotte und Hühnerfleisch (ohne Salz, geeignet für Beikost)",X,110,3.142,7.576,6.986,1.6,3.819
X981662,Böhmische Knödel,X,229,8.19,27.65,9.03,2,1.94
Y8A3030,Backobstkompott gebunden mit Stärke,Y,194,1.42,42.9,0.2,4.55,39.6
D711100,Orangenbiskuitplätzchen,D,323,5.24,69.9,2.22,1.25,43.6
Y851143,Fruchtsulze (mit Weißwein),Y,64,2.5,5.88,2.3,0.3,5.88
Y278023,"Kalbsbries gekocht, mit Grundsauce hell/weiß",Y,79,8.48,2.09,4,0.13,0.39
E470000,Eier-Frischteigwaren Ravioli (Gemüsefüllung) roh,E,240,8.23,42.4,3.44,3.3,1.34
S210300,"Speiseeis (Karamell, Vanille) gemischt, in Waffeltüte",S,206,3.6,24.9,10.03,0.5,19.7
W237082,"Fleischkäse fettreduziert, gebraten ohne Fett (Pfanne)",W,147,19.47,0.18,7.56,0.1,0
T860100,Sardellenpaste,T,305,17.11,0,26.3,0,0
W380400,Erbswurst,W,216,9.8,10.8,14.1,3.2,1
M8A1200,"Frischkäsezubereitung mind. 10 % Fett i. Tr., mit Fruchtzubereitung, gesüßt, angereichert mit Vitamin D und Calcium",M,99,7.7,10.8,2.5,0.3,10.7
H923900,Soja-Bolognese Konserve,H,53,2.7,5,1.8,2,4.1
W215000,Knackwurst/Servela/Würstchen,W,260,12,0.08,23.5,0.04,0
Y879812,Ananasringe im Milchbackteig gebraten,Y,192,3.7,21.2,9.8,1.7,9.2
D301000,Marzipan-Walnuss-Sahnetorte (Biskuit und Mürbeteig),D,384,8.1,20.1,29.7,1.7,13.82
Y855053,Rote Grütze,Y,84,1.1,16.8,0.3,2.8,12.6
X451343,Pariser Käsecremesuppe (mit Schmelzkäse),X,83,2.74,3.7,6.3,0.2,1.72
W872800,Frühstücksfleisch Konserve,W,198,14.01,0.08,15.68,0.05,0
R9A5000,"Aprikosenglasur/Aprikotur, für Gebäck/Torten",R,196,0.2,47.7,0.1,0.5,47.7
R963000,Brotaufstrich Ei-Kräuter,R,254,9.5,4.5,21.86,0.1,2.53
C512800,"Müslimischung mit Schokolade, glutenfrei, gesüßt",C,414,7.1,60.5,14.7,5.4,24.6
X132460,Broccolisalat (gegart) mit Essigmarinade,X,125,2.5,2,11.19,2.1,1.28
X0A4020,"Haferflocken ungesüßt mit Joghurt 3,5 % Fett und Fruchtmischung",X,111,4.78,13.9,3.3,2.2,5.03
T832900,Miesmuschel in Tomatensauce Konserve,T,102,6.9,5.6,5.4,0.9,5.5
D4A1000,Apfelstrudel (Blätterteig),D,317,3.3,26.7,21.2,2.9,8.3
G950900,"Vegetarisches Gulasch, Konserve",G,133,9.5,8,6.4,2.5,4.3
X365543,Aprikosensauce von getrockneten Früchten,X,73,0.6,15.68,0.1,1.31,13.4
Y846312,Pfirsichkompott mit Süßstoff,Y,35,0.6,7.14,0.097,1.5,6.22
W320000,Braunschweiger grobe Leberwurst,W,367,16.5,0.59,33.2,0.1,0.23
X369343,Weinschaumsauce/Weinchaudeau,X,130,3.7,18.58,3,0.006,18.58
X503053,Zucchinibratlinge mit Käse gebraten,X,221,7.8,13,14.57,3,1.8
X417113,Gemüse-Eintopf mit Wurst,X,101,3.45,6,6.6,1.6,1.9
G090152,"Gemüsemischung Kaisergemüse, gedünstet",G,40,2.537,5.1,0.469,3.2,3.61
C512000,Müsli Basismischung (ohne Trockenfrüchte) ungesüßt,C,376,14.77,45.6,12.33,11.8,1.052
C522200,"Getreideflakes gesüßt, mit Trockenfrüchten",C,346,8.9,70.3,1.6,7,13.1
X4A4000,Broccolicremesuppe mit Joghurt und Mandelblättchen,X,31,1.9,1.5,1.6,1.3,1.11
T710182,"Edelkrebs/Flusskrebs, gekocht, gebraten ohne Fett (Pfanne)",T,72,16.29,0,0.716,0,0
M2L7300,"Joghurt mind. 3,5 % Fett, mit Frucht-Getreidezubereitung, gesüßt",M,100,3.7,12.8,3.3,0.5,10.9
W275100,Herzwurst,W,162,14.65,0.25,11.34,0.12,0.18
F503700,Bananennektar,F,52,0.297,12.38,0.1,0,11.93
F021600,Roter Mehrfruchtsaft angereichert mit Vitaminen (Roter Multivitaminsaft),F,50,0.7,9.9,0.3,0.3,9.2
X354040,Caesar-Dressing,X,481,5.5,1,50.11,0.2,1
D431100,Marmorkuchen (Rührmasse),D,404,8.39,46.6,19.79,2.9,19.84
X9A1020,Getreidebratlinge gebraten,X,218,7.1,19,11.7,3.9,1
X0A5000,"Müsli Bircher-Benner Art, ungesüßt, mit Äpfeln, Rosinen, Sahne und Nüssen",X,114,1.8,14.6,4.7,2.4,11.3
X1A1010,Broccolisalat (gegart) mit Joghurtmarinade,X,51,3.01,2.4,2.68,1.9,1.85
U010200,"Rind Hackfleisch, tiefgefroren",U,224,19.1,0,16.39,0,0
U931600,Rinderroulade Konserve,U,176,18.69,0.54,10.99,0.1,0.52
X060160,Baguette-Brötchen mit Tomate-Mozzarella,X,200,9.5,16,10.41,1.6,1.5
X523053,"Mangold gedünstet, in Grundsauce hell/weiß",X,27,1.55,1.54,1.3,1.4,0.66
D9A3200,Apfelkuchen gedeckt (Vollkornmürbeteig),D,239,3.6,27,12,4,14.7
W348000,Blutpresssack,W,258,18.17,0.38,20.43,0.1,0.24
Y3A2000,"Schweinesteak gebraten, mit Karotten und Erbsen gedünstet",Y,130,15.3,3.43,5.7,1.5,1.688
D540100,Wiener Apfelstrudel (Strudelteig),D,265,3.7,34.5,11.6,3.5,18.2
D288200,Apfeltorte gedeckt (Mürbeteig),D,220,3.2,30.3,8.9,2.5,17.9
R9A3200,Nussfüllung für Gebäck/Torten,R,488,9.24,30.3,35.7,4,19.94
Y302213,Kasseler im Blätterteig gebacken,Y,223,18.8,8.95,12.25,0.66,0.057
X562463,Karotten-/Möhrenpüree,X,32,0.78,4.5,0.7,1.8,4.4
W261000,Schweinskäse weiß,W,238,18.31,0.1,18.28,0.06,0
S242700,"Speiseeis (Karamell, Vanille) gemischt",S,189,3.2,22.4,9.47,0.17,19.92
E606232,"Semmelknödel getrocknet, gekocht",E,150,6.87,20.64,4.14,1.4,2.3
T501262,"Karpfen tiefgefroren, gebraten ohne Fett (Ofen)",T,150,23.43,0,6.24,0,0
W006000,"Brätblock hell, zur Rouladenherstellung",W,167,12.83,0.08,12.84,0.05,0
T840000,Hering in Gelee (Kochfischware),T,168,12.7,0,12.6,0,0
Y790160,Kräuterbutter,Y,618,1.3,0.9,67.3,1.134,0.9
X351140,Zitronenmarinade für Salat,X,405,0.18,0.75,44,0.05,0.72
W216100,Frankfurter Rindswurst/Rote Wurst,W,223,11.44,0,19.74,0,0
X095540,"Frischkornbrei gesüßt, mit Joghurt 3,5 % Fett und Fruchtmischung",X,99,3.33,15.6,1.8,2.6,5.52
X5A9010,"Kohlrabi gekocht, vegetarisch gefüllt mit Frischkäse und Erbsen",X,73,2.3,4.9,4.5,1.5,2.8
X238060,Weißkrautsalat (roh) mit Speck-Essigmarinade,X,130,1.03,3.41,11.72,2.2,3.3
W275300,Zungenblutwurst fettreduziert,W,154,18.08,0.76,8.7,0.1,0.64
E901000,"Teigwaren eifrei, Ravioli (Fleischfüllung) in Tomatensoße, Konserve",E,101,3.3,15.9,2.2,1.7,4.7
G940100,"Gemüseaufstrich, Brotaufstrich pflanzlich",G,199,0.8,10,16.8,1.6,6
Y231432,Kalbsschnitzel mit Kochschinken und Käse übergrillt,Y,205,31.5,0.78,8.18,0.2,0.76
U461232,"Kalb Bug/Schulter, tiefgefroren, gekocht",U,119,27.26,0,1.082,0,0
B314172,"Weizentoastbrot mit Roggen, getoastet",B,319,10.22,58,4.09,4.45,1.9
D470100,Käsekuchen/Quarkkuchen (Quark-Öl-Teig),D,253,9.2,26.3,11.9,1,14.7
Y9A2000,Aprikoseneis,Y,173,1.4,23.9,7.5,0.726,23.52
X651642,Speckkartoffeln gedünstet,X,68,2.04,12.02,1.1,0.964,0.625
W882100,"Hausmacher Sülze/Schweinskopfsülze, Konserve",W,220,16.3,0.08,17.2,0.05,0
D751100,Hobelspäne/Räderkuchen (Rührmasse) frittiert,D,355,7.09,44.2,16.1,2.48,10.51
X3A7000,Mandelpesto,X,416,11.33,4,38.56,3.9,1.5
Y631122,"Schollenfilet mehliert, gebraten",Y,94,16.6,2.73,1.5,0.32,0.367
X357312,Cocktail-Dressing,X,423,1.7,6.58,42.95,0.5,6.49
Y7A1000,Souffle mit Räucherforelle,Y,288,9.7,6.62,24.4,0.7,1.98
Y163213,Boeuf a la mode mit Sauce (marinierter Schmorbraten),Y,111,8.1,1.8,6.3,1.2,1.8
U211262,"Rind Filet/Lende, tiefgefroren, gebraten ohne Fett (Ofen)",U,136,25.13,0,3.951,0,0
G210252,"Spinat tiefgefroren, gedünstet",G,24,2.754,1.16,0.376,2.3,0.93
X081743,"Toast mit Ananas, Kochschinken und Käse (""Toast Hawaii"") gebacken",X,206,13.47,13.2,10.4,1,7
G470262,"Porree/Lauch, tiefgefroren, gebacken",G,38,1.1,6,0.327,2.8,5
Y036410,Frikadellen aus Putenfleisch gebraten,Y,198,26.7,4.99,7.74,0.6,0.84
W384300,Weiße Graupenwurst,W,140,7,12.8,6.53,1,0.42
Q902000,"Schmalz/Schmelz, Basis Pflanzenfett, vegan",Q,817,1.01,6.35,87.13,1.4,6.31
X2A2020,Feldsalat mit Joghurtmarinade,X,54,2.36,2,3.48,1.3,2
X543063,Fenchelgemüse gedünstet,X,36,1.19,2.93,1.5,2.5,2.6
D1A1100,Apfelkuchen mit Puddingcreme (Hefeteig),D,177,4.6,26.8,5.2,1.9,12.7
Y860463,"Karamellcreme einfach, gestürzt",Y,164,4.2,27.78,3.97,0.039,23.57
S623700,Trüffel-Pralinen (alkoholhaltig),S,519,5.77,44.6,33.94,3.1,43.4
S622800,Pralinen gefüllt mit Gewürzcreme,S,576,5.78,50.2,38.64,2.2,49.8
M8A1300,"Frischkäsezubereitung mind. 20 % Fett i. Tr., mit Fruchtzubereitung, gesüßt, angereichert mit Calcium",M,108,4.87,13.01,3.82,0.2,12
X1A5000,Eiersalat mit Tomaten und Essigmarinade,X,139,7.02,1.56,11.28,0.5,1.55
S622500,Nuss-Pralinen (alkoholhaltig),S,439,5.16,51.5,20.61,2.3,51.01
W256000,Leberkäse fettreduziert,W,180,18.07,0.21,11.83,0.09,0
D2A1000,Himbeertörtchen (Mürbeteig) mit Sahne und Mandelblättchen,D,282,4.4,27.6,16,3.5,12.9
X8A1080,Spargelrisotto,X,109,2.57,18,2.7,1.1,2.05
W256200,Fleischkäse grob,W,223,18.96,0.1,16.27,0.06,0
W181000,Rohpolnische Würstchen/Polnische Bratwurst,W,419,20.99,0.12,37.2,0.07,0
D9A5300,Vollkorn-Schoko-Mandelkuchen (Rührmasse),D,429,8.2,40.8,24.8,5,24.4
W318300,Straßburger Gänseleberwurst mit Schweinefleisch,W,169,14.9,1.1,11.58,0.2,0.3
D313400,Schokosahnetorte (Schoko-Wasserbiskuit),D,312,4.8,24.4,21.3,1.61,19.5
S210900,"Speiseeis Schokolade, in Waffeltüte",S,249,4.12,31.6,11.17,2.3,23.3
S623000,Nuss-Pralinen,S,603,7.7,38,45.7,4.6,37.1
X1A8000,Fischmayonnaise mit Kabeljau,X,143,11.9,0.27,10.3,0.1,0.27
Y851363,Fruchtgrütze,Y,110,0.9,23.5,0.2,2.7,18.6
X552043,Gurken gedünstet,X,67,1.39,2.6,5.3,1,2.6
W218000,Regensburger Knacker/Regensburger Würstchen,W,253,14.8,0.09,21.5,0,0.01
S820000,Energieriegel gefüllt mit Nusscreme,S,449,10.6,47,21.7,7.4,15.6
X981162,Serviettenknödel,X,170,8.23,22.26,5.05,1.5,2.47
X445813,Avocadocremesuppe,X,53,1.1,1.4,4.4,1.3,1.4
D705200,Aprikosen im Ausbackteig frittiert,D,202,3.9,18,12.1,1.68,6.05
X640063,Kartoffelauflauf/Kartoffelring,X,177,7.1,11.06,11.39,0.913,0.649
X454943,"Gerstensuppe nach Bündner Art mit Speck, geräuchertem Rind- und Schweinefleisch",X,106,4.43,5,7.4,0.8,0.9
Y881812,Quarkkeulchen (mit Kartoffeln) gebraten,Y,259,6.6,29.4,12.2,1.8,15
D9A5000,Vollkornhaselnusskuchen (Rührmasse),D,434,8.53,37,27,4.5,20.46
X444563,Gurkencremesuppe,X,46,0.88,2.8,3.3,0.4,1.4
D463700,Marzipanstollen (Hefeteig),D,413,7.1,51,18.4,6.481,27.7
G992182,"Gemüsemischung Erbsen-Karotten, gebraten ohne Fett (Pfanne)",G,96,5.1,14.01,0.657,6,5.727
W171100,Knoblauchwurst roh,W,348,22.84,0,28.48,0.14,0
X921063,"Blätterteigtaschen gefüllt mit Spinat, Schafskäse und Pinienkernen, gebacken",X,338,7.9,14.7,26.9,2,0.9
W384100,Schwarze Graupenwürstchen,W,174,8.51,14.7,8.79,1.1,0.5
Y837643,Frankfurter Pudding,Y,131,3,17.9,4.595,3.1,12.1
W327000,Leberwurst einfach,W,236,17.59,0.62,18.08,0.1,0.28
T720282,"Languste tiefgefroren, gebraten ohne Fett (Pfanne)",T,96,20.95,0,1.41,0,0
X1A3010,"Salat aus Eierteigwaren dänische Art, mit Mayonnaise, gestreckt mit Joghurt",X,160,6.4,11.9,9.14,1.8,2.74
X940212,Mehlpüfferchen gebraten,X,284,7.3,38.7,10.5,2.3,12
Y171323,Rinderherzragout,Y,119,12.2,3.5,6.1,0.5,0.8
D4A8000,Ananas-Kranz gefüllt (Rührmasse),D,308,4.9,25.8,20,2,19.2
D753600,Mandel-Zitronen-Herzen (ohne Fett und Mehl),D,469,11.3,50.1,23.7,4.2,50
X446653,Tomatensuppe mit Fleischbrühe,X,63,0.81,2.16,5.5,0.7,2.16
T710232,"Edelkrebs/Flusskrebs, tiefgefroren, gekocht",T,61,13.89,0,0.58,0,0
Y261123,Kalbsrahmbraten mit Sauce,Y,128,13.5,3,6.7,0.5,1.4
X641000,Herzoginkartoffeln gebacken,X,128,4.7,15,5.11,1.39,0.8
X573412,Okra gedünstet (mit Fett und Salz),X,74,1.87,2.8,5,4.18,2.79
Y311132,"Schweinefilet mariniert, gegrillt, mit Orange",Y,156,29.1,0.4,4.2,0.1,0.4
D740100,Mandel-Marzipan-Donuts (Hefeteig) frittiert,D,432,10,54,18.8,3.3,17.7
D188400,Apfelkuchen gedeckt mit Mandelbelag (Mürbeteig),D,248,3.67,29.91,12.1,2.3,18.5
Y8A4110,"Schokoladenpudding, Flammeri, zubereitet aus Pulver und Sojadrink",Y,85,2.92,14.8,1.2,1.71,9.269
S536000,Vollmilchschokolade mit Haselnüssen,S,577,8.12,43.4,40.43,3.5,42.83
F820000,Fruchtschnitte/Fruchtriegel,F,339,4.9,53.8,9.4,6.2,48.1
U532262,"Schwein Kammsteak, tiefgefroren, gebraten ohne Fett (Ofen)",U,205,24.66,0,11.78,0,0
X346250,"Mayonnaise, gestreckt mit Quark",X,393,6.9,2.04,39.38,0,2.04
X1A6010,Käsesalat mit Essigmarinade,X,292,18.7,0.62,23.64,0.1,0.62
W231800,Kalbfleischkäse mit Schweinefleisch,W,365,12.95,0.11,34.78,0.06,0
G622600,"Gemüsesaft aus Karotte/Möhre, mit Honig",G,33,0.621,6.403,0.3,0.3,6.292
Y301322,"Kasseler Kotelett paniert, gebraten",Y,226,23.96,8.78,10.36,0.68,0.51
Y692423,Fisch-Curry mit Seelachs und Erdnüssen,Y,121,12,2.3,6.9,0.5,2.2
W349000,Roter Presskopf,W,224,18.86,0.32,16.38,0.1,0.2
Y872340,Zitronencreme (mit Gelatine) mit Weißwein,Y,197,3.2,12.52,13.6,0.026,12.52
D731200,Apple-Pie (Mürbeteig),D,203,2.1,22.3,11.14,2.37,10.7
X9A3010,"Blätterteigtaschen gefüllt mit Käse und Kochschinken, gebacken",X,363,16,15.6,25.8,1.2,0.8
D7A4000,Käsewindbeutel (Brandmasse) gefüllt mit Frischkäsezubereitung,D,215,7.7,9.8,15.87,0.8,2.3
X551463,"Auberginen gefüllt mit Lammfleisch, Reis und Tomaten, überbacken",X,108,7.39,4.1,6.5,1.3,2.4
W981200,"Schinkentorte mit Mürbeteig, gebacken",W,224,19.87,7.8,12.24,0.6,0.6
Y311522,Schweinefilet gedünstet,Y,186,23.43,1.76,9.5,0.13,0.00648
Y650732,"Karpfen mariniert, gegrillt",Y,147,18.73,4.75,5.6,0.1,4.66
F212700,Sauerkirschnektar,F,52,0.348,11.69,0.172,0,11.31
S541000,Vollmilchschokolade mit Haselnüssen und Cornflakes,S,576,6.5,48.6,39,2,47
D302100,Makronentorte (Mürbeteig),D,452,7.4,54.6,22,3.14,32.8
U952000,"Schwein Schnitzel, paniert, gebraten ohne Fett (Pfanne)",U,178,26.66,9.24,3.66,0.72,0.62
Y395222,Schweinerippchen gekocht,Y,372,28.52,0.813,28.34,0,0.813
X438163,Markklößchen,X,379,9.57,25.41,26.05,2.1,2.3
Y616233,"Sardinen in Weißwein, gebacken",Y,127,10.22,2.4,8,1.3,2.4
T209232,"Seehecht tiefgefroren, pochiert",T,92,18.17,0,2.17,0,0
Y862253,Schokoladen-Grießflammeri/Schokoladen-Grießpudding,Y,127,5,16.7,4.38,0.41,9.13
V250262,"Wildschwein Fleisch, tiefgefroren, gebraten ohne Fett (Ofen)",V,191,25.03,0,10.05,0,0
K850500,Pilzcremesuppe Instantpulver,K,338,11.9,60,4.5,5.5,12
W381200,Westfälischer Panhas (Mehlblutwurst),W,271,13.2,18.02,15.86,1.8,0.4
Y623612,Seelachsfilet gedünstet (mit Fett und Salz),Y,122,17.51,0.06,5.7,0.103,0.06
G450252,"Spargel tiefgefroren, gedünstet",G,36,2.475,5.02,0.197,1.8,4.8
Y642332,"Forellenfilet natur, gebraten",Y,183,23.57,0.156,9.4,0.012,0.156
W329000,Kräuterleberwurst,W,210,18,0.73,14.97,0.2,0.22
X740963,"Teigwaren eifrei, mit Auberginen gedünstet mit Tomaten und Ricotta",X,94,3.1,13,2.83,1.5,2.3
W117000,Mettwurst einfach,W,327,19.1,0.18,27.7,0.1,0
X634012,"Kartoffelpüree mit Milch 3,5 % Fett",X,88,2.35,12.43,2.98,0.923,1.74
R923000,Zitronensahne für Gebäck/Torten,R,290,2.9,15.6,23.7,0.014,15.6
X171242,Grüne-Bohnen-Salat (gegart) mit Essigmarinade,X,99,1.76,2.8,8.51,1.5,1.83
Y462113,"Lammrücken gebraten im Ofen, mit Rosmarin und Sauce",Y,181,23.7,2,8.4,0.43,0.27
X366143,Mandelsauce,X,153,5.5,14.25,8.01,0.8,10.72
T204582,"Dorsch/Kabeljau, paniert, gebraten ohne Fett (Pfanne)",T,217,16.6,18.34,8.28,1.13,0.98
S451000,Nuss-Nougat Rohmasse,S,522,7.623,53,30.4,2.973,52
X346150,Meerrettichmayonnaise,X,597,2.7,2.58,63.52,0.9,1.92
X4B3010,"Maultaschen (mit Schweinebrät), Suppeneinlage",X,119,5.2,11.89,5.39,1.1,0.74
V913200,"Pastete von Hasenfleisch, gebacken",V,219,19.27,7.9,12.07,0.62,0.07
M831500,"Speisequarkzubereitung mind. 40 % Fett i. Tr., mit Fruchtzubereitung, gesüßt",M,140,6.29,13.77,6.37,0.1,13.25
Y611012,Matjesfilet nach Hausfrauenart,Y,160,7.82,2.8,12.7,0.3,2.8
X5A6040,Spargelschinkenröllchen mit Käse überbacken,X,136,14.53,0.91,7.861,0.603,0.83
Y871363,Mousse au chocolat (Schokoladenschaum) mit Rum,Y,322,5.8,16.7,24.84,2.15,16.1
W202000,Geflügeljagdwurst mit Schweinefleisch,W,113,14.54,0.14,6,0.14,0.05
X9A3090,"Pirogge mit Sauerkrautfüllung, gebacken",X,225,6.2,27,8.81,4.5,2.65
R9A3400,Quarkfüllung für Gebäck/Torten,R,147,9.16,25,0.93,0.106,15.9
Y841843,Pfirsichkompott,Y,58,0.6,12.96,0.092,1.4,12.1
E605200,"Schupfnudeln schwäbisch, roh",E,188,6.81,33.26,2.52,2.58,0.421
W880300,Trüffelleberwurst Konserve,W,268,13.73,0.6,23.25,0.6,0.2
G570262,"Zuckermais tiefgefroren, gebacken",G,86,3.9,12.3,1.608,3.6,4.45
U733262,"Schaf Filetsteak, tiefgefroren, gebraten ohne Fett (Ofen)",U,146,29.26,0,3.21,0,0
H810100,"Erdnuss geröstet, im Teigmantel",H,509,15.3,40.7,30.5,5.1,6.7
Y9A1000,Chickenburger,Y,194,15.3,17.56,6.6,1.4,1.83
U051100,"Rind/Schwein, Frikadelle, roh",U,190,13.57,4,13.17,0.5,0.6
B551700,Weizenmischbrötchen mit Schinkenspeck,B,290,9,54,2.75,6.02,1.7
X252810,Paprika-Gurken-Tomatensalat mit Essigmarinade,X,84,0.83,2.89,7.23,1.3,2.88
T930800,"Fischfrikadelle (Alaska-Seelachs) paniert, tiefgefroren",T,128,9.7,17.9,1.7,1.2,0.4
D7B1000,Buttergebäck (Mürbeteig) mit Cremefüllung,D,440,6.3,51,22.88,2.24,20.04
B275500,Roggenmischbrot mit Zwiebeln,B,216,6.21,41,1.55,6.8,1.31
V486232,"Pute Brust, ohne Haut, tiefgefroren, gekocht",V,104,24.65,0,0.619,0,0
Y184612,Rindfleisch geschmort (mit Fett und Salz),Y,146,16,2.5,7.7,1.3,1.4
X651543,Bratkartoffeln gesüßt,X,197,2.366,18.84,11.93,2.429,1.263
W342000,Hessische Landrotwurst,W,214,20.16,0.45,14.61,0.1,0.25
Y8D6000,"Tiramisu fettreduziert, mit Likör",Y,219,7.9,30,6.6,1.16,21
X437363,Leberklößchen,X,162,12.79,15.29,5.26,1,2.1
X8A1010,"Reisflockenbrei ungesüßt, mit Wasser, Apfelsaft und Rapsöl",X,127,2.069,21.7,3.422,0.7,1.64
X422253,Hühnerbrühe mit Eierteigwaren,X,19,1,2.64,0.4,0.2,0.07
X461423,Lauch-Eintopf mit Pökelnacken und Kartoffeln,X,87,5.53,6,4.2,1.2,1.9
X3A6010,Kokos-Currysauce vegan,X,191,2.3,2.4,18.3,3.7,2.4
X541263,Artischockenviertel gebraten mit Steinpilzen und Speck,X,122,6.34,2.97,7.4,8.9,2.2
X2A1070,"Kohlrabisalat (roh) mit Apfel, Haselnuss und Joghurtmarinade",X,93,2.71,5.7,5.99,1.7,5.32
X200350,Tomaten-Gurkensalat mit Joghurtmarinade,X,28,1.21,2.82,0.95,1,2.82
X453123,Eingestreute Reissuppe mit Fleischbrühe und Gemüse,X,24,1.11,3.4,0.4,0.9,0.9
X441653,Königinsuppe,X,61,3.5,2.81,3.9,0.16,0.65
Y633212,Seezungenfilet gebraten,Y,105,19.39,0.128,2.8,0.039,0.125
W309000,Thüringer Fleischrotwurst fettreduziert,W,128,20.57,0.77,4.68,0.1,0.29
X562153,"Karotten mit Erbsen und Bohnen gekocht, in Grundsauce hell/weiß",X,52,2,6.2,1.6,2.4,3
X382160,Frankfurter grüne Kräutersauce mit gekochtem Ei,X,244,7.9,0.97,22.7,0.3,0.97
U672272,"Schwein Vordereisbein/Vorderhaxe, tiefgefroren, gegrillt",U,256,29.82,0,15.16,0,0
Y1A1000,Gulasch (mit Rindfleisch),Y,124,12.95,4.2,5.9,1,3.6
Y855643,Rhabarbergrütze,Y,93,0.474,20.81,0.102,2,15.48
M821300,"Dessert aus Joghurt mild, Frischkäse und Fruchtzubereitung, gesüßt",M,108,4.87,13,3.82,0.2,12
Y396213,"Schweinebauch gefüllt, gebraten im Ofen",Y,348,14.78,9.9,27,2.2,9.4
X326153,Currysauce von heller/weißer Grundsauce,X,58,0.79,3.57,4.5,0.22,0.59
W171700,Kümmelwurst (Rohwurst),W,336,23.23,0,27.04,0.018,0
W275000,Mortadella süddeutsch,W,172,12.86,0.15,13.3,0.09,0.07
M259000,"Buttermilchdrink mit Fruchtzubereitung, gesüßt, angereichert mit Vitaminen",M,62,2.42,11.7,0.42,0,10.8
H960000,Hummus/Kichererbsenmus,H,324,5.9,8,28.5,5.9,0.7
Y441133,Hammelgulasch,Y,254,6.6,4,23.3,0.7,1.5
X1A1070,Weißkrautsalat (gegart) mit rohem Mix aus Apfel-Karotte-Sellerie und Essigmarinade,X,98,0.96,4.6,7.67,2.5,4.22
Y563212,Cordon bleu von der Pute gebraten,Y,229,21.9,8.32,11.85,0.63,0.67
X1A3020,"Salat aus Eierteigwaren, würzig, mit Mayonnaise, gestreckt mit Joghurt",X,141,2.6,11,9.17,1.3,2.89
F034600,Smoothie grün (Früchte/Gemüse),F,46,1.3,8,0.3,2.1,6.6
X572153,Linsengemüse gekocht,X,67,4.707,9,0.4,3.9,0.9
D4A8700,Zitronenkuchen (Rührmasse),D,437,4.51,58.2,20.3,1.02,38.9
X9A3000,"Blätterteigtaschen gefüllt mit Blattspinat und Schafskäse, gebacken",X,360,8.9,18,27.43,2,0.6
D463500,Mohnstollen/Mohnstriezel (Hefeteig),D,329,11.5,30,16.8,5.9,14.1
T720172,"Languste gekocht, gegrillt",T,111,23.3,0,2.027,0,0
T780272,"Europäische Auster tiefgefroren, gegrillt",T,99,13.16,1.627,4.39,0,0
D3A7000,Eierlikörtorte (Schoko-Mandelbiskuit),D,349,7.97,23.7,22.62,2,23
Y180512,Rindfleisch gekocht,Y,167,26.17,0.04,6.9,0.1,0.04
X6A3010,Kartoffelsouffle mit Broccoli,X,135,7.29,7.3,8.21,1.3,1.65
D7A3100,Muffins vegan (Rührmasse),D,387,4.64,55.3,15.8,2.42,26.41
S581000,Vollmilchschokoladen-Riegel gefüllt mit Nougatcreme und Waffel,S,532,6.37,51.5,32.8,2.7,49.4
U891262,"Schaf Hinterhaxe, mager, tiefgefroren, gebraten ohne Fett (Ofen)",U,143,27.3,0,3.77,0,0
X214110,Endivien-Tomatensalat mit Essigmarinade,X,116,0.9,1.51,11.35,1,1.5
Y560123,"Paprikahuhn gedünstet, mit Sauce",Y,184,14.9,1.4,13,0.1,1.4
Y691913,Seehechtfrikassee,Y,129,13.6,1.5,7.3,0.6,1.5
X639012,"Kartoffelpüree mit Milch 1,5 % Fett",X,85,2.4,12.76,2.49,0.95,1.75
W211300,Käsewiener,W,247,12.9,0.06,21.69,0.04,0
Y814110,Apfel-Bananen-Birnensalat mit Honig gesüßt,Y,72,0.71,15.1,0.4,2.2,13.16
G992152,"Gemüsemischung Erbsen-Karotten, gedünstet",G,62,3.3,9.115,0.427,3.9,3.726
Y8A4150,"Vanillepudding, Flammeri, zubereitet aus Pulver und Milch 1,5 % Fett",Y,92,3.29,16.32,1.44,0.052,10.73
W882200,Kalbfleischsülze Konserve,W,82,11.9,0.02,3.8,0.01,0
X327563,Grüne Eiersauce von heller/weißer Grundsauce,X,77,3.61,2.8,5.6,0.2,0.6
W399400,Französische Schweinefleischterrine gebacken,W,326,18.67,0.21,27.78,0.3,0.09
Y733143,"Schaumomelett gesüßt, gebraten, mit Zitronensaft beträufelt",Y,238,10.6,8.537,17.9,0.004,8.537
X423553,Hühnerbrühe mit Reis,X,16,0.8,2.6,0.3,0.1,0.02
X446643,Tomatensuppe aus frischen Tomaten und Gemüsebrühe,X,29,0.79,3.1,1.2,0.9,3.1
Y730343,Omelett gebraten mit Kräutern,Y,195,12.11,0.67,15.97,0.1,0.67
Y3A1000,Kasseler Pirogge (Kasseler im Hefeteig gebacken),Y,241,15.6,25,8.24,1.8,2.13
X1A9030,Tintenfischsalat mit Essigmarinade,X,100,7,1.8,6.9,0.9,1.8
X459723,Fisch-Pichelsteiner mit Seelachs,X,92,8.01,8,2.7,1.3,1.7
W396000,"Hirschfleischpastete mit Alkohol, gebacken",W,231,21.13,0.9,15.68,0.7,0.6
X7A2000,Nudelpudding (Teigwaren eifrei) mit Kochschinken,X,149,9.8,15.2,5.2,0.613,0.8
B511200,Weizenbrötchen mit Schinkenspeck,B,296,9.6,56,2.75,4.21,1.9
D461300,Bienenstich (Hefeteig),D,332,6.44,32,19.34,2,16.47
M276300,"Joghurt mind. 3,5 % Fett, mit Frucht-Schokoladenzubereitung, gesüßt",M,104,3.46,13.93,3.5,0.2,13.21
Y663232,"Zanderfilet Müllerinart (mehliert, gebraten)",Y,107,18.89,4.02,1.3,0.41,0.363
X092050,"Haferflocken ungesüßt, mit Milch 3,5 % Fett und Fruchtmischung",X,136,5.08,19.6,3.3,3.5,5.51
S538400,Vollmilchschokolade mit Rosinen und Haselnüssen (alkoholhaltig),S,520,6.3,49.6,31.6,3.1,49
Y8A4030,Grießbrei (als Dessert) mit Schokoladensauce,Y,110,4.24,13.6,4.13,0.38,7.85
X4A4010,Paprikacremesuppe,X,61,0.88,3.9,4.4,1,3.9
X8A1020,Leberrisotto/Leberreis,X,153,7.8,19.5,4.7,0.7,0.8
W333000,Hannoversche Weißwurst,W,256,17.82,0.46,20.27,0.1,0.35
Y847140,Orangencreme abgeschlagen (mit Gelatine) mit Weißwein,Y,190,3.4,12.59,12.8,0.039,12.59
X5A1020,Kichererbsenbratlinge gebraten,X,190,9.4,22,5.1,9.3,1.6
U281232,"Rind Keule, tiefgefroren, gekocht",U,187,28.6,0,8.1,0,0
X216510,Radieschensalat mit Essigmarinade,X,69,0.97,2.3,5.74,1.3,2.16
X070260,"Clubsandwich mit Thunfisch, Gurke, Emmentaler und Mayonnaise",X,242,11.9,16.6,13.72,1.6,1.7
X459363,Krebssuppe,X,32,5,0.4,0.9,0.14,0.1
X203850,Griechischer Salat,X,107,3.77,2.3,8.73,1,2.2
Y877012,"Sahneflammeri/Sahnepudding, mit Früchten",Y,185,2.7,18.9,10.7,0.8,13.61
D1A4000,Apfelkuchen vegan (Rührmasse),D,198,2.2,29.1,7.51,2.33,14.7
X510043,"Pilze gedünstet, mit saurer Sahne",X,110,4.08,3.5,8.6,2.3,1.9
Y504322,"Rehschnitzel paniert, gebraten",Y,228,24.08,8.03,10.95,0.63,0.47
D653100,Liegnitzer,D,403,6.3,60.4,14.1,4.2,45
X744263,Eierteigwaren gebraten mit Steinpilzen und Tomaten,X,109,4.4,17,2.2,2.2,1
T932200,"Seelachs im Backteig, tiefgefroren",T,227,13,18.11,11.1,1.3,0.58
X325143,"Meerrettichsauce von Bechamelsauce mit Milch 3,5 % Fett",X,115,4.45,7.86,7.08,0.74,4.8
X740763,Eierteigwaren gebraten mit Thunfisch,X,117,6.6,17,2.25,1.3,1.2
D464200,Nusskranz (Hefeteig),D,351,8.5,47,13.5,3.1,19.46
D200300,Erdbeerkuchen (Rührmasse) mit Klarguss,D,133,2.62,18.46,4.78,1.8,9.53
Y693723,Kabeljaufilet im Backteig (mit Bier) frittiert,Y,221,14.8,12.84,11.8,0.94,0.211
X9A3060,"Pastete (Mürbeteig) mit Champignon-Käsefüllung, gebacken",X,302,10.6,20,19.58,2.1,0.3
W155000,Aalrauchmettwurst,W,358,22.6,0.21,29.57,0.12,0
X469033,Borschtsch (Rote-Bete-Suppe),X,57,4.35,3.4,2.6,0.9,2.2
G650252,"Schwarzwurzel tiefgefroren, gedünstet",G,61,1.434,8.6,0.444,5,3.9
X454443,Grünkernmehlsuppe,X,51,1.1,2.69,3.9,0.44,0.71
Y865312,Johannisbeerkompott mit Süßstoff,Y,30,1.118,3.34,0.155,2.7,3.34
T780252,"Europäische Auster tiefgefroren, gedämpft",T,69,8.036,1.298,3.5,0,0
X562063,"Karotten/Möhren, gekocht, in Butter geschwenkt",X,65,0.86,6.296,3.288,2.9,6.197
X498163,"Biersuppe gesüßt, gebunden mit Stärke",X,78,2.4,10.06,2.6,0.016,7.5
D380200,Käsetorte (Mürbeteig),D,261,8.4,28.9,12.1,0.69,17.48
X162612,Karottensalat (gegart) mit warmer Essigmarinade,X,66,0.72,5.19,3.9,2.2,5.11
Y8D8012,"Sahnepudding, Flammeri, zubereitet aus Pulver, Milch 3,5 % Fett und Sahne",Y,198,2.9,16.2,13.52,0.052,10.61
X446813,Rote-Bete-Suppe mit Apfel und Meerrettich,X,29,0.82,3.4,1.2,0.7,3.28
N390100,Cola-Misch-Getränk Orange,N,36,0.015,9,0,0.005,9
T730182,"Hummer gekocht, gebraten ohne Fett (Pfanne)",T,95,17.27,0,2.896,0,0
R9A1100,Himbeersahnecreme für Gebäck/Torten,R,208,2.1,17.5,13.7,1.7,17.5
Y273632,Kalbsleberspießchen gegrillt,Y,198,13.63,8.4,11.93,1.2,5.54
D660600,Schokoladen-Haselnussmakronen,D,505,9.4,48.2,29.5,4.4,47.63
D312900,Trüffeltorte (Schoko-Wasserbiskuit),D,363,6.79,42.9,17.49,3.37,30.7
D330500,Schokoladen-Nusstorte (Rührmasse),D,431,7.12,42.2,25.16,3.7,27.7
Y851312,Fruchtgrütze zuckerreduziert,Y,88,1,17.5,0.3,2.9,12.2
W364000,Fränkischer Fleischpresssack,W,237,18.09,0.18,18.17,0.1,0.06
E603000,Eier-Frischteigwaren Ravioli (Fleischfüllung) roh,E,235,9.8,35,5.5,3,1.6
X850353,Gemüserisotto,X,121,2.8,19.8,2.9,2.1,2.9
Y880160,Quarkcreme,Y,127,8.5,10.89,5.27,0,10.89
S680000,Eiskonfekt,S,601,2.4,51.3,42.7,0.5,51.1
Y838312,Bananenkompott,Y,101,1.053,22.21,0.3,1.6,20.65
X324263,Kräutersauce von heller/weißer Grundsauce,X,85,0.96,3.59,7.4,0.2,0.9
W308000,Feine Leberwurst fettreduziert,W,163,19.9,0.75,8.89,0.1,0.08
S211500,"Speiseeis Vanille, in Waffeltüte",S,221,3.21,26.8,10.94,0.8,18.2
K270000,Gnocchi roh,K,152,3.88,31.9,0.61,1.84,0.408
X444453,Spargelcremesuppe,X,58,0.87,2.87,4.7,0.4,1.46
S539300,Vollmilchschokolade gefüllt mit Nuss-Gewürzcreme,S,576,5.78,50.2,38.64,2.2,49.8
W982300,"Jagdwurstpastete mit Mürbeteig, gebacken",W,251,16.56,7.14,17.07,1.19,0.054
Y8A5020,Pannacotta,Y,330,3.4,9.545,30.9,0,9.545
R9A1000,Erdbeersahnecreme für Gebäck/Torten,R,206,2,17.8,13.7,0.7,17.8
Y842153,Fruchtkompott,Y,71,0.56,15.6,0.3,1.1,14.58
X558063,"Zucchinischeiben paniert, gebraten",X,154,6.4,12,8.56,1.5,1.9
D312600,Buchweizentorte (Wasserbiskuit) mit Heidelbeersahnecreme,D,259,5.8,27.5,13.3,2.2,17.68
Y0A2010,"Fleischküchlein fein (Schwein/Kalb, Hackfleisch) gebraten",Y,212,14.33,7,13.91,0.5,1.8
T601252,"Barsch/Flussbarsch, tiefgefroren, gedünstet",T,70,16.24,0,0.6,0,0
D464300,Mandelkranz (Hefeteig),D,337,9.2,47,11.6,3.4,19.44
D6A9000,Englischer Teekuchen glutenfrei,D,359,4.4,42.3,18.1,2.7,23.7
X677042,Kartoffelklöße halb und halb,X,105,3.84,19.26,1.04,1.81,0.602
Y713152,Eier im Ausbackteig gebraten,Y,208,11.56,9.6,13.54,0.64,0.89
Y689132,"Riesengarnelen mariniert, gegrillt",Y,181,24,0.12,9.2,0.172,0.12
X518053,Kaisergemüse gedünstet,X,64,2.02,4.2,3.9,2.4,3.01
Y175133,Gebratene Rinderkutteln mit Ei aus Bologna,Y,329,18.3,0.4,28.2,0.3,0.4
Y782012,Käsesoufflee,Y,338,14.9,5.6,28.3,0.36,1
Y829243,Schwarzbrotauflauf mit Schokolade,Y,321,6.1,35.9,16.3,3,24.2
Y780863,"Camembert paniert, frittiert",Y,294,18.41,5.09,22.07,0.39,0.48
W256100,Leberkäse,W,295,11.8,0.17,27.4,0.06,0
X3A9040,Schmand-Dip mit Schnittlauch,X,184,2.632,2.8,17.6,0.1,2.8
Y0A2020,Hackfleisch-Kohlpudding,Y,247,18.15,2.74,17.8,1.5,2.66
D420000,Feines Früchtebrot (mit Roggenbrotteig zubereitet),D,286,3.9,51,5.3,8.5,42.1
Y855153,Apfelgrütze,Y,92,0.301,21.2,0.2,1.083,19.29
V880300,Hähnchencreme (Brotaufstrich),V,300,12.9,1.75,26.7,0.4,1.66
X327463,Mornaysauce von Bechamelsauce,X,166,5.9,4.3,13.8,0.17,2.03
Y616433,"Sardinen mit Fenchelsamen, gedünstet",Y,139,14.12,2.1,7.98,1,2.1
X013040,Pumpernickel mit Krabbencreme,X,146,8.505,12.7,5.8,3.714,1.4
X643113,"Eierkartoffeln mit Tomaten, überbacken",X,96,3.2,7.5,5.6,1.2,2.4
Y7A3000,Basilikumbutter,Y,551,2.7,1.7,59.1,0.5,1.5
Y861753,"Schokoladenpudding, Flammeri, zubereitet aus Pulver und Milch 3,5 % Fett",Y,115,3.56,17.4,3.3,0.45,12.1
P288600,Rotweinpunsch,P,85,0.2,5.13,0,0.023,5.11
X571163,"Grüne Bohnen gekocht, in Butter geschwenkt",X,63,2.121,3.2,4.311,1.804,2.1
S538700,Vollmilchschokolade mit Trüffelfüllung (alkoholhaltig),S,519,5.77,44.6,33.94,3.1,43.4
B723000,Laugengebäck mit Hagelsalz,B,282,9.132,50,4.113,3.746,1.4
W335000,Blutbregenwurst,W,140,17.26,0.28,7.78,0.1,0.12
W982100,"Bierschinkenpastete mit Mürbeteig, gebacken",W,280,18.05,7.57,19.53,0.62,0.32
W252000,Göttinger Bierwurst/Göttinger Blasenwurst,W,236,10.17,0.08,21.68,0.04,0
D660800,Schokoladen-Makronen,D,468,11.9,49.2,23.6,5.4,48.68
Y695322,Seelachsschnitten gegrillt,Y,124,21.07,0.077,4.3,0.018,0.076
W211100,Bockwurst,W,273,13.1,0,24.5,0.06,0
X348360,Apfelmeerrettich,X,130,2.43,11.1,7.6,2.6,9.32
D741600,Donut (Hefeteig) frittiert,D,336,7.3,41.9,14.8,2.8,6.34
X5A1010,Gemüsewaffeln pikant,X,182,9.44,18.56,6.9,4.02,2.66
D754100,Rheinische Mutzen (Nudelteig) frittiert,D,323,8.58,50.3,9.1,2.8,12.5
Y670042,"Aal in Rotwein mariniert, pochiert",Y,219,9,0.52,19.5,0.1,0.51
Y872812,Zitronencreme (mit Gelatine),Y,158,5.6,10.61,9.8,0.168,10.6
R144100,"Frucht-Chutney, Würzsoße",R,282,0.6,68,0.33,1.4,66.4
X255010,Tomatensalat mit Essigmarinade,X,86,0.83,2.89,7.47,1.1,2.88
W222700,Rindsbratwurst,W,213,10.88,0,18.78,0,0
X871213,Reisauflauf mit Kochschinken und Käse,X,177,9.51,15.4,8.35,0.6,1.02
Y134012,"Rinderrumpsteak gebraten, mit gebratenen Zwiebeln",Y,155,22.62,2.14,6.03,0.5,2.12
X5A4010,Chicoree mit Speck geschmort,X,59,3.38,2.6,3.6,0.9,1.7
W275200,Helle Zungenwurst,W,286,17.3,0.22,24,0.12,0.15
D4A7100,Mandarinen-Schmand-Kuchen (Quark-Öl-Teig),D,198,3.97,23.6,9.38,0.9,13.2
D9A3300,Käsekuchen (Vollkornmürbeteig),D,274,8.57,26.57,14.2,1.79,15.36
X5A4020,Spinatauflauf/Spinatpudding,X,123,5.3,12.16,5.51,1.9,1.33
X444112,Kräutercremesuppe,X,93,0.91,1.5,9.2,0.1,1.5
X412513,Fleischbrühe mit Flädle,X,55,2.07,5.17,2.8,0.35,0.51
Y221013,"Kalbskotelett gebraten, mit gebratenen Champignons",Y,104,16.91,1.2,3.4,0.8,0.2
D621000,"Waffeln, einfache (Rührmasse)",D,459,8.19,49.8,24.83,1.61,24.14
Y781112,"Mozzarella paniert, frittiert",Y,295,16.62,5.05,22.93,0.39,0.48
X951133,"Grießbrei gesüßt, mit Butter und Ei",X,114,4.6,12.16,5.08,0.33,6.29
V513282,"Schwein Herz, tiefgefroren, gebraten ohne Fett (Pfanne)",V,160,24.7,0,6.81,0,0
X4A1030,Gemüsebrühe mit Hühnerfleisch und Reis,X,65,5.66,2.5,3.6,0.1,0.39
X348140,Sahnemeerrettich,X,155,4.492,8.503,10.6,2.713,6.342
D3A3000,Erdbeer-Sahnecremetorte (Wasserbiskuit),D,290,3.8,18.5,22,1.2,7.7
W317100,Leberpresssack einfach,W,291,15.3,0.47,25.3,0.1,0.11
Y593112,Entenfleisch im Backteig (mit Bier) frittiert,Y,370,17.7,15.18,26.1,1.12,0.149
D750700,Marzipanstangen (Rührmasse),D,498,6.39,51.7,28.6,4.29,30
X4A6000,Fenchelsuppe mit Orangenfilets,X,40,0.74,2.2,2.9,0.9,2.1
Y634433,"Seezunge Müllerinart (mehliert, gebraten)",Y,108,18.18,2.58,2.6,0.23,0.089
W203000,Jagdwurst fettreduziert,W,112,16.81,0.09,4.9,0.05,0
W319200,Champignonleberwurst,W,250,12.87,0.9,21.58,0.3,0.2
Y995040,"Vanillesahneeis mit Schlagsahne, frischen Erdbeeren und Rum",Y,157,1.7,6.69,12.09,1.1,6.66
M831300,"Speisequarkzubereitung mind. 20 % Fett i. Tr., mit Fruchtzubereitung, gesüßt",M,122,7.03,14.97,3.51,0.2,13.15
D288100,Pfirsichtorte (Mürbeteig) mit Klarguss,D,189,2.7,23.15,9.15,1.7,10.32
X468713,Gaisburger Marsch,X,79,6.75,6.7,2.6,0.9,0.8
T815900,"Krabben in Dillcreme, Präserve",T,309,10.2,5.483,27.24,0.012,4.441
D0A3200,Nussboden (mit Eiklar zubereitet),D,391,8.4,48.2,17.8,2.2,43.29
Y160122,"Rinderfilet gebraten im Ofen, ohne Sauce",Y,191,24.49,0.01,10.35,0,0
X3A1000,Biersauce,X,56,0.9,4.2,3.3,0.4,2.5
T940200,"Kabeljau im Backteig, tiefgefroren",T,216,12.2,18.11,10.26,1.3,0.58
X462023,"Gemüse-Eintopf/Gemüsepichelsteiner, mit Rind- und Schweinefleisch",X,94,5.17,6,5.1,1.7,2
X9A3070,"Pie (Mürbeteig) gefüllt mit Gemüse und Schweinehackfleisch, gebacken",X,377,9.1,23.49,26.9,2.2,1.34
G322242,"Grünkohl tiefgefroren, gedämpft",G,51,4.028,3.21,0.648,8.039,2.557
Y2A1000,"Kalbfleischpastete (Mürbeteig) mit Speck und Kochschinken, gebacken",Y,307,15,18.9,18.6,1.3,1
X364003,Kirschsauce gebunden,X,106,0.585,23.94,0.3,0.7,22.57
W278200,Kalbsroulade mit Lachsschinken (mit Schweinefleisch),W,147,15.87,0.42,9.01,0.01,0.41
M231500,"Sahnekefir mind. 10 % Fett, mit Fruchtzubereitung, gesüßt",M,136,2.396,13.26,7.9,0.1,12.82
X566063,Selleriepüree,X,23,1.11,1.9,0.6,2.3,1.5
V475282,"Gans Schenkel tiefgefroren, gebraten ohne Fett (Pfanne)",V,206,24.49,0,11.96,0,0
X4A2000,Terlaner Weinsuppe,X,70,1.6,0.51,6.5,0,0.51
X252640,Gurkensalat mit Joghurtmarinade,X,35,1.47,2.33,1.83,0.8,2.33
Y839243,"Buchweizengrütze (mit Milch 3,5 % Fett)",Y,161,7.03,20.93,4.9,2.27,3.14
X655452,Kartoffel-Gemüse-Kuchen,X,94,4.417,8.7,4.2,1.9,1.7
W134000,Zervelatwurst fettreduziert,W,252,25.54,0.21,16.49,0.12,0
U711272,"Schaf Filetmedaillon, tiefgefroren, gegrillt",U,161,31.25,0,3.95,0,0
X937510,"Erdbeermilch mit Milch 1,5 % Fett",X,54,2.37,7.96,1.1,0.7,7.94
X740162,Eierteigwaren mit Butterflöckchen,X,164,5,23.31,5.312,1.253,0.61
Y875140,Ambrosiacreme (Saure-Sahne-Creme mit Rum),Y,131,4.2,17.7,4,0.009,17.7
Y650313,Karpfen pochiert im Wurzelsud,Y,76,9.825,1.8,2.87,1.5,1.8
Y8A2000,Mandelkrokant,Y,549,14.87,22.97,42.63,6.8,22.81
X468263,Hamburger National (Steckrüben-Kartoffel-Eintopf mit Poularde),X,64,4,5,2.8,1,1.4
E632132,Dinkeleierteigwaren gekocht,E,139,5.71,25.61,0.9,2.57,0.179
X556263,"Tomaten gefüllt mit Kräuter-Brot-Parmesan-Mischung, gegrillt",X,165,3.95,8,12.42,2,3.32
W172100,Knoblauchwurst einfach,W,573,17.92,0,55.65,0.14,0
D770100,Mohnschnecken (Blätterteig),D,464,9.59,31.03,32.17,6.03,13.01
Y639212,"Rotzunge mehliert, gebraten",Y,102,17.58,3.14,1.9,0.26,0.127
X850453,Schinkenrisotto,X,148,4.97,22.5,4,0.8,0.91
D7A6700,"Langos (Hefeteig) frittiert, ungefüllt",D,340,8.63,52,10,3.96,2.16
Y444123,Lammragout mit Karotten,Y,165,11.09,4.31,11.2,1,1.95
S570100,Bitterschokolade gefüllt mit Marzipan (alkoholhaltig),S,513,8.6,35,35.5,8.34,33
T020232,"Tintenfisch tiefgefroren, gekocht",T,71,15.09,0,1.22,0,0
N630700,Schwarztee (Getränk) mit Zitronensaft und Zucker,N,8,0.008,1.823,0,0.002,1.823
M857000,"Grießpudding mit Sahne, gesüßt",M,129,2.84,14.03,6.77,0.03,13.55
P9B4000,"Cocktail, Margarita",P,70,0,2.4,0,0.009,2.4
E430082,"Eierteigwaren gekocht, gebraten ohne Fett (Pfanne)",E,133,5.3,25.23,0.929,1.358,0.626
D433300,Schokoladenkuchen (Rührmasse),D,402,7.4,47.7,19.53,3.06,23.1
T822500,"Heringsfilet in Senfcreme, Konserve",T,160,10.5,3.17,11.47,0.6,2.17
Y882150,Bananenquark,Y,114,7.677,12.56,3.2,0.6,11.93
G993100,"Gemüsemischung mexikanische Art, roh",G,59,3.3,7.8,0.5,4.4,3.5
T307252,"Schwarzer Heilbutt tiefgefroren, gedünstet",T,147,11.53,0,11.2,0,0
D650200,Weiße Lebkuchen,D,385,11.55,53,13.1,4.6,27.8
C341162,"Mais gekocht, gebacken",C,99,2.566,18.63,1.067,2.2,0.412
X7A2010,Gratin aus Eierteigwaren und Spinat,X,183,6.9,15,10.3,1.2,1.2
X456133,"Gulaschsuppe ungarisch, mit Rindfleisch, Fleischbrühe, Tomaten und Kartoffeln",X,59,2.8,3,3.8,0.5,1.3
Y814310,Apfel-Bananensalat mit Honig gesüßt,Y,73,0.845,15,0.4,2,13.44
K724432,"Shiitakepilz getrocknet, gekocht",K,140,11.7,11.18,0.9,20.46,11.18
W858000,Schweinezungensülze,W,157,17,0.53,9.6,0.02,0.53
Y231133,Kalbsschnitzel gebraten mit Parmaschinken (Saltimbocca) und Sauce,Y,194,21.6,0.04,11.9,0,0.04
Y7A2012,"Schafmilch-Camembert paniert, frittiert",Y,310,17.15,5.48,24.16,0.39,0.91
X700212,"Eier-Frischteigwaren, rot, selbstgemacht, roh",X,253,9.9,40.3,5.1,3.1,0.8
D750100,Amerikaner (Rührmasse),D,380,5.62,57.1,13.7,2.72,38.6
X041910,Brötchen mit Fleischkäse,X,282,13.76,18.44,16.61,1.2,1.47
X820453,Reis mit gedünsteten Champignons,X,113,2.68,21.9,1.4,0.9,0.2
Y693752,Rotbarschfilet im Backteig (mit Milch) frittiert,Y,213,14.2,11.2,12.1,0.77,0.88
U852262,"Schaf Brust, mittelfett, tiefgefroren, gebraten ohne Fett (Ofen)",U,215,25.9,0,12.4,0,0
G490252,"Knoblauch tiefgefroren, gedünstet",G,105,6.59,3,0.458,30.82,2.3
W162000,Plockwurst einfach,W,520,18.93,0.15,49.23,0.09,0
U642272,"Schwein Bauch (wie gewachsen) tiefgefroren, gegrillt",U,421,23.65,0,36.24,0,0
Y852112,"Fruchtkompott gemischt, ungesüßt",Y,52,0.646,10.6,0.3,1.2,9.574
X644253,Kartoffel-Kohlrabi-Gratin mit Käse,X,103,3.03,12,4.43,1.3,2.5
D480300,Käsekuchen mit Streuseln (Mürbeteig),D,304,7.95,35.1,14.3,0.95,20.49
N262000,Birnensaftschorle,N,32,0.135,7.8,0.116,0.2,6.4
W221372,Currybratwurst gegrillt,W,240,12.28,0.05,21.17,0.02,0
Y624112,Seehechtfilet pochiert (ohne Sauce),Y,65,12.4,0.112,1.5,0.009,0.112
X230610,Lollo-Rosso-Salat mit Essigmarinade,X,158,0.83,1.2,16.04,1.3,1.2
N259000,"Erfrischungsgetränk isotonisch, gesüßt, angereichert mit Vitaminen und Mineralstoffen",N,18,0.071,4.2,0,0.036,4.2
G322232,"Grünkohl tiefgefroren, gekocht",G,50,3.924,3.13,0.632,8.179,2.491
X347350,Quarkremoulade,X,199,9.93,2.07,16.59,0,2.05
Y180133,Sächsisches Zwiebelfleisch vom Rind,Y,88,10.62,4.6,2.7,1.3,2.4
X3A4000,Gorgonzolasauce,X,241,9.23,1,22.1,0.101,1
T045900,Dorschleber Konserve,T,694,4.7,0,75,0,0
Y444113,Lammragout orientalische Art,Y,197,14.7,5.6,12.6,1.2,3.4
Y8A4160,"Vanillepudding, Flammeri, zubereitet aus Pulver und Sojadrink",Y,76,2.61,13.41,1.02,1.33,7.66
D7B5100,"Kekse/Plätzchen, kakaohaltig (Rührmasse) schokoliert",D,529,6.8,53.8,30.83,4.38,31.2
X495363,Melonenkaltschale,X,38,0.7,7.5,0.2,0.5,7.3
C111082,"Weizen ganzes Korn, gekocht, gebraten ohne Fett (Pfanne)",C,226,8.767,40.51,1.188,9.073,0.718
W361000,Sülzwurst,W,169,17.9,0.25,10.7,0.09,0.092
Y813942,Buchweizenplinsen gebraten,Y,319,7.8,33,16.8,2.12,10.5
Y693342,Seezunge gebraten in Butter,Y,104,19.4,0.132,2.7,0.039,0.129
F323700,Johannisbeernektar schwarz,F,55,0.43,12.82,0,0.1,12.8
X5B1000,"Gemüse-Kartoffel-Fisch-Brei, mit Karotte und Lachs (ohne Salz, geeignet für Beikost)",X,100,3.32,7.576,5.876,1.6,3.819
W850200,Schinken-Käse-Sülze,W,121,16,0.84,5.6,0.07,0.84
D313300,Erdbeersahnetorte (Wasserbiskuit),D,234,3.6,22.3,14.1,1,16.5
W222632,Rostbratwurst gargezogen,W,159,14.82,0.07,11.06,0.04,0
Y0A1000,Fleischsulze mit gekochtem Schweinefleisch,Y,83,9.5,0.61,4.7,0.1,0.61
U711262,"Schaf Filetmedaillon, tiefgefroren, gebraten ohne Fett (Ofen)",U,146,29.26,0,3.21,0,0
X4A5000,Kartoffel-Gemüsesuppe mit Gemüsebrühe,X,48,0.94,6,2,0.9,1.6
C514500,"Knuspermüslimischung mit Trockenfrüchten, gesüßt, angereichert mit Vitaminen und Mineralstoffen",C,410,7.9,59.2,14.1,7.1,27.4
X389000,Avocadocreme (Guacamole),X,113,1.41,2,10.2,3.7,2
Y693522,Kabeljaufilet gedünstet (mit Fett und Salz),Y,102,15.8,0.06,4.2,0.101,0.06
X4A7010,Gemüsesuppe mit Kartoffeln,X,27,1,2.7,1.2,0.9,1.7
X5B1120,"Gemüse-Kartoffel-Brei, mit Karotte, Pastinake (ohne Salz, geeignet für Beikost)",X,92,1.325,9.3,5.031,1.6,3.521
Y780743,Käse im Blätterteig gebacken,Y,426,16.6,15.47,32.68,1.14,0.102
X365062,Punschsauce,X,87,0.077,15.9,0,0.033,14.77
D6A7000,"Mandelbrot (mit Eiklar, ohne Fett zubereitet)",D,399,12.3,51.63,15.13,3.6,33.29
S201600,"Speiseeis Karamell, in Waffeltüte",S,214,4.5,26.4,9.94,0.6,20.8
Y504422,Wildfrikadellen gebraten,Y,135,22.03,6,2.35,0.7,1
X448053,Champignonsuppe aus frischen Champignons,X,40,2.26,2.7,2.3,0.8,1.4
X327613,Käsesauce von Bechamelsauce mit Kochschinken,X,123,7.8,4.18,8.2,0.17,1.94
F033600,Smoothie gelb (Früchte),F,50,0.7,9.7,0.2,1.3,9.5
W368000,Anspacher Leberpresssack/Leberpresssack,W,300,14.12,0.55,26.8,0.1,0.12
Y891142,"Pfannkuchen/Eierkuchen, mit Milch 3,5 % Fett und Heidelbeeren, gebraten",Y,241,6,25.66,11.98,2.7,9.98
Y818162,"Pfannkuchen/Eierkuchen mit Milch 3,5 % Fett, gebraten, gefüllt mit Konfitüre",Y,263,7.4,33.1,10.8,1.9,8.7
D310900,"Biskuitrolle/Biskuitroulade, mit Mandarinensahnecreme",D,244,5.7,30.6,10.7,0.72,22.5
Y880250,Früchtequark,Y,94,4.8,15.6,1,0.7,15.21
M2J2100,"Joghurt aus entrahmter Milch, max. 0,5 % Fett, mit Fruchtzubereitung, Zucker und Süßungsmitteln",M,44,3.681,6.3,0.113,0.1,5.7
X1A8010,Fischsalat mit Kabeljau und Essigmarinade,X,104,9.8,1.11,6.46,0.3,1.1
C412182,"Grünkern Vollkornschrot gekocht, gebraten ohne Fett (Pfanne)",C,64,2.21,11.44,0.51,2.42,0.4801
Y611410,Sahnehering,Y,156,10.44,2.1,11.3,0,2.1
X4A6010,Grüne Erbsensuppe St. Germain,X,52,2.7,5.6,1.5,2.2,0.8
Y536212,Kaninchenbraten ohne Sauce,Y,171,25.1,0.08,7.8,0.01,0.06
X9A5000,Flammkuchen vegetarisch,X,221,6.85,23,10.73,1.9,2.2
S570300,Bitterschokolade mit Haselnüssen,S,586,10.53,27.7,45.98,9.6,24.7
X4A6020,Tomatensuppe aus Tomatenmark mit Gemüsebrühe,X,41,0.7,3,2.8,0.3,1.3
X344060,Mayonnaise-Dressing,X,342,6.7,5.01,32.44,0.5,4.94
H170700,"Cashewkern geröstet mit Fett, gesalzen",H,594,19.6,15.8,49.49,3.3,4.95
K701432,"Champignon getrocknet, gekocht",K,134,17.08,13.8,1.279,9.2,1
C526082,"Polenta (Maisgrieß mit Wasser, Fett und Salz) gekocht, gebraten ohne Fett (Pfanne)",C,126,1.903,14.38,6.3,2.156,0.318
X2A2050,Gurken- und Kopfsalat mit Joghurtmarinade,X,33,1.48,2.4,1.56,0.9,2.4
X171460,Grüne-Bohnen-Salat (gegart) mit warmer Essigmarinade,X,57,1.62,2.8,3.8,1.4,1.94
X651063,"Bratkartoffeln aus rohen Kartoffeln, mit Zwiebeln",X,221,2.867,22.5,12.7,2.798,1.131
Y025322,Studentenschnitzel (Fleischkäse gebraten mit Spiegelei),Y,287,14.12,0.55,25.26,0,0.55
S464000,Schokoladen-Dragees (Schokolinsen),S,466,2.91,74.5,15.03,3.48,66.4
W981500,"Schweinerückenpastete mit Mürbeteig, mit Alkohol, gebacken",W,187,20.35,8.75,7.61,0.49,2.363
X214240,Feldsalat mit Essigmarinade,X,168,1.2,0.64,17.3,1.1,0.62
H910200,Tofu-Bratlinge gebraten ohne Fett (Pfanne),H,166,9.34,16.8,6.17,3,2.31
X1A8020,Heringssalat mit Apfel und Essigmarinade,X,173,8.67,2.4,13.7,0.5,2.16
U522282,"Schwein Stielkotelett, tiefgefroren, gebraten ohne Fett (Pfanne)",U,206,26.99,0,10.9,0,0
D770300,Schweineohren/Schweinsohren (Blätterteig),D,588,4.14,52.38,39.72,2.04,24.96
X425813,"Chinesische Suppe scharf, mit Hähnchenbrustfilet",X,54,5.8,5.5,0.7,1,1.5
X092060,"Müsli Bircher-Benner Art, gesüßt, mit Äpfeln, Rosinen, Sahne und Nüssen",X,129,1.7,19.3,4.3,2.2,16.1
W318100,Gänseleberwurst mit Trüffeln und Schweinefleisch,W,193,14.3,1.1,14.54,0.2,0.3
X1A1040,Grüner-Spargel-Salat (gegart) mit Essigmarinade,X,148,3.27,7.46,10.72,2.7,7.16
X425543,"Französische Zwiebelsuppe, mit Weißbrotscheiben, überbacken",X,64,2.7,5.48,3.3,0.7,2.26
Y8A5040,Sahneflammeri/Sahnepudding (als Dessert) mit Karamellsauce,Y,207,3.8,19.79,12.45,0.054,14
D9A4100,Vollkornplunderteig gebacken,D,438,8.6,37,26.96,6.41,6.492
X490263,"Kürbissuppe scharf, mit Sahne",X,70,1,3,5.9,0.3,2.4
Y333831,"Schweineschnitzel natur, gebraten, mit Grundsauce dunkel/braun",Y,125,20.19,2.18,3.9,0.18,0.00797
Y7A3010,Zitronenbutter,Y,667,1.123,0.689,73.1,0.014,0.689
Y891062,"Pfannkuchen/Eierkuchen, mit Milch 3,5 % Fett, gebraten in Butter",Y,266,8.2,31.11,11.77,1.6,9.54
W259000,Schweinskopfwurst,W,216,15.9,0.08,16.85,0.05,0
Y734142,Omelett gebraten mit Kartoffeln und Kochschinken,Y,170,7.96,7.17,11.91,0.9,0.99
S243300,"Speiseeis (Kaffee, Karamell, Schoko, Vanille) gemischt",S,196,3.6,22.9,9.7,0.7,20.5
X145242,Spargelsalat (gegart) mit Essigmarinade,X,85,1.42,1.13,7.95,1.1,0.98
S241800,"Speiseeis überzogen mit Schokolade, Karamell und Mandeln",S,302,4.5,30.9,17.28,1.7,27.73
W221082,Rheinische Bratwurst gebraten ohne Fett (Pfanne),W,242,12.59,0.09,21.19,0.05,0
Y846553,"Milchreis mit Milch 3,5 % Fett und Banane roh",Y,124,4.03,20.8,2.5,0.9,7.4
X423753,Fleischbrühe mit Eierteigwaren,X,17,0.9,2.64,0.3,0.2,0.07
D300500,Linzer Torte (Mürbeteig),D,480,8.9,42.4,29.7,3.5,26.7
Y862612,Karamellflammeri/Karamellpudding,Y,158,3.9,25.2,4.55,0.063,18.4
X531812,Blumenkohl im Backteig (mit Bier) frittiert,X,246,6.5,21.36,14.3,3.4,1.76
R9A3000,Marzipanfüllung für Gebäck/Torten,R,444,6.09,38.94,28.7,2.88,31.87
D471600,Gerollte Marzipan-Nuss-Schnitten (Quark-Öl-Teig),D,410,7.7,42.8,22.1,3.5,26.7
P8A3000,Eierpunsch,P,170,3.19,10.6,7.77,0,10.6
Y336022,Schaschlik (mit Schweinefleisch) gegrillt,Y,157,16.22,3.82,8.27,1.1,3.74
Y914062,Wiener Würstchen mit Brötchen und Senf,Y,274,11.43,18.45,16.68,1.4,1.14
X449023,Kartoffelsuppe mit Gemüsebrühe,X,57,1.01,9,1.8,0.6,1
X459263,"Hummersuppe mit Schlagsahne, Weißwein und Bleichsellerie",X,64,4,1,4.5,0.34,0.4
X573812,Knollensellerie gedünstet (mit Fett und Salz),X,44,1.07,1.91,2.8,2.7,1.49
X421143,Fleischbrühe mit Eierstich,X,18,1.5,0.32,1.2,0.011,0.32
C522300,"Getreideflakes gesüßt, mit Trockenfrüchten, angereichert mit Vitaminen und Mineralstoffen",C,346,8.9,70.3,1.6,7,13.1
W273600,Schweineroulade,W,194,15.21,0.17,14.71,0.04,0.15
X532812,Broccoli im Backteig (mit Bier) frittiert,X,234,6.8,17.7,14.19,3.3,1.06
Y173623,"Rinderlebergeschnetzeltes, mit Grundsauce dunkel/braun",Y,139,11.77,6.01,7.5,0.3,0.41
X423053,Rinderkraftbrühe mit Grießklößchen,X,32,1.67,3.41,1.3,0.25,0.29
W845000,Wildbretgalantine gebacken,W,156,24.6,0.06,6.38,0.07,0.03
X445743,Sellerie-Lauchcremesuppe,X,38,1.1,3,2.18,1,1.4
D3A1000,"Biskuitrolle/Biskuitroulade, mit Himbeersahnecreme",D,238,5.6,29.3,10.4,1.6,21.4
V416282,"Hähnchen Brustfilet, tiefgefroren, gebraten ohne Fett (Pfanne)",V,137,30.79,0,1.59,0,0
X364043,"Johannisbeersauce einfach, aus Fruchtsaft",X,79,0.992,16.96,0.1,0.3,16.22
Y8A8010,"Hefeteig gesüßt, mit Milch 3,5 % Fett, roh",Y,317,7.91,47,10.14,2.97,8.04
Y880853,Quarkauflauf,Y,232,10.5,21.5,11.1,1.3,14.2
D4A8200,Kürbis-Kuchen (Rührmasse),D,339,5.2,41.7,16.1,2.7,22.6
X820852,Reis mit gedünstetem Gemüse und Kochschinken,X,108,3.83,17.5,2.24,1,0.9
S221200,"Speiseeis (Karamell, Schokolade) gemischt",S,208,3.9,25.7,9.63,1.21,23.4
Y634732,Seezungenfilet gegrillt,Y,124,20.34,0.03,4.7,0.002,0.03
X331463,Teufelssauce von dunkler/brauner Grundsauce,X,66,0.97,4.79,4.2,0.4,0.47
X365743,Erdbeersauce roh,X,106,0.667,19.49,2.3,1.2,18.94
X437143,Leberspätzle/Leberreis,X,240,15.18,31.26,5.43,2.5,0.42
Y843312,Nektarinenkompott ungesüßt,Y,32,0.7,6,0.1,1.1,5.3
X448343,Steinpilzsuppe,X,35,2.48,2.26,1.5,2.3,1
T603252,"Zander tiefgefroren, gedünstet",T,76,17.65,0,0.62,0,0
Y497412,"Lammkeule geschmort mit Zwiebeln und Senf, mit Grundsauce dunkel/braun",Y,189,22.05,3,9.8,0.4,0.6
Y741952,Eierstich mit Kräutern,Y,100,7.71,2.09,6.78,0.052,2.08
W378100,Gänseleber in Aspik,W,135,20.2,1.53,5.3,0.03,0
T710172,"Edelkrebs/Flusskrebs, gekocht, gegrillt",T,83,18.9,0,0.806,0,0
X545053,"Spargel gekocht, mit Grundsauce hell/weiß",X,37,1.56,3.82,1.5,1,2.77
Y6A1010,Thunfischaufstrich mit Mayonnaise,Y,131,18.2,0.63,6,0.1,0.62
D440800,Königskuchen (Rührmasse) mit Alkohol,D,373,6.9,47.9,16.2,2.8,26.6
D733600,Nussecken (Mürbeteig),D,545,7.4,44.6,36.6,3.8,30.7
W273100,Rinderbierschinken,W,125,15.71,0.08,6.91,0.05,0
D7A7600,Schoko-Plunder,D,500,8.65,49,29.16,3.43,14.08
W278000,Kalbsroulade mit Schweinefleisch,W,157,14.57,0.32,10.78,0.05,0.29
T730172,"Hummer gekocht, gegrillt",T,118,21.53,0,3.501,0,0
M255000,"Buttermilchdessert mit Sahne und Fruchtzubereitung, gesüßt",M,110,3.446,14.7,3.944,0.1,13.96
Y856243,Weingelee,Y,87,1.6,16.58,0,0.01,16.57
X936410,"Bananenmilch mit Milch 3,5 % Fett",X,71,2.54,9.39,2.3,0.5,8.86
X1A3000,"Glasnudelsalat mit Putenbrust, Gemüse und Essigmarinade",X,97,4.2,12.3,3.1,1.3,1.5
X810713,"Apfelreis mit Milch 3,5 % Fett",X,116,3.28,17.4,3.4,1,8.95
D466100,Apfelkuchen gedeckt (Hefeteig),D,187,3.5,29,5.6,2.7,11.9
S134000,Gelee extra,S,230,0.6,55,0.1,0.4,55
Y036610,Frikadellen aus Rindfleisch gebraten,Y,299,21.24,5.98,21.05,0.5,0.74
X651912,Bratkartoffeln mit Ei,X,198,4.509,13.84,13.4,1.9,0.98
Y8A6000,Quark-Grieß-Auflauf,Y,143,5.5,13.4,7.3,0.4,8.5
X212240,Endiviensalat mit Essigmarinde,X,154,0.83,0.64,15.93,0.8,0.63
X1A4000,Geflügelsalat (Huhn) mit Essigmarinade,X,123,13,3.3,5.95,1.3,2.6
K241200,"Kartoffelkloß halb und halb, tiefgefroren",K,116,4.09,21.53,1.09,1.98,0.668
Y7A2000,Schafskäse-Dip,Y,236,8.64,6.4,18.58,2.3,6.4
Y780043,Brötchen mit Tilsiter und saurer Sahne überbacken,Y,348,17.58,24.5,19.5,1.601,1.9
U010132,"Rind Hackfleisch, gekocht",U,299,28.65,0,20.49,0,0
Y814010,Apfel-Bananenmus (roh) mit Rosinen,Y,70,0.9,14.1,0.4,2,12.7
D433400,Gewürzkuchen (Rührmasse),D,420,7.81,48.2,21.29,2.4,22.66
Y892142,Kartoffelbällchen (Hefeteig mit gekochten Kartoffeln) frittiert,Y,353,6.81,38,18.8,2.47,12.22
Y686433,"Tintenfischtuben gefüllt, gegrillt",Y,173,20.13,5,7.8,0.5,0.45
Y722353,Rührei gebraten mit Paprika,Y,176,10.76,2.3,13.52,0.8,2.29
Y372012,Schweinehirn gebraten mit Ei,Y,149,12.15,0.4,10.85,0.1,0.38
W302000,Geflügelleberwurst,W,106,21.8,0.12,2,0.1,0.12
W863000,Kalbszunge in Weißweinaspik,W,114,12.7,0.44,6.2,0.02,0.44
X422163,Rinderkraftbrühe mit Flädle/Frittaten/Suppenpfannkuchen,X,54,2.07,5.14,2.7,0.36,0.51
K750152,Mischpilze gedünstet,K,47,4.9,3.05,0.4,7.18,1.37
D310800,"Biskuitrolle/Biskuitroulade, mit Erdbeersahnecreme",D,240,5.6,29.9,10.5,1,21.9
G311282,"Blumenkohl tiefgefroren, gebraten ohne Fett (Pfanne)",G,66,2.6,11.23,0.622,6.4,4.56
D721100,Eberswalder Spritzkuchen (Brandmasse) frittiert,D,374,5.88,50.3,16.3,0.89,36
M2R7300,"Joghurt mind. 3,5 % Fett, mit Knuspermüslizubereitung, gesüßt",M,110,4.3,11.1,4.83,0.8,7.2
D461200,Käsekuchen/Quarkkuchen (Hefeteig),D,243,9.7,28,9.7,1.3,13.1
X455913,"Gulaschsuppe mit Rindfleisch, Fleischbrühe und Rotwein",X,70,4.3,2,4.7,0.2,1.1
Y868040,Buttermilchsulze (mit Arrak),Y,94,3.8,13.33,1.6,0.005,13.33
Y033112,Deutsches Beefsteak gebraten,Y,282,21.2,4.93,19.52,0.6,0.96
X9A6070,Vegetarische Füllung für Gemüse,X,249,8.3,15.23,16.85,1.2,3.01
X458143,Geflügelcremesuppe (Huhn),X,109,8.2,1.53,7.8,0.1,0.108
X493343,Heidelbeersuppe gebunden mit Stärke,X,79,0.4,15.84,0.4,3.2,14.86
M2A3200,"Joghurt fettarm, mind. 1,5 % bis max. 1,8 % Fett, mit Fruchtzubereitung, gesüßt, laktosefrei",M,81,3.612,12.9,1.273,0.2,11.81
X744233,Eierteigwaren mit gebratenem Hähnchenbrustfilet und Grundsauce hell/weiß,X,129,12.1,13.44,2.8,0.74,0.43
D6A2000,Baumkuchenspitzen,D,488,7.1,45.7,29.7,4.94,35.3
R9A1200,Käsesahnecreme für Gebäck/Torten,R,208,7.1,12.13,14.3,0.003,12.13
W410482,"Schwein Schinkenspeck, Rohpökelware, geräuchert, gebraten ohne Fett (Pfanne)",W,131,23.51,0.573,3.9,0,0.573
G480232,"Speisezwiebel tiefgefroren, gekocht",G,37,1.284,6.68,0.167,1.7,6.68
X5A8050,"Tofu vegan paniert, gebraten",X,233,15.74,14.24,11.93,2.59,0.98
G450242,"Spargel tiefgefroren, gedämpft",G,34,2.351,4.78,0.187,1.7,4.56
T934200,"Alaska-Seelachs paniert, tiefgefroren",T,147,10.3,14.59,4.99,1.02,0.83
X1A7040,Fleischsalat (Rind) mit Essigmarinade,X,189,23.43,0.72,10.1,0.2,0.71
Y8A4100,"Schokoladenpudding, Flammeri, zubereitet aus Pulver und Milch 1,5 % Fett",Y,100,3.58,17.6,1.6,0.46,12.21
Y852312,Quittenkompott mit Süßstoff,Y,34,0.27,5.3,0.322,3.815,4.496
X928112,Zwiebelkuchen ohne Speck,X,169,4.9,17,8.6,1.8,4.8
X1A2040,"Kartoffelsalat mit Salatgurke und Mayonnaise, gestreckt mit Joghurt",X,123,1.9,11.04,7.52,1.6,1
X4A3010,Kürbissuppe mit Kokosmilch,X,59,1.01,4,4.1,0.9,2.5
W881400,Gewürfelte Zungenwurst Konserve,W,261,15.9,0.41,21.69,0.1,0.34
S623200,Nuss-Trüffel-Pralinen (alkoholhaltig),S,519,5.77,44.6,33.94,3.1,43.4
Y321012,"Schweinekotelett paniert, gebraten",Y,296,24.11,6.29,19.22,0.49,0.37
T424282,"Meerforelle tiefgefroren, gebraten ohne Fett (Pfanne)",T,126,21.8,0,4.06,0,0
V988100,Leberknödel Konserve,V,212,16.18,14.34,9.75,1.1,1.7
V474272,"Gans Fleisch, mit Haut, tiefgefroren, gegrillt",V,379,21.08,0,32.7,0,0
X2A1010,Chinakohlsalat mit Joghurtmarinade,X,33,2,1.96,1.45,1.5,1.83
S693000,Nüsse mit Vollmilchschokoladenüberzug,S,564,8,46.5,37.7,3.3,45.9
W237032,"Fleischkäse fettreduziert, gekocht",W,118,16.3,0.14,5.74,0.09,0
X9A4030,Pfannkuchen-Auflauf mit Spinatgemüse,X,234,9.3,14.9,14.76,1.5,2.1
X636043,"Kartoffelpüree, zubereitet aus Instantpulver, Wasser, Milch 3,5 % Fett und Fett",X,85,2.26,11.09,3.33,0.828,1.41
X530163,"Bayerisches Kraut gedünstet, mit Speck",X,40,1.67,4.48,1.12,2.2,4.38
X558312,Zucchinipuffer gebraten,X,95,4.2,10,3.96,1.4,1.9
Y632132,"Hamburger Speckscholle, gebraten",Y,156,18.9,2.12,7.8,0.23,0.36
F014600,Mehrfruchtsaft angereichert mit Vitaminen (Multivitaminsaft),F,48,0.4,10.61,0.1,0.3,10.03
W870500,Kalbfleischwurst mit Schweinefleisch Konserve,W,253,9.82,0.08,23.72,0.04,0
P9A5110,"Cocktail, Sex on the Beach",P,73,0.3,6.6,0.093,0.131,6.6
D1A2000,Aprikosenkuchen (Mürbeteig) mit Rahmguss,D,238,3.9,28.21,11.99,1.29,17.18
Y584123,Putenragout mit Paprika und saurer Sahne,Y,152,17.26,2.9,7.8,0.4,1.2
T797262,"Venusmuschel tiefgefroren, gratiniert ohne Fett (Ofen)",T,80,16,1.6,1.07,0,0
G093200,"Suppengrün/Suppenkraut, tiefgefroren",G,32,2.154,3.3,0.335,3.4,3.2
W145000,Rindersalami,W,395,21.63,0.18,34.14,0.1,0
Y311233,"Schweinemedaillon gebraten, mit Apfel und Sauce",Y,105,16.8,3.6,2.5,0.51,1.844
D9A5200,Vollkornsandkuchen (Rührmasse),D,412,7.82,41.1,23.1,4.16,22.62
W371000,Kalbfleischsülze,W,82,11.9,0.02,3.8,0.01,0
X7A3030,"Eier-Frischteigwaren Ravioli, vegetarisch gefüllt mit Spargel und Ricotta",X,113,6,12.24,4.17,1.1,0.91
X8A1070,Reis-Schinkenfüllung für Gemüse,X,251,14.55,17.2,13.45,0.6,0.69
Y650812,Karpfen im Backteig (mit Bier) frittiert,Y,244,16.1,13.5,13.62,0.99,0.125
X0A3020,"Knuspermüsli (Granola) gesüßt, mit Milch 3,5 % Fett und Fruchtmischung",X,154,4.8,17.9,6.2,3,9.4
U067100,"Kalbskäsebrät mit Schweinefleisch, roh",U,271,11.7,0.09,24.9,0.05,0
X3A9000,Buttermilch-Dressing für Salat,X,38,2.59,3.74,0.5,0.14,3.69
Y625112,Schellfischfilet pochiert (ohne Sauce),Y,71,15.9,0.145,0.6,0.011,0.145
Y813142,Savarin (getränkt mit Weißwein),Y,291,7.8,36,10.89,2.07,9.55
D4A6300,Thüringer Mohnkuchen (Hefeteig),D,294,9,34,12.73,3.8,16.66
X061610,"Baguette mit Kochschinken, Frischkäsecreme, Tomaten und Champignons, überbacken",X,166,11.4,17,5.26,1.8,2
D771900,Brötchen (Blätterteig),D,425,4.18,28.65,32.19,2.12,0.1226
F4A1900,Preiselbeere gezuckert (mit Pektin) Konserve,F,176,0.3,42.2,0.2,1.3,42.2
X547053,"Lauch/Porree, gedünstet, mit Bechamelsauce",X,62,2.39,5,3.3,1.2,3.2
Y0A2000,"Blätterteigtaschen gefüllt mit Rinderhackfleisch und Käse, gebacken",Y,423,14.25,14.78,33.68,1.2,0.48
X0A4030,"Haferflocken ungesüßt, mit Sojadrink und Fruchtmischung",X,124,4.95,18.2,2.4,4.2,4.08
K282200,Kartoffelkroketten tiefgefroren,K,180,4.04,19.05,9.27,2.09,0.95
X671042,Thüringer Klöße (Mischung aus rohen und gekochten Kartoffeln),X,77,1.82,15.66,0.45,1.27,0.8
M260100,"Molkenmischgetränk mit Fruchtsaft, Zucker und Süßungsmitteln, angereichert mit Vitaminen",M,33,0.6,7,0.1,0.1,6.8
X820553,Reis mit gedünsteten Tomaten,X,98,2.154,19.2,1.151,1,1.18
U013100,"Rind Frikadelle, roh",U,175,13.96,4,11.3,0.5,0.6
E632232,"Dinkelvollkornteigwaren eifrei, gekocht",E,127,5.26,22.38,0.9,3.98,0.389
X359712,French Dressing,X,501,2.8,1.3,52.9,0.4,1.3
W981600,"Champignonpastete mit Mürbeteig, gebacken",W,247,15.01,7.62,17.25,0.8,0.055
Y245013,Kalbsfrikassee,Y,94,14.9,1.83,3,0.11,0.31
W132000,Zervelatwurst,W,395,20.3,0.21,34.8,0.12,0
U461242,"Kalb Bug/Schulter, tiefgefroren, geschmort ohne Fett",U,116,26.57,0,1.077,0,0
X421363,Rinderkraftbrühe mit Eierstich,X,18,1.5,0.31,1.2,0,0.31
X610253,Brühkartoffeln mit Gemüsebrühe und Gemüse,X,73,1.51,12.3,1.7,1.2,1.1
Y302232,Kasseler im Brotteig gebacken,Y,165,13.31,22,1.84,2.5,2.15
X642063,Bäckerin-Kartoffeln vegetarisch,X,105,1.66,13,4.8,1.3,2.8
Y111032,"Rinderfiletmedaillons gebraten, mit Röstgemüse",Y,126,17.42,2.1,4.82,2.2,2.1
Y131223,"Roastbeef gebraten im Ofen, mit Sauce",Y,166,24.98,0.76,7,0.07,0.00278
X200840,"Sommersalat mit Karotten, Kohlrabi, Gurke und Joghurtmarinade",X,46,1.63,4,2.03,1.3,3.94
N261700,Pfirsich-Maracuja Fruchtnektar,N,43,0.3,10.2,0,0.1,9.8
F957900,"Rhabarberkompott mit einer Zuckerart und Süßungsmitteln, Konserve",F,48,0.522,9.3,0.121,2.908,9.1
D660300,Kokosmakronen,D,504,5.9,49.4,29.9,6.779,49.1
X443063,Blumenkohlcremesuppe/Dubarry-Suppe,X,53,2,4.05,3.1,1.1,1.69
W352000,Zungenblutwurst,W,257,17.44,0.16,20.76,0.1,0.1
X657052,Kartoffelbratlinge mit Zwiebeln gebraten,X,218,3.69,18.95,13.67,2.4,1.78
D740600,Wiener Hörnchen (Hefeteig),D,318,7.6,47,10.5,2.3,19.4
U980400,Gulaschsuppe Konserve,U,99,7.9,4,5.6,0.6,1.3
X324253,Kräutersauce von Bechamelsauce,X,88,2.5,5.42,6.2,0.22,2.44
S493000,Haselnuss-Krokant,S,456,3.25,80.9,12.92,1.6,80.79
T753272,"Garnele/Granat/Krabbe, tiefgefroren, gegrillt",T,128,27.21,0,2.149,0,0
Y9A2010,Himbeereis,Y,172,1.4,22.5,7.5,2.2,22.5
X436143,Brätklößchen,X,189,11.39,5.61,13.32,0.35,1.25
X357340,Joghurt-Dressing,X,128,3.25,3.51,10.7,0.03,3.49
D650500,Feine Oblaten-Lebkuchen,D,386,11.24,56.2,11.9,4.4,30
X416813,Gemüsebrühe mit Gemüse,X,23,0.8,1.4,1.5,0.6,1.3
X2A2010,Feldsalat mit Champignons und Essigmarinade,X,103,1.76,1.3,9.69,1.4,0.8
U583232,"Schwein Kochfleisch (Bauch) tiefgefroren, gekocht",U,357,22.49,0,29.64,0,0
F4B1900,Preiselbeere mit einer Zuckerart und Süßungsmitteln (mit Pektin) Konserve,F,84,0.3,19.2,0.2,1.1,19.2
X820653,Reis mit Tomatenmark,X,112,2.4,22.3,1.3,0.9,1
X7A3020,"Eier-Frischteigwaren Ravioli, gefüllt mit Rinderhackfleisch",X,144,7.6,17,4.8,1.4,0.17
Y870643,Mokkacreme abgeschlagen (mit Gelatine),Y,191,5.5,13.8,12.6,0.2,13.73
T753282,"Garnele/Granat/Krabbe, tiefgefroren, gebraten ohne Fett (Pfanne)",T,109,22.95,0,1.87,0,0
X535053,"Kohlrabi gedünstet, mit Grundsauce hell/weiß",X,72,1.37,3.46,5.6,0.9,2.2
W841000,Kalbfleischgalantine gebacken,W,119,20.45,0.03,4.13,0.01,0
R941000,Kirschfüllung für Gebäck/Torten,R,81,0.73,18.32,0.24,0.6,13.61
X422363,Rinderkraftbrühe mit Eierteigwaren,X,17,0.9,2.64,0.3,0.2,0.07
Y843143,Apfelmus,Y,59,0.338,12.5,0.399,1.815,11.56
D660200,Marzipanmakronen,D,457,11.2,41.56,26.1,5.4,41.42
V413242,"Hähnchen Fleisch, ohne Haut, tiefgefroren, geschmort ohne Fett",V,190,33.8,0,6.1,0,0
X341060,Mayonnaise mit Zitronensaft,X,720,2.1,0.56,78.6,0.1,0.56
D7A6000,"Berliner/Pfannkuchen/Krapfen (Hefeteig) frittiert, ungefüllt",D,355,7.8,40.7,17.3,2.8,4.6
U811262,"Schaf Filet/Lende, tiefgefroren, gebraten ohne Fett (Ofen)",U,225,24,0,14.3,0,0
Y780543,"Käsescheiben paniert, gebraten",Y,414,25.8,5.81,31.65,0.46,0.5
S201000,Frucht-Sorbet,S,121,0.7,27.81,0.1,0.044,27.81
X673612,Kartoffelklöße von rohen Kartoffeln,X,87,2.1,15.05,1.75,1.19,1.13
X3A7030,Sardellenpesto mit Kräutern,X,240,7.53,0.3,22.8,1.2,0.3
X551142,Auberginenscheiben gebraten,X,159,1.05,4.6,14.2,2.7,4.4
G311232,"Blumenkohl tiefgefroren, gekocht",G,29,1.2,5.05,0.28,3,2.05
S538600,Milchschokolade mit Karamell-Füllung (alkoholhaltig),S,524,4.78,52.2,31.33,2.26,47.1
X444613,Broccolicremesuppe,X,52,2.4,3.1,3.1,1.2,1.43
Y174122,Rinderlungenhaschee mit Sauce,Y,95,9.39,3.22,4.8,0.2,0.4
Y812962,"Arme Ritter gebraten, mit Zucker und Zimt",Y,284,7.1,34.43,12.59,1.91,12.83
Y996240,Erdbeercremeeis,Y,142,3.5,16.96,6.43,0.5,16.94
U811272,"Schaf Filet/Lende, tiefgefroren, gegrillt",U,260,25.6,0,17.5,0,0
Y856312,Rote Grütze zuckerreduziert,Y,74,1.1,14.3,0.3,2.9,10
N251000,Fruchtsaftgetränk mit Zucker und Süßungsmitteln,N,10,0.148,2.2,0,0.058,2.2
Y141123,Rindergulasch ungarisch,Y,160,14.9,4.5,8.8,1.2,4.5
Y886240,Joghurtcreme,Y,113,4.6,15.59,3.3,0.01,15.59
S582100,Waffelschnitte gefüllt mit Kakaocreme und gerösteten Haselnussstückchen,S,524,7.6,52.6,30.6,3.6,42.2
X536463,Rosenkohl mit Käse überbacken,X,88,5.1,3.24,5.2,3.4,1.36
S581700,"Karamell-Toffee gefüllt mit Nougatcreme, Schokolade und Haselnuss",S,532,5.7,58.3,27.7,3.1,47.6
X453253,Brühreis mit Rindfleisch,X,150,10.27,20.7,2.7,0.7,0.36
W397300,"Gänseleberpastete mit Schweinefleisch, gebacken",W,244,19.8,1.46,17.66,0.1,0.36
W274500,Presssäckel,W,281,14.7,0.07,24.7,0.04,0
V419072,"Hähnchen Flügel, mit Haut, mariniert, gegrillt",V,303,26.02,2.56,20.83,0.2,2.49
V465282,"Ente Schenkel, mit Haut, tiefgefroren, gebraten ohne Fett (Pfanne)",V,199,25.23,0,10.88,0,0
D732100,Vanille-Mürbchen (Mürbeteig),D,537,4.94,63.5,28.73,2.35,27.3
X2A1050,Karottensalat (roh) mit Joghurtmarinade,X,60,1.46,5.72,2.76,2.1,5.65
U080232,"Rind Leberhack, tiefgefroren, gekocht",U,174,26.2,7.227,4.436,0,0
S691000,Knäckebrotstückchen in Vollmilchschokolade,S,475,6.87,57.4,22.52,7.66,39.49
Y914032,Wiener Würstchen mit Senf,Y,271,12.12,0.16,24.34,0.3,0.15
W277000,Paprikaspeckwurst,W,184,12.23,0.08,14.97,0.05,0
Y332832,Cordon bleu vom Schwein gebraten,Y,215,21.9,4.74,11.88,0.36,0.42
X070060,"Clubsandwich mit Mozzarella, Tomaten und Kochschinken",X,190,10.9,12,10.45,1.3,1.8
D705400,Bananen im Ausbackteig frittiert,D,236,4.8,23.2,13.2,1.9,8.55
V132262,"Kaninchen Fleisch, tiefgefroren, gebraten ohne Fett (Ofen)",V,154,25.7,0,5.7,0,0
S244800,"Speiseeis (Kaffee, Schoko) gemischt",S,201,4,23.4,9.8,1.3,21.1
V487242,"Pute Flügel, mit Haut, tiefgefroren, geschmort ohne Fett",V,176,23.2,0,9.2,0,0
X0A4010,"Haferflocken gesüßt, mit Sojadrink und Fruchtmischung",X,131,4.65,20.6,2.3,4,7.4
R9A6000,"Apfel-Weincreme eihaltig, für Gebäck/Torten",R,183,2.4,26.44,6.4,1.086,22.76
D7A6600,Quarkbällchen (Hefeteig) frittiert,D,408,10.8,49.7,17.5,2.9,24.4
V465262,"Ente Schenkel, mit Haut, tiefgefroren, gebraten ohne Fett (Ofen)",V,194,26.02,0,9.98,0,0
X469113,Serbische Bohnensuppe mit Speck,X,97,4.84,8,4.2,3.4,1.9
X444253,Lauchcremesuppe,X,64,1.4,4,4.5,0.9,2.4
E605300,"Schupfnudeln eifrei, roh",E,175,4.93,36.18,0.56,2.54,0.54
D440300,Kuchen aus Sandmasse/Sandkuchen,D,447,5.43,49.3,25.11,0.86,27.7
Y859343,Orangencreme abgeschlagen (mit Stärke),Y,104,2.8,18.09,2.159,0.122,13.49
Y277033,Kalbsnierengeschnetzeltes mit Grundsauce dunkel/braun,Y,165,14.03,2.42,10.9,0.3,0.54
S211100,"Speiseeis (Nuss, Vanille) gemischt, in Waffeltüte",S,229,3.29,26.8,11.72,1.2,19.9
D660700,Haselnussmakronen,D,499,9.8,47.9,29,3.5,47.69
Y824463,Kirschplotzer (mit Weißwein) gebacken,Y,260,4.6,23.6,15.79,2.4,17.97
R930000,"Vanillebuttercreme eihaltig, gestreckt, für Gebäck/Torten",R,288,2.7,22.5,20.77,0.04,18.2
X671052,Thüringer grüne Kartoffelklöße (mit Grieß),X,113,2.77,16.3,3.81,1.24,1.59
X641812,Butterkartoffeln,X,106,1.961,15.13,3.705,1.956,0.646
X3A6030,"Meerrettichsauce vegan, mit Sojadrink",X,79,3.56,4.2,4.9,1.89,1.187
X5A6010,Artischocken gekocht,X,53,2.833,3.21,0.2,13.05,3
U231232,"Rind Hals/Kamm/Nacken, tiefgefroren, gekocht",U,199,27.94,0,9.738,0,0
X810013,"Milchreis gesüßt, mit Milch 3,5 % Fett, Rosinen und Pistazien",X,155,4.9,23.5,4.3,1,7.8
X320712,Kohlrübensuppe püriert,X,37,0.75,1.4,2.9,0.9,1.3
T753252,"Garnele/Granat/Krabbe, tiefgefroren, gedünstet",T,94,19.11,0,1.973,0,0
D730900,Fettgebäck (Mürbeteig) frittiert,D,405,7.03,48,20,2.47,14.6
Y863112,Apfelmus mit Süßstoff,Y,50,0.369,10.1,0.435,1.978,9.118
K392200,Kartoffel-Speck-Rösti tiefgefroren,K,220,4.71,24.5,11.05,1.6,1.2
Y910060,Pommes frites mit Mayonnaise,Y,316,3.1,26.14,21.6,2.1,1.38
X636012,"Kartoffelpüree, zubereitet aus Instantpulver und Milch 1,5 % Fett",X,89,4.55,13.67,1.62,0.836,3.9
X558412,Zucchini mit Hirsefüllung und Käse überbacken,X,100,3.7,9,5.16,1.3,2.2
X462413,Bayerischer Gemüsetopf mit Weißkraut,X,58,1.28,7.55,2,2.1,3.3
S581500,Milchschokoladen-Riegel gefüllt mit Knusperwaffel,S,457,6.39,48.9,25.51,2.9,41.9
W005000,Rinderbrät-Grundmasse (Halbfabrikat),W,188,18.91,0.038,12.52,0,0.016
X9A1040,"Grünkernbratlinge mit Karotten und Nüssen, vegan, gebraten",X,123,3.27,16.8,3.93,3.7,1.95
W373000,Gemüsesülze/Gemüse-Mix in Aspik,W,30,1.8,3.82,0.4,1.6,2.99
K311200,"Kartoffeltaschen mit Frischkäsefüllung, tiefgefroren",K,215,3.1,24,11.46,1.5,2.1
D312800,Mokkasahnetorte (Wasserbiskuit) mit Alkohol,D,284,4.5,22.8,19,0.63,17
X511463,"Champignons gefüllt, überbacken",X,220,13.14,3.3,16.8,1.9,1
U121272,"Rind Kotelett (Rücken) tiefgefroren, gegrillt",U,151,26.28,0,5.101,0,0
V913300,"Wildschweinpastete imitiert, mit Mürbeteig, gebacken",V,209,19.44,7.3,11.2,0.59,0.08
Y725412,Rührei gebraten mit Kräutern,Y,202,12.85,0.39,16.54,0.1,0.38
S243200,"Speiseeis (Nuss, Schoko, Vanille) gemischt, mit Eierlikör",S,231,3.24,26.4,10.65,1.33,22.5
X916063,Specktorte lothringisch,X,344,11.81,16.7,25.16,1.4,1.6
W383100,Grützblutwurst,W,187,13.1,4.3,12.87,0.9,0.19
N5A0000,"Kaffeeersatz (Getränk) mit Haferdrink, ungesüßt",N,6,0.1,1.07,0.04,0.54,0.267
T831900,Makrele in Tomatensauce Konserve,T,200,10,5.6,15,0.6,4.5
V421072,"Hähnchen Brustfilet, mariniert, gegrillt",V,163,27.34,2.13,4.91,0.1,2.07
W980100,Fleischwurst im Blätterteig gebacken,W,403,10.6,12.45,34.16,0.91,0.23
Y870653,Kaffeecreme einfach (mit Stärke),Y,146,5.2,16.1,6.7,0,11.76
X4A8080,Weiße-Bohnensuppe,X,58,2.99,7.1,1.2,2.9,1
W342100,Leberrotwurst,W,176,20.51,0.43,10.28,0.1,0.07
W985000,Fleischsalat mit Salatmayonnaise und Gurke,W,290,4.2,6.18,27.35,0.3,4.78
X446143,Karottencremesuppe,X,33,0.53,2.92,1.9,0.9,2.88
Y623012,Seelachsfilet gedünstet mit Weißwein,Y,128,17.53,0.13,5.7,0.103,0.13
Y374113,"Schweinelunge sauer, gekocht, mit Grundsauce hell/weiß",Y,82,5.61,2.3,5.5,0.14,0.5
U984100,Markklößchen Konserve,U,383,10.03,21.21,28.22,1.86,1.82
S623100,Pralinen mit Frucht-Nuss-Füllung (alkoholhaltig),S,520,6.3,49.6,31.6,3.1,49
R9A6100,"Mokkaflammeri mit Likör, für Gebäck/Torten",R,144,2.7,25,2.4,0.52,19
X635053,"Kartoffelbrei mit Milch 3,5 % Fett",X,78,1.9,11.04,2.7,0.839,1.32
M2J1100,"Joghurt aus entrahmter Milch, max. 0,5 % Fett, mit Fruchtzubereitung, Zucker und Süßungsmitteln, angereichert mit Vitaminen",M,44,3.681,6.3,0.113,0.1,5.7
C359082,"Reis parboiled, poliert, gekocht, gebraten ohne Fett (Pfanne)",C,117,2.851,25.3,0.34,0.5,0.12
Y311332,"Schweinelende im Wirsingmantel, gebraten im Ofen",Y,93,13.33,2,3.2,1.4,1.5
U861232,"Schaf Bug/Schulter, mager, tiefgefroren, gekocht",U,206,31.2,0,9.01,0,0
D540200,Apfelstrudel (Strudelteig),D,220,3.3,30.4,8.6,3.5,15.6
W350000,Filet-Blutwurst,W,226,19.57,0.16,16.35,0.1,0.1
Y627112,Sushi mit Lachs,Y,126,7.3,16.4,3.19,0.8,0.38
Y740342,"Eier gekocht, gesalzen",Y,134,13.11,0.338,8.958,0,0.338
X354060,Roquefort-Dressing,X,253,5.58,2.2,24.2,0.04,2.17
X521413,Spinatgratin mit Käse überbacken,X,114,6.6,2.1,8.4,1.7,2.1
S530800,Milchschokolade mit Trüffelfüllung (alkoholhaltig),S,569,5.03,44.5,40.1,2.16,43.7
D283000,Pfirsichtörtchen (Mürbeteig) mit Klarguss und Sahne,D,227,2.9,25.47,12.26,1.6,11.51
Y8A4120,Vanilleflammeri/Vanillepudding (als Dessert) mit Karamellsauce,Y,141,4.2,19.98,4.88,0.054,14.16
V481282,"Pute Fleisch, ohne Haut, tiefgefroren, gebraten ohne Fett (Pfanne)",V,140,27.9,0,3.1,0,0
N260000,"Erfrischungsgetränk isotonisch, mit Zucker und Süßungsmitteln, angereichert mit Vitaminen und Mineralstoffen",N,18,0.037,4.3,0,0.011,4.3
X574312,"Bohnen weiß, gekocht (mit Fett und Salz)",X,149,8.527,17.25,2.7,8.759,0.776
Y8A3000,Apfel-Bananen-Birnenmus ungesüßt,Y,65,0.719,13.4,0.4,2.3,11.43
Y840312,Birnenkompott ungesüßt,Y,34,0.185,7.45,0.2,1.6,5.72
Y546033,"Wildschweinkeule geschmort, mit Wildsauce von dunkler/brauner Grundsauce",Y,166,15.21,2.55,10.5,0.19,0.00942
T933100,"Karpfen im Backteig, roh",T,155,13.7,11.44,5.55,0.84,0.105
Y8A4040,Grießbrei (als Dessert) mit Vanillesauce,Y,107,4.2,13.72,3.81,0.24,8.31
T822400,"Heringsfilet in Meerrettichcreme, Konserve",T,168,9.9,3.58,12.62,0.1,1.99
X5A8030,"Linsen gekocht, mit gedünstetem Suppengemüse",X,121,7.2,13.6,2.9,5.7,0.9
Y722243,Rührei gebraten mit Tomaten,Y,170,10.65,1.4,13.35,0.5,1.39
X2A2060,"Kopfsalat mit Tomate, Gurke und Joghurtmarinade",X,47,1.83,2.6,2.76,0.9,2.6
V438242,"Suppenhuhn Innereien, tiefgefroren, geschmort ohne Fett",V,244,30.9,0,13.4,0,0
X496363,Orangenkaltschale,X,80,1.2,14.5,1.1,1.8,14.4
U980200,"Ochsenschwanzsuppe gebunden, Konserve",U,88,9.6,2.27,4.4,0.4,1.44
M2R9300,"Joghurt mind. 3,5 % Fett, mit Nusszubereitung, gesüßt",M,110,3.99,14.4,3.675,0.3,13.72
D734700,Husarenkrapfen (Mürbeteig),D,489,8.4,51,27.2,3.3,20.9
S243800,"Speiseeis (Karamell, Nuss, Vanille) gemischt",S,206,3.3,23.85,10.58,0.7,20.68
T797282,"Venusmuschel tiefgefroren, gebraten ohne Fett (Pfanne)",T,79,15.7,1.6,1.08,0,0
Y862363,Haselnussflammeri/Haselnusspudding,Y,174,5.3,18.3,8.66,0.5,10.86
W271000,Bierschinken,W,161,16.62,0.08,10.45,0.05,0
T817900,"Sardine in Tomatensauce, Konserve",T,151,11.4,1.9,10.7,0.4,1.9
Y143132,Rindfleischspieße gegrillt,Y,212,25.34,0.3,11.8,0.41,0.3
X0A2000,"Frischkornbrei ungesüßt, mit Fruchtmischung",X,145,4.82,17.8,5,4.5,4.04
Y842412,Aprikosenkompott mit Süßstoff,Y,38,0.7,7.283,0.115,1.365,6.574
X570653,Erbsen-Mais-Gemüse gedünstet,X,90,3.7,8.8,3.56,3.9,4.4
X6A2000,"Süßkartoffelpüree (ohne Salz, geeignet für Beikost)",X,122,1.084,17.6,4.792,2.101,4.5
N001000,"Nearwater/Aqua Plus Getränk, aromatisiert, ungesüßt",N,0,0.008,0,0,0.002,0
T410252,"Lachs tiefgefroren, gedünstet",T,163,17.36,0,10.42,0,0
E530032,Vollkorneierteigwaren gekocht,E,125,5.17,21.56,0.99,4.51,0.271
W531000,"Kasseler, Rohpökelware, geräuchert, paniert",W,124,18.29,6.28,2.69,0.49,0.42
X570763,"Zuckererbsen gekocht, in Butter geschwenkt",X,77,3.5,4.1,4.7,2,3.01
V351242,"Wachtel Fleisch, ohne Haut, tiefgefroren, geschmort ohne Fett",V,184,36.5,0,4.28,0,0
N500200,"Kaffeeersatz (Getränk) mit Milch 3,5 % Fett",N,7,0.19,1.07,0.12,0.525,0.27
X980112,Semmelknödel,X,179,7.49,21.66,6.64,1.5,2.52
X2A1100,Rote-Bete-Karottensalat (roh) mit Essigmarinade,X,95,1.26,5.83,6.71,2.2,5.79
X1A7000,Wurst-Käsesalat mit Essigmarinade,X,255,10.4,1.63,22.54,0.3,1.61
X369243,Rotweinsauce süß,X,76,0.008,12.9,0,0.008,12.12
U881242,"Schaf Keule, mager, tiefgefroren, geschmort ohne Fett",U,181,33.5,0,5.25,0,0
P9A7100,"Cocktail, Cuba Libre",P,52,0.012,5.435,0,0.002,5.435
W873500,Helle Zungenwurst Konserve,W,166,13.71,0.22,12.2,0.12,0.15
Y652112,Schleie pochiert im Wurzelsud,Y,54,9.671,1.8,0.531,1.5,1.8
X445713,Selleriecremesuppe,X,59,0.96,2.62,4.7,1,1.36
Y371033,Schweineherzragout,Y,134,13.8,3.6,7,0.5,0.8
R963100,Brotaufstrich Tomate-Mozzarella,R,242,4.8,10.2,19.4,2.2,8.3
W254000,Jagdwurst/Schinkenwurst grob,W,204,15.3,0.08,15.8,0.05,0
D3A6000,Frischkäse-Torte (ohne Backen),D,246,5.5,15.1,17.9,0.21,11
X448153,Champignoncremesuppe aus frischen Champignons und Fleischbrühe,X,78,1.68,2,7,0.5,0.7
K260200,Kartoffelpuffer tiefgefroren,K,149,4,28.49,1.65,2.2,1.28
X328143,Schinkensauce von heller/weißer Grundsauce,X,70,4.11,3.13,4.4,0.19,0.62
X891133,Nasi Goreng (Reis gebraten mit Gemüse und Schweinefleisch),X,110,10.2,14,1,2,1.7
X930862,"Pfannkuchen/Eierkuchen, gebraten, gefüllt mit gedünstetem Rahmspinat",X,205,9.38,13.6,12.07,1.8,1.64
E607132,"Grießklößchen getrocknet, gekocht",E,117,6.02,12.12,4.78,0.72,2.48
T412252,"Buckellachs tiefgefroren, gedünstet",T,110,18.3,0,4.1,0,0
X416313,Gemüsebrühe mit Ei-Einlauf,X,23,1.71,1.67,1,0.1,0.51
W131000,Zervelatwurst Ia,W,341,23.12,0.21,27.54,0.12,0
W854000,Sülzkotelett,W,104,22.1,0.05,1.7,0.01,0.05
D7B8000,Spritzgebäck (Rührmasse),D,493,6.7,50.5,28.8,2.47,17.2
V484282,"Pute Fleisch, mit Haut, tiefgefroren, gebraten ohne Fett (Pfanne)",V,216,27.49,0,11.81,0,0
U342282,"Kalb Schnitzel (Keule) tiefgefroren, gebraten ohne Fett (Pfanne)",U,126,29.22,0,0.974,0,0
G620262,"Karotte/Möhre, tiefgefroren, gebacken",G,47,0.882,7.613,0.495,3.6,7.494
G720232,"Wachsbohne tiefgefroren, gekocht",G,29,2.2,3.6,0.2,2.123,2.34
X548343,"Zwiebeln gedünstet, mit Speck",X,56,2.63,4.93,2.5,1.1,4.68
Y660912,Rotbarschfilet gedünstet (mit Fett und Salz),Y,113,13,0.3,6.5,0.1,0.3
V222262,"Reh Rücken, tiefgefroren, gebraten ohne Fett (Ofen)",V,152,29.15,0,3.89,0,0
Y361123,"Schweinerücken geschmort, mit Grundsauce dunkel/braun",Y,196,17.09,2.25,13.1,0.18,0.00825
W161000,Plockwurst,W,319,20.5,0,26.3,0.12,0
E605000,Kartoffel-Schupfnudeln roh,E,151,5,28.72,1.27,2.55,0.569
X237460,Rotkohlsalat (roh) mit warmer Essigmarinade,X,66,1.14,5.5,3.7,1.8,5.15
X424553,Fleischbrühe mit Brötchenscheiben,X,52,1.88,8.2,1.1,0.6,0.76
X320363,Bechamelsauce mit Sahne,X,178,2.57,4.91,16.4,0.15,2.9
X638012,"Kartoffelpüree, zubereitet aus Instantpulver und Wasser",X,42,0.953,9.101,0.06,0.779,0
W288200,Gänsepresskopf mit Schweinefleisch,W,125,16.2,0.03,6.63,0.02,0
Y760142,Quarkklöße (mit Zucker und Zimt),Y,182,9.6,20.7,6.4,0.99,7.68
W410472,"Schwein Schinkenspeck, Rohpökelware, geräuchert, gegrillt",W,201,35.18,0.823,6.33,0,0.823
Y693842,Rotbarschfilet gegrillt,Y,132,18,0.03,6.6,0.002,0.03
Y842443,Kürbiskompott,Y,82,0.538,19.39,0.1,0.286,19.14
X880442,Curryreis mit Mandeln,X,147,2.684,20.9,5.64,0.9,0.17
W882300,Sächsischer Presskopf Konserve,W,239,18.4,0.1,18.3,0.06,0
W255300,Käsekrainer/Käsewürstchen,W,192,15.9,0.06,14.17,0.04,0
X451463,Allgäuer Käsesuppe mit Croutons,X,90,3.1,4,6.7,0.28,0.7
X538153,"Weißkraut gekocht, mit Grundsauce hell/weiß",X,40,1.1,3.97,1.8,1.9,2.79
T617282,"Schafskopf (Meerbrasse) tiefgefroren, gebraten ohne Fett (Pfanne)",T,120,24,0,2.71,0,0
W222100,Bratwurst mittelgrob,W,292,15.2,0.08,25.6,0.05,0
F2A2700,Sauerkirschnektar mit Süßungsmitteln,F,22,0.284,4.499,0.14,0,4.184
U050100,"Rind/Schwein, Hackfleisch gemischt, roh",U,236,18.8,0,17.83,0,0
X336363,Paprikasauce von dunkler/brauner Grundsauce,X,75,1.1,6,4.9,1.23,1.9
X465363,"Tomaten-Eintopf mit Speck, dicken Bohnen und Suppengemüse",X,74,4,5.4,3.5,1.7,2.1
Y238033,"Kalbsrücken gebraten im Ofen, mit Sauce",Y,122,17.07,2.1,5,0.16,0.00773
U693262,"Schwein Hintereisbein/Hinterhaxe, tiefgefroren, gebraten ohne Fett (Ofen)",U,271,27.31,0,17.94,0,0
D430600,Rosinenkuchen (Rührmasse),D,375,6.7,49.6,15.9,2.5,25.6
X216460,Radicchiosalat mit Essigmarinade,X,134,1,1.9,13.23,0.7,1.2
X610143,"Rahmkartoffeln/Niedernauer Kartoffeln, gebraten",X,158,4.37,13.8,9.1,1.647,1.8
K750182,Mischpilze gebraten ohne Fett (Pfanne),K,55,5.7,3.55,0.5,8.36,1.59
Y560723,Pilaw mit gedünstetem Hähnchenbrustfilet und Sauce,Y,152,8.1,17.4,5.2,1.3,3.2
M252000,"Buttermilchdrink mit Fruchtzubereitung, gesüßt",M,62,2.42,11.7,0.42,0,10.8
X416513,Gemüsebrühe mit Teigwaren eifrei,X,21,0.9,3.91,0.2,0.2,0.58
Y725212,Rührei gebraten mit Kochschinken,Y,203,14.9,0.45,15.64,0.1,0.44
T313252,"Rotzunge tiefgefroren, gedünstet",T,64,13.84,0,0.95,0,0
X5B1130,"Gemüse-Kartoffel-Brei, mit Spinat (ohne Salz, geeignet für Beikost)",X,77,1.47,5.9,4.976,1.2,1.62
W383700,Bremer Pinkel (Grützwurst),W,123,5.1,7.4,7.77,1.6,0.38
W278600,"Kalbsbrust gefüllt, gebraten ohne Fett (Ofen)",W,199,19.55,0.9,12.89,0.6,0.6
U022232,"Schwein Hackfleisch, tiefgefroren, gekocht",U,345,25.95,0,26.78,0,0
X5B1030,"Gemüse-Kartoffel-Fleisch-Brei, mit Karotte und Schweinefleisch (ohne Salz, geeignet für Beikost)",X,92,3.63,7.576,4.82,1.6,3.819
Y504023,Wildragout mit Grundsauce dunkel/braun,Y,147,15.14,3,8.2,0.3,0.4
R931000,"Schokoladenbuttercreme eihaltig, gestreckt, für Gebäck/Torten",R,312,3.1,25.2,21.89,0.94,21
W141200,"Salami Ia, fettreduziert",W,252,25.53,0.23,16.49,0.13,0
X571253,"Dicke Bohnen mit Speck gedünstet, in Grundsauce hell/weiß",X,118,3.4,4.6,8.8,3.1,1.5
D490500,Französische Apfeltarte (Blätterteig),D,343,4.2,27.1,23.6,2.5,6.7
T122252,"Weißer Thun tiefgefroren, gedünstet",T,109,24.3,0,1.3,0,0
X810223,"Milchreis gesüßt, mit Milch 3,5 % Fett und Fruchtmischung",X,126,3.89,21.5,2.5,0.9,8.34
W008000,"Brätblock dunkel, zur Rouladenherstellung",W,152,13.35,0.08,10.91,0.05,0
D7A1200,Biskuitplätzchen schokoliert,D,453,10.65,69.6,13.89,3.62,44.1
U121282,"Rind Kotelett (Rücken) tiefgefroren, gebraten ohne Fett (Pfanne)",U,166,29.12,0,5.532,0,0
U711282,"Schaf Filetmedaillon, tiefgefroren, gebraten ohne Fett (Pfanne)",U,156,31.38,0,3.44,0,0
X262612,Karottensalat (roh) mit Essigmarinade,X,125,0.69,4.97,10.6,2.2,4.89
X439163,Wildklößchen,X,187,16.68,1.72,12.51,0.2,0.37
X535163,"Kohlrabi gefüllt mit Hähnchenbrustfilet, Reis und Gemüse, überbacken",X,96,6.6,7,4.2,1.6,2.8
Y855043,Rote Grütze aus Fruchtsaft,Y,70,1.021,14.49,0.1,0.3,8.55
X216210,Kopfsalat mit Radieschen und Essigmarinade,X,126,1.02,1.6,12.34,1.1,1.5
X5A7000,Antipasti von gegrillter Paprika,X,104,1.036,5.7,7.9,2.268,5.7
G480252,"Speisezwiebel tiefgefroren, gedünstet",G,37,1.259,6.55,0.164,1.6,6.55
X553712,"Paprikaschoten gebacken, mit Bulgur-Gemüsefüllung",X,90,2.7,14,2,2.5,4.3
X446153,Karottensuppe,X,33,0.67,3.03,1.9,0.5,1.63
W380200,Reiswurst,W,203,9.54,12,12.9,0.33,0.05
Y813552,Hefeplinsen gebraten,Y,328,7.47,37,16.16,2.21,8.83
X465713,Grüne-Bohnen-Eintopf mit Gemüsebrühe und Kartoffeln,X,46,1.5,8,0.6,1.1,1.5
D770800,Kaffeegebäck (Quarkblätterteig),D,432,7.6,44.3,24.3,1.9,23.9
U861242,"Schaf Bug/Schulter, mager, tiefgefroren, geschmort ohne Fett",U,193,29.2,0,8.45,0,0
X422643,Fleischbrühe mit Teigwaren eifrei,X,21,1,3.44,0.3,0.2,0.11
Y894243,Schaumeierkuchen (Omelette souffle) gebraten,Y,253,9.3,19.99,14.9,0.19,17.54
W007000,"Brätblock mittel, zur Rouladenherstellung",W,162,13.01,0.08,12.2,0.05,0
X357613,Saure-Sahne-Dressing für Salat,X,113,2.81,5.7,8.4,0.2,5.7
Y516112,Hirschbraten ohne Sauce,Y,161,26.48,0.05,6.05,0.01,0.032
V420072,"Hähnchen Unterschenkel, mit Haut, mariniert, gegrillt",V,220,23.7,2.31,12.81,0.1,2.25
X493153,"Holundersuppe mit Apfel und Grießklößen, gebunden",X,75,1.87,11.8,1.38,2,9.86
T502282,"Blei/Brachsen/Brasse, tiefgefroren, gebraten ohne Fett (Pfanne)",T,112,19.71,0,3.72,0,0
S581800,Milchschokoladen-Riegel gefüllt mit Karamell-Waffel und Cerealien,S,464,5.1,59.7,20.4,2,43.1
V511282,"Rind Herz, tiefgefroren, gebraten ohne Fett (Pfanne)",V,176,24.81,0,8.492,0,0
Y991060,Vanillecremeeis mit Schlagsahne,Y,238,3.4,11.32,19.9,0.003,11.05
Y568223,Eingemachtes Huhn mit Grundsauce hell/weiß und saurer Sahne,Y,209,13.4,2,16.3,0.1,0.6
X567243,"Rote-Bete-Gemüse gedünstet, mit saurer Sahne",X,66,1.55,4.7,4.2,1.3,4.7
X462133,Gemüse-Eintopf mit Hammelfleisch,X,106,4.53,6,6.7,1.7,2
G994200,"Gemüsemischung asiatische Art, tiefgefroren",G,29,2,3.4,0.3,2,3.4
Y9A2040,"Tartufo, Vanilleeis im Schokoladenmantel (mit Alkohol)",Y,375,5,30,24.1,4.33,29
Y857540,Erdbeerschnee,Y,105,2.4,22.09,0.2,1.1,22.06
X270112,Fruchtsalat ungesüßt,X,56,0.77,10.9,0.4,2.2,9.67
X983062,Grießklöße,X,159,6.57,14.74,7.95,0.88,2.38
X1A1030,"Grüne-Bohnen-Salat (gegart) mit Steinpilzen, Parmaschinken und warmer Essigmarinade",X,75,4.1,3.7,4.2,2.8,2.32
V224142,"Reh Rücken, mariniert, geschmort ohne Fett",V,143,26.94,0.42,3.61,0.27,0.42
X742233,Eierteigwaren mit vier Käsesorten,X,196,8.2,18.97,9.5,1,0.942
X5B1100,"Gemüse-Kartoffel-Brei, mit Fenchel (ohne Salz, geeignet für Beikost)",X,81,1.15,7.11,4.928,2,2.69
X443812,Karotten im Backteig (mit Bier) frittiert,X,231,5,20.79,13.31,3.2,4.364
X663213,Kartoffelpudding,X,157,6.7,10.77,9.39,0.9,0.65
Y870253,Vanillecreme einfach,Y,146,5.2,16.04,6.74,0.039,11.82
X5A1000,"Gemüsebratlinge vegan, gebraten",X,152,2.2,12,9.9,3,3.1
X492143,"Kirschkaltschale/Kirschsuppe, gebunden mit Stärke",X,66,0.671,15.1,0.222,1.1,13.14
X556142,"Tomatengemüse gedünstet, mit Rosmarin und Salbei",X,47,1.17,4.37,2.26,1.5,3.59
T412282,"Buckellachs tiefgefroren, gebraten ohne Fett (Pfanne)",T,145,24.9,0,5,0,0
X060030,"Baguette-Brötchen mit Salami, Tomaten und Salatcreme",X,198,7,28,5.8,2.5,2.5
H900900,"Bohnen weiß, in Tomatensoße, Konserve",H,94,5.08,12.88,1.33,4.1,3.48
N500500,"Kaffeeersatz (Getränk) mit Kondensmilch 7,5 % Fett und Zucker",N,17,0.279,3.026,0.25,0.515,2.242
X423153,Fleischbrühe mit Gemüse und Reis,X,24,1,4,0.3,0.6,0.6
U891232,"Schaf Hinterhaxe, mager, tiefgefroren, gekocht",U,169,32.3,0,4.47,0,0
Y813162,Savarin (getränkt mit Fruchtsaft),Y,283,7.9,37,10.89,2.14,11.37
X813113,"Kaiserreis (Milchreis gesüßt, mit Sahne und Sauerkirschen)",X,138,2.96,14.8,7.27,0.7,6.69
W981700,"Haselnusspastete mit Mürbeteig, gebacken",W,312,16.79,7.9,23.39,1.5,0.503
W850400,Burgunder Schinken in Aspik,W,124,25.8,0.013,2.3,0.044,0.008
S561500,"Zartbitter-/Halbbitterschokolade, gefüllt mit Marzipan",S,474,7.31,43.38,28.6,7.13,41.96
X491163,Apfelkaltschale/Apfelsuppe,X,51,0.232,11,0.3,1.16,10.37
G710282,"Bohne grün, tiefgefroren, gebraten ohne Fett (Pfanne)",G,33,2.2,4.2,0.307,2.414,2.75
N500400,"Kaffeeersatz (Getränk) mit Kondensmilch 7,5 % Fett",N,10,0.284,1.249,0.254,0.525,0.451
B521200,Roggenbrötchen mit Schinkenspeck,B,270,8.49,48,2.9,8.76,0.822
W984100,"Kalbfleischpastete mit Schweinefleisch und Mürbeteig, gebacken",W,217,18.23,7.32,12.58,0.61,0.08
X321163,Tomatensauce aus Tomatenmark,X,107,0.5,2.3,10.4,0.8,2.3
U541272,"Schwein Schnitzel (Oberschale) tiefgefroren, gegrillt",U,137,28.8,0,2.388,0,0
X7A1020,"Spaghetti Aglio e olio (Teigwaren eifrei, mit Knoblauch und Öl)",X,189,5.1,26.41,6.6,1.6,0.86
W332000,Gekochte Zwiebelwurst,W,314,17.55,0.17,27,0.09,0
D9A2100,Vollkornhefeteig süß gebacken,D,317,9.77,44,9.6,7.42,7.6
G994162,"Gemüsemischung asiatische Art, gebacken",G,35,2.4,4.2,0.4,2,4.2
S466000,"Haselnusskerne gebrannt, dragiert",S,533,7.638,51.6,30.36,3.7,43.6
G322282,"Grünkohl tiefgefroren, gebraten ohne Fett (Pfanne)",G,88,6.899,5.5,1.11,13.91,4.379
X238310,Weißkrautsalat (roh) mit Essigmarinade,X,98,1.14,3.75,7.98,2.5,3.63
N253000,"Fruchtsaftgetränk mit Süßungsmitteln, angereichert mit Vitaminen",N,2,0.042,0.4,0,0.016,0.4
X6A1020,"Süßkartoffeln und Broccoli gedünstet, mit gekochtem Rindfleisch und Grundsauce hell/weiß",X,115,8.77,8.4,4.7,2,2.2
T410282,"Lachs tiefgefroren, gebraten ohne Fett (Pfanne)",T,208,23.63,0,12.6,0,0
U011172,"Rind Hackfleisch, gegrillt",U,303,26.2,0,22.01,0,0
X536063,"Rosenkohl gedünstet, mit zerlassener Butter",X,89,3.27,1.84,6.8,3.1,1.35
X720912,"Teigwaren eifrei, gebraten mit Ei",X,159,7.8,19.85,5.1,1.04,0.69
X356250,Quark-Meerrettich-Dressing,X,64,8.21,4.06,1.1,0.25,3.85
X201600,Gemischter Salat mit Joghurtmarinade,X,47,2,2.8,2.6,1.2,2.6
W881500,Thüringer Rotwurst Konserve,W,191,20.58,0.37,11.9,0.1,0.13
Y845453,Apfel im Schlafrock (Mürbeteig) gebacken,Y,248,4.5,30.7,11.1,3.3,16
U065200,"Schwein Brät, tiefgefroren",U,268,12.49,0.09,24.13,0.05,0
N250000,Fruchtsaftgetränk Zitrusfrüchte,N,41,0.119,9.975,0,0.049,9.975
V475262,"Gans Schenkel tiefgefroren, gebraten ohne Fett (Ofen)",V,203,25.62,0,11.12,0,0
X548443,Zwiebeln überbacken,X,123,4.348,5.98,8.6,1.4,5.98
W193000,Kabanossi/Peperoni,W,329,21.27,0,27.13,0,0
X462743,"Schusterpfanne auf Köthener-Art (mit Kartoffeln, Schweinenacken und Birnen) gebacken",X,99,6.22,8.48,4.3,0.9,1.73
Y710362,Spiegelei gebraten mit Schinkenspeck,Y,201,16.19,0.46,14.91,0,0.44
Y562133,"Hähnchenbrustfilet gebraten, mit Schmorgurken",Y,141,14.61,1.69,8.21,0.6,1.68
T417282,"Wildlachs tiefgefroren, gebraten ohne Fett (Pfanne)",T,208,23.63,0,12.6,0,0
N500300,"Kaffeeersatz (Getränk) mit Milch 3,5 % Fett und Zucker",N,14,0.19,2.84,0.12,0.515,2.06
V250282,"Wildschwein Fleisch, tiefgefroren, gebraten ohne Fett (Pfanne)",V,214,28.07,0,11.27,0,0
D4A3000,Käsekuchen ohne Boden,D,183,10,18.6,7.3,0.3,16.4
T900382,Meeresfrüchtemischung gebraten ohne Fett (Pfanne),T,82,16.53,0,1.71,0,0
T306252,"Heilbutt/Weißer Heilbutt, tiefgefroren, gedünstet",T,119,17.53,0,5.42,0,0
T411222,"Lachs tiefgefroren, pochiert",T,187,19.9,0,11.95,0,0
Y421012,"Hammelkotelett natur, gebraten",Y,462,18.94,0.06,42.8,0.01,0.05
T730272,"Hummer tiefgefroren, gegrillt",T,119,23.26,0,2.836,0,0
D430500,Nusskuchen (Rührmasse),D,520,9.02,31.8,39,3,18
U882262,"Schaf Keule, mittelfett, tiefgefroren, gebraten ohne Fett (Ofen)",U,219,25.2,0,13.1,0,0
X213510,Eisbergsalat mit Essigmarinade,X,71,0.7,1.66,6.4,1.6,1.65
X426153,Ochsenschwanzsuppe klar,X,103,8.9,1.3,6.6,1.1,1.3
W395000,Leberpastete,W,316,14.2,0.5,28.6,0.1,0.13
U852242,"Schaf Brust, mittelfett, tiefgefroren, geschmort ohne Fett",U,242,29.1,0,14,0,0
X167512,Rote-Bete-Salat (gegart) mit Essigmarinade,X,128,1.47,5.16,10.65,1.8,5.15
Y644112,Renke pochiert (ohne Sauce),Y,86,14.92,0.142,2.5,0.011,0.142
X215240,Kopfsalat mit Essigmarinade,X,170,0.94,1.2,17.45,0.9,1.2
X434543,Semmelklößchen,X,317,9.02,19.06,22.33,1.63,1.76
W395100,Leberpastete mit Champignons,W,318,14.2,0.8,28.6,0.4,0.1
X4A9010,Weißkohl-Eintopf,X,68,1.4,5.9,3.7,2.6,5.8
V311262,"Fasan Fleisch, mit Haut, tiefgefroren, gebraten ohne Fett (Ofen)",V,188,33.78,0,5.904,0,0
Y662032,Schwertfisch pochiert (ohne Sauce),Y,90,15.87,0.161,2.7,0.012,0.161
B551800,Weizenmischbrötchen mit Zwiebeln,B,296,8.8,55,3.1,6,2.1
E811032,"Frischteigwaren eifrei, gekocht",E,82,3.6,12.87,1.55,0.9,0.33
U231242,"Rind Hals/Kamm/Nacken, tiefgefroren, geschmort ohne Fett",U,186,25.85,0,9.2,0,0
M2L2200,"Trinkjoghurt fettarm, mind. 1,5 % bis max. 1,8 % Fett, mit Fruchtzubereitung, gesüßt",M,80,3.612,12.8,1.273,0.2,11.7
T931200,"Seelachs paniert, tiefgefroren",T,175,15,14.59,6.04,1.02,0.83
W237062,"Fleischkäse fettreduziert, gebraten ohne Fett (Ofen)",W,156,21.07,0.19,7.81,0.11,0
X359540,"Rotweinmarinade, Salatsauce",X,99,0.41,8.2,5.48,0.4,8.11
X536143,"Rosenkohl gedünstet, mit Kochschinken",X,58,6.23,1.77,2.04,3.3,1.26
G650242,"Schwarzwurzel tiefgefroren, geschmort ohne Fett",G,74,1.745,10.5,0.54,6,4.8
X464643,Grüne Erbsensuppe mit Grießklößchen,X,78,4.6,9.95,1.4,3.3,1.27
U065132,"Schwein Brät, gekocht",U,236,13.21,0.09,20.25,0.06,0
U025182,"Schwein Frikadelle, gebraten ohne Fett (Pfanne)",U,253,16.86,5,18.25,0.7,0.8
Y8D5010,Tiramisu (ohne Ei) mit Likör,Y,313,5.4,30,18.2,1.16,21
X9A3020,"Blätterteigtaschen mit Lachs-Schmandfüllung, gebacken",X,352,11.02,15.9,26.7,1.15,1
Y883140,Quark-Mokka-Creme,Y,289,6.3,18.7,20.5,1.6,18.3
G470282,"Porree/Lauch, tiefgefroren, gebraten ohne Fett (Pfanne)",G,54,1.4,9,0.441,3.8,6.8
X365563,Aprikosensauce von frischen Früchten,X,54,0.5,11.76,0.1,0.995,10.44
S539700,Vollmilchschokolade mit Rosinen und Haselnüssen,S,521,6.5,50.2,31.7,3.4,49.6
Y725153,"Rührei gebraten, mit Räucherlachs",Y,193,15.35,0.32,14.4,0.1,0.31
X497143,"Weinsuppe gesüßt, gebunden mit Stärke",X,35,0.066,5.97,0,0.026,3.3
Y261422,"Kalbsbrust gedünstet, mit Grundsauce dunkel/braun",Y,198,13.95,2.78,14.4,0.4,0.66
W224000,Münchner Weißwurst,W,292,11.7,0.08,27.23,0.08,0
X2A1130,Rotkohlsalat (roh) mit Essigmarinade,X,93,1.25,3.47,7.62,2.1,3.38
X0A3010,"Knuspermüsli (Granola) gesüßt, mit Joghurt 3,5 % Fett und Fruchtmischung",X,123,4.6,12.8,5.2,1.9,7.5
Y841443,Aprikosenkompott,Y,61,0.7,13.14,0.109,1.284,12.48
N0A1000,"Nearwater/Aqua Plus Getränk, mit Fruchtsaft, aromatisiert, gesüßt",N,18,0.008,4.4,0.007,0,4.3
X358240,Sahne-Dressing für Salat,X,127,2.01,3.4,10.9,0.07,3.4
B723600,Laugengebäck mit Käse und Schinkenspeck,B,276,9.3,50,3.41,3.48,1.4
P9A7110,"Cocktail, Mojito",P,52,0.031,3.498,0,0.009,3.498
Y841953,Erdbeerkompott,Y,61,0.708,12.29,0.345,1.7,12.01
U622262,"Schwein Kotelett (Rücken/cranial) tiefgefroren, gebraten ohne Fett (Ofen)",U,203,26.63,0,10.75,0,0
W205000,Knackwürstchen fettreduziert,W,116,15.44,0.13,5.9,0.08,0
X3A3020,Zucchini-Auberginensauce von heller/weißer Grundsauce,X,84,0.8,3,7.5,0.7,1.4
D9A1100,"Vollkornblätterteig eifrei, gebacken",D,533,6.45,31.21,41.16,6.2,0.3757
X6A5000,Kartoffelteig (aus gekochten Kartoffeln) roh,X,112,3.83,21.09,0.87,2.27,0.586
E612032,"Teigwaren eifrei, glutenfrei, gekocht",E,143,3.659,28.4,0.965,3.201,0.45
N272000,Karottensaftschorle,N,11,0.315,1.858,0.16,0.2,1.818
Y870363,Schokoladencreme abgeschlagen (mit Gelatine) mit Rum,Y,247,5.5,17.7,16.4,0.82,17.4
V481232,"Pute Fleisch, ohne Haut, tiefgefroren, gekocht",V,121,26.36,0,1.7,0,0
Y893062,Honigpfannkuchen gebraten,Y,321,6.81,43,12.87,2.6,9.55
T604252,"Katfisch/Steinbeißer, tiefgefroren, gedünstet",T,75,14.11,0,2.03,0,0
T307282,"Schwarzer Heilbutt tiefgefroren, gebraten ohne Fett (Pfanne)",T,173,14.77,0,12.7,0,0
V417262,"Hähnchen Flügel, mit Haut, tiefgefroren, gebraten ohne Fett (Ofen)",V,226,24.77,0,14.13,0,0
W273500,Schinkenroulade,W,173,15.75,0.08,12.21,0.08,0.03
W415072,"Schwein Frühstücksspeck, Rohpökelware, geräuchert, gegrillt",W,337,19.12,0.561,28.69,0,0.561
X986143,"Polenta (Maisbrei zubereitet mit Wasser, Rapsöl und Salz) gebacken",X,128,1.913,13.88,6.781,2.08,0.307
U331282,"Kalb Steak (Rücken) tiefgefroren, gebraten ohne Fett (Pfanne)",U,142,27.87,0,3.348,0,0
Y0A2060,"Hackfleischteig roh (für Frikadellen, Buletten, Fleischklopse/-küchle/-pflanzerl)",Y,216,15.58,3.59,15.36,0.4,0.7
N312000,Limonade mit höherem Fruchtsaftgehalt,N,37,0.121,8.9,0,0.054,8.9
V489082,"Pute Brust, ohne Haut, mariniert, gebraten ohne Fett (Pfanne)",V,178,30.46,2.35,5.14,0.1,2.29
U291242,"Rind Hinterhesse, tiefgefroren, geschmort ohne Fett",U,177,28.7,0,6.9,0,0
V050282,"Schnecken tiefgefroren, gebraten ohne Fett (Pfanne)",V,73,15.5,0,1.227,0,0
B254072,Weizenmischtoastbrot getoastet,B,297,9.3,54,3.37,6.32,1.7
C556000,"Weizenglutenfertigmischung, Trockenprodukt",C,404,72.7,14.3,5.6,2.4,14.3
B255500,Weizenmischbrot mit Zwiebeln,B,214,6.69,40,1.61,6.1,1.17
F921900,"Apfelkompott/Apfelmus, gezuckert, Konserve",F,86,0.22,20.32,0.1,1.827,19.2
T792182,"Miesmuschel gekocht, gebraten ohne Fett (Pfanne)",T,67,10.52,0,2.746,0,0
X444913,Spargelsuppe,X,43,1.2,3.31,2.7,0.4,1.21
Y273012,"Kalbsleber gebraten, mit gebratenen Zwiebeln",Y,118,13.83,9.25,2.59,0.9,2.9
W881300,Hausmacher Blutwurst Konserve,W,322,15.37,0.36,28.81,0.1,0.23
X201840,Gurkensalat mit Essigmarinade,X,98,0.87,1.61,9.43,0.8,1.6
T020272,"Tintenfisch tiefgefroren, gegrillt",T,107,23.55,0,1.46,0,0
S210700,"Speiseeis (Schokolade, Vanille) gemischt, in Waffeltüte",S,226,3.39,27.8,10.75,1.5,21.1
X992163,Couscous (mit Fett und Salz),X,179,5.093,30.02,3.645,2.688,0.4628
X539043,"Wirsing gedünstet, mit Sahne",X,80,2.28,3.6,5.7,2.2,3.1
T793272,"Pilgermuschel/Jakobsmuschel, tiefgefroren, gegrillt",T,93,22.82,0,0.149,0,0
X8A1090,"Sushi vegan, gefüllt mit Gemüse",X,97,2.3,16.8,1.88,1.4,0.83
X4A1010,Bouillon (Fleischbrühe) mit Ei,X,29,1.5,0.02,2.5,0,0.02
W142000,Salami Ia,W,410,21.17,0.18,36,0.1,0
V464232,"Ente Fleisch, mit Haut, tiefgefroren, gekocht",V,204,24.68,0,11.73,0,0
D660100,Makronen/Mandelmakronen,D,433,12.3,46.59,20.9,4.5,46.48
S201300,"Speiseeis (Nuss, Schokolade) gemischt, in Waffeltüte",S,245,3.81,29.5,11.86,2.1,22.8
U863262,"Schaf Bug/Schulter, fett, tiefgefroren, gebraten ohne Fett (Ofen)",U,351,23.3,0,28.6,0,0
T501232,"Karpfen tiefgefroren, pochiert",T,107,15.88,0,4.88,0,0
Y872160,Erdbeercreme (mit Gelatine),Y,154,2.2,9.605,11.45,1,9.574
V487262,"Pute Flügel, mit Haut, tiefgefroren, gebraten ohne Fett (Ofen)",V,278,30.9,0,17.1,0,0
X530343,Sauerkraut mit Apfel gedünstet,X,33,0.72,3,0.99,2.6,2.63
X870443,Reisauflauf gesüßt,X,168,5.34,24.3,5.27,0.7,5.84
W223172,Geflügelbratwurst gegrillt,W,215,12.85,0.1,18.11,0.05,0
U872262,"Schaf Vorderhaxe, mittelfett, tiefgefroren, gebraten ohne Fett (Ofen)",U,219,25.2,0,13.1,0,0
U511282,"Schwein Filetmedaillon, tiefgefroren, gebraten ohne Fett (Pfanne)",U,144,28.87,0,3.17,0,0
D6A5000,Honigkuchen schokoliert,D,392,6.7,65.4,10.6,4.1,39
Y184212,Rindfleisch gedünstet (mit Fett und Salz),Y,155,17.6,1.2,8.6,0.9,1.2
Y860840,Vanillebuttercreme,Y,578,2,36.92,46.91,0,36.92
X518133,Leipziger Allerlei gedünstet,X,75,2.5,6.36,3.7,2.7,3.01
X455243,Brotsuppe (Schwarzbrot) aufgebrüht mit Gemüsebrühe,X,43,0.9,5.06,2,0.7,1.18
V990162,"Geflügel Frikadelle, gebraten ohne Fett (Ofen)",V,113,16.7,4,3.2,0.6,0.6
Y849912,"Pflaumenkompott/Zwetschgenkompott, mit Süßstoff",Y,39,0.24,8.68,0.138,1.4,6.57
Y882410,Quark (Magerstufe) mit Konfitüre,Y,90,10.3,11,0.2,0.2,11
X5B1140,"Gemüse-Kartoffel-Brei, mit Zucchini (ohne Salz, geeignet für Beikost)",X,75,1.1,6,4.97,0.9,2.2
W171300,Touristenwurst (Rohwurst),W,455,19.93,0.18,41.61,0.1,0
X562053,"Karotten/Möhren, gekocht, mit Grundsauce hell/weiß",X,45,0.83,5.63,1.6,2.2,4.67
G620282,"Karotte/Möhre, tiefgefroren, gebraten ohne Fett (Pfanne)",G,74,1.389,11.98,0.78,5.7,11.8
X810613,"Reisbrei gesüßt, mit Milch 3,5 % Fett",X,129,5,14.4,5.66,0.3,5.55
G090182,"Gemüsemischung Kaisergemüse, gebraten ohne Fett (Pfanne)",G,55,3.446,6.9,0.637,4.3,4.89
V512242,"Kalb Herz, tiefgefroren, geschmort ohne Fett",V,175,27.18,0,7.36,0,0
X4A9020,"Wirsing-Eintopf mit Gemüsebrühe, Kartoffeln und Karotten",X,40,1.66,6,0.7,1.5,2.9
G880402,"Bohne grün, milchsauer fermentiert, abgetropft",G,23,1.905,2.6,0.205,1.662,1.72
Y715142,Eier mit Käse überbacken,Y,155,8.17,4.35,11.6,0.2,2.04
X5B1160,"Gemüse-Süßkartoffel-Brei, mit Karotte, Pastinake (ohne Salz, geeignet für Beikost)",X,101,1.25,11.2,5.151,2,4.7
X573212,Bleichsellerie gekocht (mit Fett und Salz),X,78,1.232,1.6,6.8,2.57,1.5
V634282,"Hähnchen Leber, tiefgefroren, gebraten ohne Fett (Pfanne)",V,159,24.36,1.765,6.1,0,0
S570700,Bitterschokolade gefüllt mit Fruchtcreme,S,522,6.49,43.1,34.15,7.5,40
W866000,Ochsenschwanz in Gelee,W,192,23.8,0,10.8,0,0
T020282,"Tintenfisch tiefgefroren, gebraten ohne Fett (Pfanne)",T,87,19.12,0,1.22,0,0
X561053,"Kohlrüben/Steckrüben, gedünstet, in Grundsauce hell/weiß",X,52,1.07,2.55,3.7,1.94,1.1
R9A2100,Nusssahne für Gebäck/Torten,R,348,5.2,10,31.6,1.1,9.9
Y662233,Schwertfisch gedünstet (mit Fett und Salz),Y,119,16,0.28,5.9,0,0.28
X378243,Malteser Sauce,X,368,3.3,2.67,38.1,0.062,2.67
S220400,"Speiseeis (Kaffee, Schokolade, Vanille) gemischt",S,199,3.5,23.1,9.9,1,20.13
U693272,"Schwein Hintereisbein/Hinterhaxe, tiefgefroren, gegrillt",U,282,26.1,0,19.73,0,0
S420000,Marzipan,S,407,4,68.6,12.4,2.494,68.54
U852232,"Schaf Brust, mittelfett, tiefgefroren, gekocht",U,239,28.6,0,13.8,0,0
X1A9020,Meeresfrüchte-Cocktail mit Essigmarinade,X,140,15.29,0.05,8.64,0,0.04
F516700,Mangonektar,F,51,0.2,12.2,0.126,0.1,12.2
X431340,"Schneeklößchen gesüßt, Suppeneinlage",X,175,7.2,36.45,0,0.002,36.45
X820753,Reis mit gebratenen Zwiebeln,X,101,2.344,21,0.587,1.1,2.4
X411713,Fleischbrühe mit Grießklößchen,X,32,1.67,3.41,1.3,0.25,0.29
X526162,Chicoree gedünstet (mit Fett und Salz),X,55,1.63,1,4.6,0.9,0.76
T617252,"Schafskopf (Meerbrasse) tiefgefroren, gedünstet",T,93,18,0,2.3,0,0
Y021312,Bratwurst gebraten,Y,252,12.59,0.09,22.31,0.05,0
U010162,"Rind Hackfleisch, gebraten ohne Fett (Ofen)",U,281,26.97,0,19.28,0,0
U861262,"Schaf Bug/Schulter, mager, tiefgefroren, gebraten ohne Fett (Ofen)",U,176,26.7,0,7.73,0,0
U271232,"Rind Vorderhesse, tiefgefroren, gekocht",U,149,24.9,0,5.445,0,0
W214000,Delikatesswürstchen,W,163,12.52,0.08,12.53,0.05,0
X820353,Reis mit gedünsteter Paprika,X,110,2.293,21.6,1.303,1,1.15
U541282,"Schwein Schnitzel (Oberschale) tiefgefroren, gebraten ohne Fett (Pfanne)",U,144,31.02,0,2.235,0,0
W415082,"Schwein Frühstücksspeck, Rohpökelware, geräuchert, gebraten ohne Fett (Pfanne)",W,310,18.73,0.573,25.91,0,0.573
V474232,"Gans Fleisch, mit Haut, tiefgefroren, gekocht",V,260,20.19,0,19.93,0,0
X372012,Pesto verde,X,542,6.7,0.7,56.5,2.1,0.7
X548812,Zwiebelringe im Backteig (mit Bier) frittiert,X,226,5.1,20.18,13.12,2.2,4.48
W151000,Mettwurst,W,349,22.85,0.18,28.51,0.1,0
X810333,"Milchreis gesüßt, mit Milch 3,5 % Fett und Beerenmischung",X,113,3.8,18.1,2.4,1.5,5.6
S143000,Maronenkrem,S,247,1.112,57.33,0.737,3.281,47.17
W238032,"Geflügelfleischkäse mit Schweinefleisch, gekocht",W,150,15.06,0.1,9.9,0.06,0
X5B1020,"Gemüse-Kartoffel-Fleisch-Brei, mit Karotte und Rindfleisch (ohne Salz, geeignet für Beikost)",X,92,3.532,7.576,4.822,1.6,3.819
U133182,"Rind Steak (Rücken) mariniert, gebraten ohne Fett (Pfanne)",U,172,26.48,0.19,7.11,0.3,0.19
X323253,Zwiebelsauce von heller/weißer Grundsauce,X,63,0.92,4.17,4.5,0.5,1.92
Y8A4140,"Vanilleflammeri/Vanillepudding, mit Ei",Y,127,4.8,16.64,4.54,0.062,9.92
X0A2010,"Frischkornbrei ungesüßt, mit Joghurt 3,5 % Fett und Fruchtmischung",X,87,3.54,11.8,2.2,2,4.1
Y790340,Senfbutter,Y,590,3.9,0.9,63.18,0.7,0.87
W982600,"Getrüffelte Zungenpastete mit Champignons und Mürbeteig, gebacken",W,236,14.59,7.84,16.03,1.2,0.211
Y840853,Birnen im Sud gekocht,Y,67,0.332,15.28,0.3,3,12.02
G090142,"Gemüsemischung Kaisergemüse, geschmort ohne Fett",G,40,2.512,5.1,0.465,3.2,3.61
X437343,Leberklößchen mit Semmelbröseln,X,244,13.47,13.19,15,1,1.55
C353182,"Wildreis gekocht, gebraten ohne Fett (Pfanne)",C,149,5.398,30.17,0.371,1.6,0.3
V464242,"Ente Fleisch, mit Haut, tiefgefroren, geschmort ohne Fett",V,213,26.02,0,12.09,0,0
C352082,"Reis poliert, gekocht, gebraten ohne Fett (Pfanne)",C,124,3.51,26.4,0.37,0.65,0.1
W171200,Krakauer roh,W,332,23.27,0,26.56,0.14,0
Y810242,Apfelklöße,Y,196,5.72,29,5.8,2.31,6.28
U025172,"Schwein Frikadelle, gegrillt",U,288,18.98,5,21.23,0.7,0.8
D790300,Kekse/Plätzchen (Vollkornmürbeteig) schokoliert,D,528,6.95,52.5,30.85,6.3,28.7
X565043,Schwarzwurzeln gekocht,X,56,1.26,7.7,0.4,5,3.6
X365443,Hagebuttensauce aus Konfitüre,X,183,0.3,44.5,0.1,0.7,43.4
S243400,"Speiseeis (Karamell, Schoko, Vanille) gemischt",S,204,3.4,24.69,9.81,0.92,21.65
X521053,"Spinat gedünstet, in Grundsauce hell/weiß",X,32,2.04,1.78,1.5,1.7,0.83
X494143,"Hagebuttensuppe mit Apfel, gebunden mit Stärke",X,48,0.657,9.6,0.2,1.3,8.713
D705300,"Apfelküchlein/Apfelringe im Ausbackteig, frittiert",D,197,3.5,17.9,11.9,2.04,6.1
V435232,"Suppenhuhn Schenkel, mit Haut, tiefgefroren, gekocht",V,226,22.5,0,15.09,0,0
U432232,"Kalb Hals/Nacken/Kamm, tiefgefroren, gekocht",U,135,27.26,0,2.85,0,0
X571153,"Grüne Bohnen gekocht, in Grundsauce hell/weiß",X,34,1.85,3.6,1.1,1.5,2.06
X0A3030,"Knuspermüsli (Granola) gesüßt, mit Sojadrink und Fruchtmischung",X,142,4.7,16.5,5.4,3.7,8
Y993540,Vanillesahneeis mit heißer Schokoladensauce,Y,182,4,14.1,12.03,0.29,11.04
U892232,"Schaf Hinterhaxe, mittelfett, tiefgefroren, gekocht",U,259,29.8,0,15.5,0,0
Y845312,Pfirsichkompott zuckerreduziert,Y,47,0.6,10.16,0.095,1.5,9.27
G311262,"Blumenkohl tiefgefroren, gebacken",G,46,1.8,7.92,0.438,4.5,3.22
X9A2030,"Getreide-Obst-Brei, mit Apfelmus ungesüßt und Haferflocken (geeignet für Beikost)",X,71,1.443,10,2.283,2.002,4.451
V614282,"Hähnchen Herz, tiefgefroren, gebraten ohne Fett (Pfanne)",V,270,27.89,0,17.66,0,0
W520032,Corned Beef gekocht,W,138,22.45,0.29,5.172,0.1,0
V417242,"Hähnchen Flügel, mit Haut, tiefgefroren, geschmort ohne Fett",V,185,21.9,0,10.86,0,0
E612132,"Eierteigwaren glutenfrei, gekocht",E,140,3.173,28,1.417,1.183,0.18
G720252,"Wachsbohne tiefgefroren, gedünstet",G,31,2.4,4,0.2,2.234,2.54
U382232,"Kalb Kochfleisch (Brust) tiefgefroren, gekocht",U,231,23.89,0,14.99,0,0
G710042,"Bohne grün, tiefgefroren, geschmort ohne Fett",G,32,2.1,4.2,0.3,2.386,2.71
Y861653,"Vanillepudding, Flammeri, zubereitet aus Pulver und Milch 3,5 % Fett",Y,107,3.27,16.14,3.2,0.051,10.66
V484262,"Pute Fleisch, mit Haut, tiefgefroren, gebraten ohne Fett (Ofen)",V,221,29.63,0,11.33,0,0
Y8A4130,Vanilleflammeri/Vanillepudding (als Dessert) mit Schokoladensauce,Y,137,4.4,17.6,5.35,0.2,10.87
T415282,"Königslachs tiefgefroren, gebraten ohne Fett (Pfanne)",T,208,23.63,0,12.6,0,0
Y841543,Mirabellenkompott,Y,86,0.449,20.39,0.1,1,18.84
X2A1110,Rote-Bete-Salat (roh) mit Joghurtmarinade,X,60,1.98,7.7,1.73,2.1,7.35
C351082,"Reis unpoliert, gekocht, gebraten ohne Fett (Pfanne)",C,137,3.198,28.01,0.976,1.5,0.28
X330563,Sahnesauce von dunkler/brauner Grundsauce,X,97,1.24,5.34,7.7,0.38,0.302
B314272,"Mehrkorntoastbrot mit Ölsamen, getoastet",B,343,11.68,56,6.83,5.6,2
X445863,Kürbiscremesuppe,X,69,0.95,4,5.2,1.3,3.1
X567053,"Rote-Bete-Gemüse süß/sauer, gedünstet",X,60,1.28,5.26,3.3,1.4,5.26
S156000,Birnendicksaft,S,272,1.165,67.8,1.001,1.3,55.8
U881262,"Schaf Keule, mager, tiefgefroren, gebraten ohne Fett (Ofen)",U,163,30.2,0,4.73,0,0
D314600,Pfirsichtorte (Biskuit) mit Klarguss (ohne Sahne/Creme),D,87,2.3,16.56,1.08,1.1,11.3
U471200,"Kalb Haxe, tiefgefroren",U,118,19.3,0,4.51,0,0
W872500,"Jagdwurst/Schinkenwurst grob, Konserve",W,152,14.46,0.08,10.46,0.05,0
V487232,"Pute Flügel, mit Haut, tiefgefroren, gekocht",V,152,20.7,0,7.7,0,0
T122282,"Weißer Thun tiefgefroren, gebraten ohne Fett (Pfanne)",T,143,32.3,0,1.54,0,0
X4A8030,Kichererbsen-Eintopf,X,62,2.6,6,2.5,2.2,1.7
X453023,Brühreis mit Hühnerfleisch,X,171,9.16,20.7,5.6,0.7,0.36
X640053,Kartoffelgratin,X,128,3.42,15,5.77,1.14,1.75
G311242,"Blumenkohl tiefgefroren, gedämpft",G,33,1.3,5.62,0.311,3.2,2.28
X455013,"Brotsuppe (Weißbrot) mit Gemüsebrühe, Tomaten, Champignons und Käse",X,74,2.8,5.9,4.2,0.7,1.4
Y867112,Erdbeer-Carpaccio (mit Weißwein),Y,54,0.737,9.38,0.31,1.6,9.29
Y063023,Leberpastete/Leberpudding,Y,196,15.91,6,12,0.3,0.5
X461913,Linsen-Eintopf mit Suppengemüse und Kartoffeln,X,122,6.84,16.2,2,5.6,1.7
S622000,Pralinen gefüllt mit Marzipan,S,474,7.31,43.38,28.6,7.13,41.96
X531413,Blumenkohl gratiniert,X,90,5.6,5.4,4.9,2.5,2.8
Y231233,"Kalbskotelett gebraten, mit Sahnesauce",Y,140,19.75,0.313,6.6,0,0.313
U421262,"Kalb Rücken, tiefgefroren, gebraten ohne Fett (Ofen)",U,134,27.11,0,2.832,0,0
G346152,Weinsauerkraut gedünstet,G,22,1.093,0.99,0.301,2.076,0.77
X4A3000,Gemüsesamtsuppe,X,44,0.94,4,2.5,0.8,2
Y179222,"Ochsenzunge paniert, gebraten",Y,274,16.38,7.29,19.74,0.56,0.43
X572812,Fenchel gekocht (mit Fett und Salz),X,74,1.295,3.13,5.5,3,2.73
V413232,"Hähnchen Fleisch, ohne Haut, tiefgefroren, gekocht",V,128,23.3,0,3.9,0,0
Y731163,"Omelett gebraten, gefüllt mit gedünsteten Champignons",Y,163,9.09,2.1,13.15,1,0.7
U724072,"Schaf Kotelett, mariniert, gegrillt",U,421,19.22,0.47,37.96,0.29,0.47
X2A1000,Chinakohlsalat mit Essigmarinade,X,107,1.39,1.34,10.17,1.3,1.23
G992162,"Gemüsemischung Erbsen-Karotten, gebacken",G,76,4,11.04,0.518,4.7,4.514
S465000,"Mandeln gebrannt, dragiert",S,472,10.3,51.4,21.9,6.4,43.5
Y637332,Heilbuttfilet gegrillt,Y,240,23.74,0.187,15.8,0.015,0.187
U642262,"Schwein Bauch (wie gewachsen) tiefgefroren, gebraten ohne Fett (Ofen)",U,364,22.77,0,30.34,0,0
V438282,"Suppenhuhn Innereien, tiefgefroren, gebraten ohne Fett (Pfanne)",V,240,27,0,14.62,0,0
G450152,Spargel gedünstet,G,33,2.269,4.6,0.18,1.7,4.4
U642372,"Schwein Bauch (wie gewachsen) mariniert, gegrillt",U,434,21.95,0.14,38.32,0.3,0.13
X143242,Fenchelsalat (gegart) mit Essigmarinade,X,109,1.11,2.95,9.61,2.5,2.61
Y996510,Erdbeereis,Y,170,1.4,22.82,7.6,0.9,22.79
X558112,Zucchini-Sahnesauce,X,150,2,4,13.6,1.2,3.5
T209282,"Seehecht tiefgefroren, gebraten ohne Fett (Pfanne)",T,101,20.43,0,2.17,0,0
M241200,"Joghurt fettarm, mind. 1,5 % bis max. 1,8 % Fett, mit Fruchtzubereitung, gesüßt",M,88,3.368,14.72,1.366,0.2,13.87
G570272,"Zuckermais tiefgefroren, gegrillt",G,78,3.5,11.3,1.47,3.3,4.07
U371262,"Kalb Bratenfleisch (Bug) tiefgefroren, gebraten ohne Fett (Ofen)",U,120,27.5,0,1.092,0,0
N500800,Kaffeeersatz (Getränk) mit Alkohol,N,20,0.07,0.904,0.002,0.507,0.133
Y910130,Backkartoffeln mit Kräuterquark,Y,116,5.19,15.4,3.4,1.087,2.6
D079062,Pizzateig (mit Hefe) gebacken,D,300,7.89,51,6.26,3.88,1.141
S210400,"Speiseeis (Nuss, Schokolade, Vanille) gemischt, in Waffeltüte",S,230,3.39,27.6,11.35,1.6,21.5
V050232,"Schnecken tiefgefroren, gekocht",V,78,16.6,0,1.29,0,0
X656362,Berner Rösti gebraten,X,207,2.468,19.4,12.76,2.5,1.12
Y8A3020,Apfelkompott,Y,46,0.292,9.4,0.3,1.387,8.586
T603282,"Zander tiefgefroren, gebraten ohne Fett (Pfanne)",T,102,23.75,0,0.74,0,0
T780262,"Europäische Auster tiefgefroren, gratiniert ohne Fett (Ofen)",T,73,9.8,1.211,3.27,0,0
Y569533,"Hähnchenschenkel mariniert, gebraten, mit Curryjoghurtsauce",Y,262,16.97,3.3,19.88,0.2,1.48
Y855253,Stachelbeergrütze mit Schlagsahne,Y,126,0.765,23.34,2.916,1.859,17.05
E608032,Böhmische Knödel gekocht,E,199,7.21,25.33,7.27,1.7,1.83
T506282,"Wels tiefgefroren, gebraten ohne Fett (Pfanne)",T,139,17.1,0,7.8,0,0
X613143,Bechamelkartoffeln,X,79,2.16,11.37,2.5,1.3,1.54
G322252,"Grünkohl tiefgefroren, gedünstet",G,54,4.202,3.35,0.676,8.475,2.667
Y856163,Ananasgelee,Y,60,1.6,12.93,0.1,0.292,12
T020252,"Tintenfisch tiefgefroren, gedünstet",T,68,14.38,0,1.17,0,0
F3A3700,"Johannisbeernektar schwarz, mit Süßungsmitteln",F,14,0.31,2.5,0.044,0.1,2.5
X0A4000,"Haferflocken gesüßt, mit Joghurt 3,5 % Fett und Fruchtmischung",X,120,4.6,16.5,3.2,2.1,7.89
X810123,"Milchreis gesüßt, mit Milch 3,5 % Fett, Zucker und Zimt",X,142,4.83,23.2,3.18,0.6,6.45
Y373032,"Schweineleber gebraten, mit Grundsauce dunkel/braun",Y,123,12.22,4.88,6,0.32,0.01686
C492032,Mehrkornschrot gekocht,C,50,1.71,8.8,0.47,2,0.198
X570153,"Grüne Erbsen gekocht, in Grundsauce hell/weiß",X,80,4.8,10.38,1.2,4.1,1.14
X952133,"Haferflockenbrei gesüßt, mit Butter und Ei",X,137,6,12.3,6.83,1.298,6.07
X532263,"Broccoli gedünstet, mit Bechamelsauce",X,69,3.08,4.3,4,1.5,2.05
G093132,"Suppengrün/Suppenkraut, gekocht",G,31,2.019,3.3,0.314,3.3,3.2
D621300,Waffelkekse schokoliert,D,362,5.67,41.6,18.77,2.2,27.1
T406252,"Felchen/Maräne/Renke/Schnäpel, tiefgefroren, gedünstet",T,102,18.2,0,3.021,0,0
X321263,Tomatensauce aus frischen Tomaten,X,111,1.004,4.39,9.46,1.4,4.39
Y576133,"Ente gebraten im Ofen, mit Grundsauce dunkel/braun",Y,167,19.58,1.59,9.1,0.13,0.00581
V217242,"Hirsch Rücken, tiefgefroren, geschmort ohne Fett",V,140,26.81,0,3.66,0,0
U741272,"Schaf Schnitzel (Keule, mager) tiefgefroren, gegrillt",U,174,31,0,5.58,0,0
E632332,Dinkelvollkorneierteigwaren gekocht,E,125,5.17,21.56,0.99,4.51,0.271
V468242,"Ente Innereien, tiefgefroren, geschmort ohne Fett",V,210,26.6,0,11.51,0,0
U693232,"Schwein Hintereisbein/Hinterhaxe, tiefgefroren, gekocht",U,259,26.24,0,17.07,0,0
S580700,"Schokolade weiß, mit Haselnüssen",S,586,8.8,43.1,41.54,2.4,43.04
G490262,"Knoblauch tiefgefroren, gebacken",G,127,7.908,4,0.549,36.99,2.6
T792282,"Miesmuschel tiefgefroren, gebraten ohne Fett (Pfanne)",T,65,11.22,0,2.197,0,0
T615252,"Rotbarsch/Goldbarsch, tiefgefroren, gedünstet",T,84,13.7,0,3.3,0,0
Y853512,Rhabarberkompott mit Süßstoff,Y,18,0.542,1.229,0.126,2.893,1.021
Y995240,Pfirsich Melba,Y,170,2.2,16.5,10.4,0.6,16.2
T797162,"Venusmuschel gekocht, gratiniert ohne Fett (Ofen)",T,80,15,2,1.33,0,0
Y586113,"Gans gebraten im Ofen, mit Grundsauce dunkel/braun",Y,419,19.13,1.05,37.6,0.08,0.00391
Y614533,"Thunfischsteak mariniert, gegrillt",Y,184,25.3,0.02,9.16,0.159,0.013
G490282,"Knoblauch tiefgefroren, gebraten ohne Fett (Pfanne)",G,174,10.67,6,0.741,49.91,3.6
S221800,Frucht-Joghurteis,S,107,3.3,17.94,2.1,0.3,17.93
T502252,"Blei/Brachsen/Brasse, tiefgefroren, gedünstet",T,87,14.65,0,3.12,0,0
T612282,"Schwertfisch tiefgefroren, gebraten ohne Fett (Pfanne)",T,124,23.04,0,3.5,0,0
G480262,"Speisezwiebel tiefgefroren, gebacken",G,44,1.511,7.85,0.196,1.9,7.85
Y991240,Vanilleparfait (Halbgefrorenes),Y,328,3.6,28.7,22.04,0,28.7
U221262,"Rind Roastbeef (Rücken) tiefgefroren, gebraten ohne Fett (Ofen)",U,160,29.12,0,4.811,0,0
V485242,"Pute Keule, ohne Haut, tiefgefroren, geschmort ohne Fett",V,136,26.94,0,3.094,0,0
S467000,"Erdnusskerne gebrannt, dragiert",S,506,13.6,54.3,23.4,3.9,44.1
S241900,"Speiseeis Vanille, überzogen mit Schokolade und Karamell",S,265,3.7,29.96,14.11,0.99,26.73
T615262,"Rotbarsch/Goldbarsch, tiefgefroren, gebraten ohne Fett (Ofen)",T,108,18.4,0,3.87,0,0
G710262,"Bohne grün, tiefgefroren, gebacken",G,34,2.2,4.4,0.314,2.471,2.81
N252000,Fruchtsaftgetränk angereichert mit Vitaminen,N,37,0.121,9,0,0.049,9
U883242,"Schaf Keule, fett, tiefgefroren, geschmort ohne Fett",U,309,26.7,0,22.5,0,0
V419062,"Hähnchen Flügel, mit Haut, mariniert, gebraten ohne Fett (Ofen)",V,238,22.38,2.23,15.47,0.1,2.17
T720182,"Languste gekocht, gebraten ohne Fett (Pfanne)",T,90,18.68,0,1.677,0,0
U131282,"Rind Steak (Rücken) tiefgefroren, gebraten ohne Fett (Pfanne)",U,166,29.12,0,5.532,0,0
X330653,Robertsauce von dunkler/brauner Grundsauce,X,72,1.03,5.37,4.8,0.4,0.46
Y841312,Sauerkirschkompott mit Süßstoff,Y,57,0.746,11.38,0.414,0.9,10.55
X890632,Käsepilaw (Reis mit Zwiebeln und Käse),X,187,5.93,25.1,6.7,1,1.27
X328763,Hummersamtsauce von heller/weißer Grundsauce,X,87,4.6,2.61,6.4,0.15,0.61
X462623,Gemüsesuppe mit Graupen,X,37,1.3,4.8,1.2,1,1.6
V532282,"Kalb Leber, tiefgefroren, gebraten ohne Fett (Pfanne)",V,110,18.62,5.395,1.513,0,0
W222682,Rostbratwurst gebraten ohne Fett (Pfanne),W,216,19.72,0.1,15.22,0.05,0
V465242,"Ente Schenkel, mit Haut, tiefgefroren, geschmort ohne Fett",V,200,24.68,0,11.22,0,0
X201400,Gemischter Salat mit Essigmarinade,X,115,1.2,2,10.9,1.3,1.7
G992200,"Gemüsemischung Erbsen-Karotten, tiefgefroren",G,62,3.4,8.919,0.44,4,3.646
E632032,"Dinkelteigwaren eifrei, gekocht",E,149,5.83,28.72,0.61,2.88,0.1863
U522272,"Schwein Stielkotelett, tiefgefroren, gegrillt",U,223,27.27,0,12.67,0,0
U063100,"Rind/Schwein, Hacksteak, roh",U,205,15.25,0.96,15.54,0.2,0.96
U432262,"Kalb Hals/Nacken/Kamm, tiefgefroren, gebraten ohne Fett (Ofen)",U,136,27.5,0,2.876,0,0
S201500,"Speiseeis Kaffee, in Waffeltüte",S,204,4.7,23.1,10.2,0.6,17.4
U342262,"Kalb Schnitzel (Keule) tiefgefroren, gebraten ohne Fett (Ofen)",U,121,28.39,0,0.823,0,0
V635282,"Ente Leber, tiefgefroren, gebraten ohne Fett (Pfanne)",V,173,26.1,1.765,6.82,0,0
C526062,"Polenta (Maisgrieß mit Wasser, Fett und Salz) gekocht, gebacken",C,128,1.916,13.9,6.7,2.083,0.307
X411613,Fleischbrühe mit Ei-Einlauf,X,21,1.78,1.2,1,0.1,0.04
G761252,"Zuckererbse tiefgefroren, gedünstet",G,43,4.3,5,0.2,2,3.62
Y848312,Rhabarbercreme einfach,Y,91,1.7,16.81,1.234,1.796,12.78
T710800,"Edelkrebs/Flusskrebs, Präserve",T,60,13.76,0,0.575,0,0
U511082,"Schwein Filetmedaillon, paniert, gebraten ohne Fett (Pfanne)",U,171,26.8,9.12,2.9,0.71,0.61
U151282,"Rind Gulasch (Bug) tiefgefroren, gebraten ohne Fett (Pfanne)",U,179,28.52,0,7.171,0,0
X417013,Gemüse-Rindfleisch-Eintopf,X,85,7.23,6,3.2,1.5,1.9
W415062,"Schwein Frühstücksspeck, Rohpökelware, geräuchert, gebraten ohne Fett (Ofen)",W,306,19.15,0.58,25.28,0,0.58
Y870440,"Haselnusscreme, eingerührte Art (mit Stärke)",Y,193,6.5,17.2,10.76,0.8,12.98
U632272,"Schwein Kamm, tiefgefroren, gegrillt",U,217,24.27,0,13.34,0,0
S242800,"Speiseeis Vanille, mit Eierlikör",S,206,2.58,23.2,9.78,0.3,19.2
W271200,Gefüllter Schinken,W,103,17.66,0.08,3.54,0.05,0
Y8A4010,Grießbrei (als Dessert) mit Karamellsauce,Y,113,4,15.94,3.66,0.23,11.16
Y870263,Vanillecreme abgeschlagen (mit Gelatine),Y,213,5.5,13.68,15.1,0,13.68
G090162,"Gemüsemischung Kaisergemüse, gebacken",G,43,2.716,5.5,0.502,3.4,3.87
Y240222,Frikadellen aus Kalbfleisch gebraten,Y,249,19.53,2.5,17.75,0.5,0.8
X697212,"Broccolipüree mit Milch 1,5 % Fett",X,45,3.79,3.2,1.5,1.7,2.7
Y720462,Rührei gebraten mit Pfifferlingen und Kochschinken,Y,168,11.23,1.11,13,0.8,1
V913600,Hähnchenpastete gebacken,V,211,19.2,7.7,11.4,0.57,0.071
G480242,"Speisezwiebel tiefgefroren, geschmort ohne Fett",G,47,1.589,8.35,0.207,2,8.35
K702432,"Trüffel getrocknet, gekocht",K,128,14.15,1,0.871,29.5,1
T730282,"Hummer tiefgefroren, gebraten ohne Fett (Pfanne)",T,99,19.36,0,2.436,0,0
X822212,Risi-Pisi (gekochter Reis mit gedünsteten grünen Erbsen),X,109,3.6,19.4,1.228,2.7,2.3
G920252,"Gemüsemischung Leipziger Allerlei, tiefgefroren, gedünstet",G,62,3.5,8.91,0.433,3.9,3.96
F928900,"Apfelkompott/Apfelmus, mit Süßungsmitteln, Konserve",F,32,0.3,6.7,0.12,1.67,5.7
C111062,"Weizen ganzes Korn, gekocht, gebacken",C,226,8.767,40.51,1.188,9.073,0.718
G994152,"Gemüsemischung asiatische Art, gedünstet",G,31,2.1,3.9,0.3,2,3.9
V330262,"Wildente Fleisch, mit Haut, tiefgefroren, gebraten ohne Fett (Ofen)",V,243,27,0,15,0,0
D072062,"Blätterteig eifrei, gebacken",D,560,5.5,37.7,42.36,2.79,0.1613
X326143,Currysauce indisch,X,67,1.02,4.85,4.6,0.9,2.99
V414242,"Hähnchen ganz, entbeint, mit Haut, tiefgefroren, geschmort ohne Fett",V,205,25.61,0,11.39,0,0
X339153,Rotweinsauce von dunkler/brauner Grundsauce,X,71,1.02,5.28,4.6,0.4,0.63
T424252,"Meerforelle tiefgefroren, gedünstet",T,98,16.4,0,3.44,0,0
N5A1000,"Kaffeeersatz (Getränk) mit Mandeldrink, ungesüßt",N,6,0.1,0.94,0.074,0.53,0.145
Y993340,Mokkasahneeis,Y,291,3.7,12.96,24.9,0.1,12.96
Y311323,"Schweinelende gebraten im Ofen, mit Grundsauce dunkel/braun",Y,125,20.41,1.7,4,0.2,0.45
V132242,"Kaninchen Fleisch, tiefgefroren, geschmort ohne Fett",V,177,29.5,0,6.6,0,0
X740612,Eierteigwaren mit Roquefortsauce,X,234,7.7,16.67,14.96,0.862,1.056
K701242,"Champignon tiefgefroren, gedünstet",K,50,6.45,5.1,0.482,3.4,0.3
T720232,"Languste tiefgefroren, gekocht",T,76,15.93,0,1.358,0,0
X744163,Eierteigwaren mit Muschelsauce,X,114,5.7,15.7,2.875,1.1,1
D9B1400,Müslikekse/Müsliplätzchen (Vollkornmürbeteig) schokoliert,D,438,8,57.5,18,6.1,39.5
V320262,"Rebhuhn Fleisch, tiefgefroren, gebraten ohne Fett (Ofen)",V,324,54.4,0,11.8,0,0
G093432,"Suppengrün/Suppenkraut, getrocknet, gekocht",G,67,2.738,10,0.583,5,8.6
T501252,"Karpfen tiefgefroren, gedünstet",T,107,15.88,0,4.88,0,0
V464262,"Ente Fleisch, mit Haut, tiefgefroren, gebraten ohne Fett (Ofen)",V,203,27.01,0,10.59,0,0
U151242,"Rind Gulasch (Bug) tiefgefroren, geschmort ohne Fett",U,173,28.77,0,6.424,0,0
R9A3100,Mohnfüllung für Gebäck/Torten,R,315,10.26,34.24,13.7,6.63,18.83
U532282,"Schwein Kammsteak, tiefgefroren, gebraten ohne Fett (Pfanne)",U,189,22.81,0,10.9,0,0
V111242,"Pferd Fleisch, tiefgefroren, geschmort ohne Fett",V,145,28.48,0.541,3.259,0,0
U030182,"Kalb Hackfleisch, gebraten ohne Fett (Pfanne)",U,257,26.59,0,16.69,0,0
V484272,"Pute Fleisch, mit Haut, tiefgefroren, gegrillt",V,215,27.67,0,11.64,0,0
V416262,"Hähnchen Brustfilet, tiefgefroren, gebraten ohne Fett (Ofen)",V,144,31.85,0,1.86,0,0
M8B2100,"Speisequarkzubereitung < 10 % Fett i. Tr., mit Fruchtzubereitung, Zucker und Süßungsmitteln",M,65,9.02,6.21,0.15,0.1,5.95
V414272,"Hähnchen ganz, entbeint, mit Haut, tiefgefroren, gegrillt",V,239,25.61,0,15.18,0,0
X4A9000,Grünkohl-Eintopf mit Kartoffeln,X,66,2.43,7.5,2.2,3.3,2.16
U891272,"Schaf Hinterhaxe, mager, tiefgefroren, gegrillt",U,161,29.7,0,4.72,0,0
Y848912,Heidelbeerkompott ungesüßt,Y,48,0.4,7.5,0.5,3.8,7.5
X336661,Pfeffersauce von dunkler/brauner Grundsauce,X,74,1.2,5.8,5,0.6,0.7
V217262,"Hirsch Rücken, tiefgefroren, gebraten ohne Fett (Ofen)",V,140,26.81,0,3.66,0,0
E606032,Semmelknödel gekocht,E,156,7.04,22.03,4.05,1.5,2.44
E438032,Eier-Frischteigwaren gekocht,E,172,7.26,29.64,2.29,2.14,0.244
G090200,"Gemüsemischung Kaisergemüse, tiefgefroren",G,36,2.309,4.4,0.427,2.9,3.11
T601272,"Barsch/Flussbarsch, tiefgefroren, gegrillt",T,96,22.54,0,0.7,0,0
G480282,"Speisezwiebel tiefgefroren, gebraten ohne Fett (Pfanne)",G,59,2.038,10.6,0.265,2.5,10.6
V481272,"Pute Fleisch, ohne Haut, tiefgefroren, gegrillt",V,134,26.97,0,2.9,0,0
X5A9050,Selleriegemüse gekocht,X,26,1.333,2.41,0.3,3.7,1.845
T633252,"Meeräsche tiefgefroren, gedünstet",T,98,18.21,0,2.75,0,0
R481132,"Vanillepudding, Flammeri, zubereitet aus Pulver und Milch 3,5 % Fett, gesüßt",R,101,3.11,15.32,3.04,0.048,10.12
G470252,"Porree/Lauch, tiefgefroren, gedünstet",G,37,1,6,0.296,2.6,4.5
G620232,"Karotte/Möhre, tiefgefroren, gekocht",G,38,0.726,6.263,0.407,3.1,6.165
X614313,"Kartoffelschichtspeise mit Sauerkraut und Kochschinken, überbacken",X,89,5.2,7.29,3.6,2.1,1.27
Y888312,Süßkirschkompott zuckerreduziert,Y,74,0.717,16.58,0.246,1.5,15.25
X4B3020,"Schinkennockerln, Suppeneinlage",X,277,11.34,22.63,15.19,1.77,0.42
V464272,"Ente Fleisch, mit Haut, tiefgefroren, gegrillt",V,268,24.98,0,18.65,0,0
X5A6030,"Lauch gedünstet, mit Butter und Käse",X,108,3.264,5,7.79,2,3.7
Y882510,Quark (Halbfettstufe) mit Konfitüre,Y,127,10.6,10.4,4.4,0.2,10.4
G311252,"Blumenkohl tiefgefroren, gedünstet",G,36,1.4,6.11,0.338,3.5,2.48
X323243,Zwiebelsauce von dunkler/brauner Grundsauce,X,67,1.15,5.69,4.2,0.7,1.42
D720400,"Brandmasse/Brandteig, gebacken",D,274,10.38,24.94,14.29,1.83,0.343
W410432,"Schwein Schinkenspeck, Rohpökelware, geräuchert, gekocht",W,137,25.2,0.589,3.79,0,0.589
D630800,"Waffelkekse mit Nuss-Nougatcremefüllung, schokoliert",D,499,6.47,50.2,29.22,4.4,45.7
V511242,"Rind Herz, tiefgefroren, geschmort ohne Fett",V,197,29.24,0,8.889,0,0
V486242,"Pute Brust, ohne Haut, tiefgefroren, geschmort ohne Fett",V,145,34.11,0,0.914,0,0
U171262,"Rind Bratenfleisch (Bug) tiefgefroren, gebraten ohne Fett (Ofen)",U,161,26.93,0,5.889,0,0
V485272,"Pute Keule, ohne Haut, tiefgefroren, gegrillt",V,176,31.54,0,5.554,0,0
K703432,"Morchel getrocknet, gekocht",K,121,10.13,2.4,1.302,29.8,2.4
U522262,"Schwein Stielkotelett, tiefgefroren, gebraten ohne Fett (Ofen)",U,203,26.63,0,10.75,0,0
X744063,"Teigwaren eifrei, mit Kalbsgulasch",X,115,11.4,10.4,2.9,0.7,0.7
R9A3300,Puddingfüllung für Gebäck/Torten,R,129,3.2,20.98,3.53,0.06,14.53
W221072,Rheinische Bratwurst gegrillt,W,240,12.28,0.09,21.11,0.05,0
V111262,"Pferd Fleisch, tiefgefroren, gebraten ohne Fett (Ofen)",V,150,29.52,0.585,3.268,0,0
E606022,Semmelknödel gedämpft,E,156,6.96,22.51,3.91,1.5,2.5
T900352,Meeresfrüchtemischung gedünstet,T,58,11.42,0,1.42,0,0
U872242,"Schaf Vorderhaxe, mittelfett, tiefgefroren, geschmort ohne Fett",U,242,27.9,0,14.5,0,0
U882242,"Schaf Keule, mittelfett, tiefgefroren, geschmort ohne Fett",U,242,27.9,0,14.5,0,0
X637012,"Kartoffelpüree, zubereitet aus Instantpulver und Milch 3,5 % Fett",X,108,4.61,13.84,3.59,0.836,4.07
D7B6000,Mürbchen (Mürbeteig) schokoliert,D,501,6.54,57.1,26.61,3.45,28.77
V417282,"Hähnchen Flügel, mit Haut, tiefgefroren, gebraten ohne Fett (Pfanne)",V,219,25.66,0,12.94,0,0
U331262,"Kalb Steak (Rücken) tiefgefroren, gebraten ohne Fett (Ofen)",U,150,30.4,0,3.176,0,0
T604282,"Katfisch/Steinbeißer, tiefgefroren, gebraten ohne Fett (Pfanne)",T,97,18.76,0,2.4,0,0
D710100,Schokoladen-Biskuitplätzchen,D,420,12.9,68.4,9.43,5.08,38.84
T402252,"Stint tiefgefroren, gedünstet",T,77,15.54,0,1.619,0,0
Y836312,Mangokompott,Y,90,0.7,20,0.338,1.3,19.3
X147242,Lauchsalat (gegart) mit Essigmarinade,X,110,1.84,4,8.96,1.9,3.3
Y144323,Rinderragout mit Paprika,Y,164,16.59,3.15,9.3,0.6,1.7
V474262,"Gans Fleisch, mit Haut, tiefgefroren, gebraten ohne Fett (Ofen)",V,257,22.73,0,18.51,0,0
U622242,"Schwein Kotelett (Rücken/cranial) tiefgefroren, geschmort ohne Fett",U,219,27.53,0,12.07,0,0
V468282,"Ente Innereien, tiefgefroren, gebraten ohne Fett (Pfanne)",V,240,27,0,14.62,0,0
W115282,"Westfälische grobe Mettwurst, gebraten ohne Fett (Pfanne)",W,390,20.4,0.18,34.14,0.1,0
U632262,"Schwein Kamm, tiefgefroren, gebraten ohne Fett (Ofen)",U,205,24.66,0,11.78,0,0
U025162,"Schwein Frikadelle, gebraten ohne Fett (Ofen)",U,270,19.07,5,19.08,0.7,0.8
S560400,"Zartbitter-/Halbbitterschokolade, mit Haselnüssen",S,570,9.03,38.3,40.34,8.9,36.2
X3A7060,"Mayonnaise, gestreckt mit saurer Sahne",X,419,2.6,2.2,44.3,0,2.2
G470232,"Porree/Lauch, tiefgefroren, gekocht",G,31,0.8,5,0.261,2.3,4.1
T753232,"Garnele/Granat/Krabbe, tiefgefroren, gekocht",T,94,19.11,0,1.973,0,0
V485262,"Pute Keule, ohne Haut, tiefgefroren, gebraten ohne Fett (Ofen)",V,189,34.69,0,5.554,0,0
E401062,"Teigwaren eifrei, gekocht, gebacken",E,165,6.1,32.59,0.798,1.698,0.953
E604332,"Eierteigwaren mit Weizenkeimen, gekocht",E,139,6.09,25.24,1.06,2.17,0.439
Y725512,Rührei gebraten mit Zwiebeln,Y,192,12.07,1.06,15.41,0.3,1.05
U733272,"Schaf Filetsteak, tiefgefroren, gegrillt",U,170,33.15,0,4.18,0,0
X531053,"Blumenkohl gekocht, mit Grundsauce hell/weiß",X,48,1.48,4.31,2.7,1.3,1.24
Y8A5000,Creme brulee,Y,351,5.3,26.82,24.7,0,26.82
Y855543,Kirschgrütze,Y,114,0.657,25.95,0.352,0.7,22.36
U721282,"Schaf Kotelett, tiefgefroren, gebraten ohne Fett (Pfanne)",U,393,19.39,0,35.07,0,0
T124282,"Gelbflossen-Thun tiefgefroren, gebraten ohne Fett (Pfanne)",T,121,29,0,0.55,0,0
T209252,"Seehecht tiefgefroren, gedünstet",T,78,15.36,0,1.84,0,0
G620242,"Karotte/Möhre, tiefgefroren, geschmort ohne Fett",G,44,0.816,7.111,0.458,3.4,7
Y301122,"Eisbein gepökelt, gekocht",Y,196,23.03,0.579,11.29,0,0.579
V494242,"Taube Fleisch, mit Haut, tiefgefroren, geschmort ohne Fett",V,202,32.05,0,8.233,0,0
U471142,"Kalb Haxe, geschmort ohne Fett",U,140,24.19,0,4.811,0,0
V478242,"Gans Innereien, tiefgefroren, geschmort ohne Fett",V,210,26.6,0,11.51,0,0
V432232,"Suppenhuhn Fleisch, mit Haut, tiefgefroren, gekocht",V,246,24.48,0,16.42,0,0
V417272,"Hähnchen Flügel, mit Haut, tiefgefroren, gegrillt",V,286,28.8,0,19.03,0,0
G920232,"Gemüsemischung Leipziger Allerlei, tiefgefroren, gekocht",G,61,3.4,8.69,0.421,4,3.86
B8A8072,"Toastbrot glutenfrei, getoastet",B,271,2.004,54,4.906,1.456,4.84
U030142,"Kalb Hackfleisch, geschmort ohne Fett",U,208,23.03,0,12.84,0,0
V250242,"Wildschwein Fleisch, tiefgefroren, geschmort ohne Fett",V,204,26.85,0,10.78,0,0
K718432,"Steinpilz getrocknet, gekocht",K,140,16.19,9.8,1.199,18.85,1.589
V469072,"Ente Fleisch, mit Haut, mariniert, gegrillt",V,278,23.35,0.18,20.42,0.1,0.18
K713432,"Pfifferling getrocknet, gekocht",K,126,18.65,2.629,1.293,16.29,0.768
U080282,"Rind Leberhack, tiefgefroren, gebraten ohne Fett (Pfanne)",U,159,22.81,6.625,4.575,0,0
T780282,"Europäische Auster tiefgefroren, gebraten ohne Fett (Pfanne)",T,73,9.607,1.225,3.3,0,0
D701400,Zedernbrot,D,396,8.9,52.4,15.8,3.4,52.3
G346132,Weinsauerkraut gekocht,G,18,1.046,0.94,0.288,2.075,0.73
E500082,"Vollkornteigwaren eifrei, gekocht, gebraten ohne Fett (Pfanne)",E,132,5.5,23,1.13,4,1
G570232,"Zuckermais tiefgefroren, gekocht",G,67,3,9.6,1.255,2.9,3.46
M2N3400,"Sahnejoghurt mind. 10 % Fett, mit Fruchtzubereitung und Süßungsmitteln",M,110,2.8,5.4,8.266,0.1,4
D9A2500,Vollkornhefezopf,D,273,8.4,38,8.26,6.38,6.535
V513242,"Schwein Herz, tiefgefroren, geschmort ohne Fett",V,195,29.11,0,8.7,0,0
U030132,"Kalb Hackfleisch, gekocht",U,219,24.57,0,13.41,0,0
E401082,"Teigwaren eifrei, gekocht, gebraten ohne Fett (Pfanne)",E,149,5.5,29.27,0.716,1.524,0.856
D651500,Printen schokoliert,D,424,5.5,68.5,13.4,3.4,43.7
U020242,"Schwein Hackfleisch, tiefgefroren, geschmort ohne Fett",U,393,27.71,0,31.36,0,0
X329153,Weißweinsauce von heller/weißer Grundsauce,X,50,0.64,2.85,3.5,0.17,0.52
Y683312,"Muscheln gedämpft, im Weißweinsud",Y,91,3.95,0.22,6.649,0,0.21
G312262,"Broccoli tiefgefroren, gebacken",G,45,3.1,3.5,0.9338,4.6,2.05
U741262,"Schaf Schnitzel (Keule, mager) tiefgefroren, gebraten ohne Fett (Ofen)",U,161,29.8,0,4.67,0,0
X470043,"Vanille-Milchsuppe mit Ei, gebunden mit Stärke",X,103,5,9.73,4.85,0.019,7.66
V232242,"Hase Fleisch, tiefgefroren, geschmort ohne Fett",V,155,30.63,0,3.594,0,0
G090132,"Gemüsemischung Kaisergemüse, gekocht",G,31,1.96,3.9,0.363,2.6,2.78
X332263,Champignonsauce von dunkler/brauner Grundsauce,X,72,1.7,5.36,4.8,0.7,0.01782
G761232,"Zuckererbse tiefgefroren, gekocht",G,40,4,4.6,0.2,2,3.31
T797232,"Venusmuschel tiefgefroren, gekocht",T,73,13.8,1.8,1.2,0,0
X330363,Rosinensauce von dunkler/brauner Grundsauce,X,88,1.2,9.6,4.7,0.8,4.8
U271242,"Rind Vorderhesse, tiefgefroren, geschmort ohne Fett",U,163,27.13,0,6.057,0,0
T501282,"Karpfen tiefgefroren, gebraten ohne Fett (Pfanne)",T,138,21.38,0,5.83,0,0
U741282,"Schaf Schnitzel (Keule, mager) tiefgefroren, gebraten ohne Fett (Pfanne)",U,168,31.1,0,4.87,0,0
G450232,"Spargel tiefgefroren, gekocht",G,34,2.39,4.85,0.19,1.8,4.63
U461262,"Kalb Bug/Schulter, tiefgefroren, gebraten ohne Fett (Ofen)",U,120,27.5,0,1.092,0,0
G730232,"Dicke Bohne unreif, tiefgefroren, gekocht",G,68,5.8,6.4,0.7,6.4,1.4
S202200,"Speiseeis (Schokolade, Vanille) gemischt, mit Eierlikör",S,223,3.12,26.1,9.92,1.21,22.3
X5B1110,"Gemüse-Kartoffel-Brei, mit Karotte, Kürbis (ohne Salz, geeignet für Beikost)",X,86,0.943,8.39,4.959,1.9,4
X326653,Kümmelsauce von heller/weißer Grundsauce,X,57,0.79,3.62,4.2,0.3,0.83
F602300,Limettensaft Konzentrat,F,148,2.757,9.315,1.2,0.79,9.315
U070232,"Rind Tatar/Schabefleisch, tiefgefroren, gekocht",U,166,33,0,3.75,0,0
X331143,Tomatensauce aus frischen Tomaten und saurer Sahne,X,112,1.13,4.4,9.6,1.3,4.4
P9A7000,"Cocktail, Pina Colada",P,89,0.583,2.8,3.924,0.96,2.6
T793262,"Pilgermuschel/Jakobsmuschel, tiefgefroren, gratiniert ohne Fett (Ofen)",T,69,16.99,0,0.111,0,0
G210262,"Spinat tiefgefroren, gebacken",G,24,2.721,1.16,0.372,2.2,0.93
D7A7200,Franzbrötchen (Plunderteig),D,567,5.48,57,34.85,1.71,34.14
G470242,"Porree/Lauch, tiefgefroren, geschmort ohne Fett",G,38,1.1,6,0.344,3,5.3
K706432,"Butterpilz getrocknet, gekocht",K,131,10.54,13.52,1.489,19.35,2.192
T406282,"Felchen/Maräne/Renke/Schnäpel, tiefgefroren, gebraten ohne Fett (Pfanne)",T,132,24.49,0,3.611,0,0
U471162,"Kalb Haxe, gebraten ohne Fett (Ofen)",U,144,25.04,0,4.876,0,0
K701282,"Champignon tiefgefroren, gebraten ohne Fett (Pfanne)",K,58,7.51,5.9,0.561,3.9,0.3
U733282,"Schaf Filetsteak, tiefgefroren, gebraten ohne Fett (Pfanne)",U,156,31.38,0,3.44,0,0
V486282,"Pute Brust, ohne Haut, tiefgefroren, gebraten ohne Fett (Pfanne)",V,148,33.74,0,1.414,0,0
F203700,Pfirsichnektar,F,48,0.3,11.6,0.044,0.1,11.14
V484242,"Pute Fleisch, mit Haut, tiefgefroren, geschmort ohne Fett",V,172,26.55,0,7.286,0,0
X131460,Blumenkohlsalat (gegart) mit Essigmarinade,X,132,1.42,3.84,12.08,1.8,1.83
Y646132,Felchenfilet in Mandelkruste gebacken,Y,225,27.12,0.63,12.07,1.7,0.59
U642232,"Schwein Bauch (wie gewachsen) tiefgefroren, gekocht",U,357,22.49,0,29.64,0,0
U023262,"Schwein Hackfleisch, tiefgefroren, gebraten ohne Fett (Pfanne)",U,339,25.35,0,26.44,0,0
U863232,"Schaf Bug/Schulter, fett, tiefgefroren, gekocht",U,408,27.2,0,33.3,0,0
U131262,"Rind Steak (Rücken) tiefgefroren, gebraten ohne Fett (Ofen)",U,162,29.52,0,4.877,0,0
V488242,"Pute Innereien, tiefgefroren, geschmort ohne Fett",V,210,26.6,0,11.51,0,0
V438232,"Suppenhuhn Innereien, tiefgefroren, gekocht",V,204,25.2,0,11.51,0,0
U471172,"Kalb Haxe, gegrillt",U,140,23.16,0,5.299,0,0
U884042,"Schaf Keule, mager, mariniert, geschmort ohne Fett",U,165,30.7,0.48,4.43,0.31,0.48
T313282,"Rotzunge tiefgefroren, gebraten ohne Fett (Pfanne)",T,84,18.41,0,1.12,0,0
Y860553,"Schokoladenflammeri/Schokoladenpudding, mit Vanillesauce",Y,123,3.9,17.1,4.26,0.1,11.79
F092152,"Beerenmischung mit Sauerkirschen, ungesüßt, gedünstet",F,53,1.2,8.4,0.3,3.7,7.5
U510082,"Schwein Filetmedaillon, mariniert, gebraten ohne Fett (Pfanne)",U,164,26.6,0.14,6.2,0.3,0.13
T103802,"Matjeshering in Öl, Präserve, abgetropft",T,427,14.94,0,40.23,0,0
X531263,"Blumenkohl gedünstet, mit Bechamelsauce",X,68,2.53,5.52,3.8,1.4,2.38
U331272,"Kalb Steak (Rücken) tiefgefroren, gegrillt",U,131,25.72,0,3.157,0,0
V464282,"Ente Fleisch, mit Haut, tiefgefroren, gebraten ohne Fett (Pfanne)",V,264,33.13,0,14.6,0,0
K750162,Mischpilze gebacken,K,47,4.9,3,0.4,7.08,1.34
U040100,"Schwein/Rind, Hackfleisch gemischt, roh",U,250,18.43,0,19.55,0,0
V465272,"Ente Schenkel, mit Haut, tiefgefroren, gegrillt",V,258,24.39,0,17.81,0,0
U512172,"Schwein Filetmedaillon, mariniert, gegrillt",U,172,26.5,0.14,7.2,0.3,0.13
T601232,"Barsch/Flussbarsch, tiefgefroren, pochiert",T,70,16.05,0,0.6,0,0
T302282,"Steinbutt tiefgefroren, gebraten ohne Fett (Pfanne)",T,97,19.83,0,1.946,0,0
T102702,"Bückling (Hering) in Öl, Konserve, abgetropft",T,238,19.13,0,17.89,0,0
U622272,"Schwein Kotelett (Rücken/cranial) tiefgefroren, gegrillt",U,226,27.64,0,12.84,0,0
V486272,"Pute Brust, ohne Haut, tiefgefroren, gegrillt",V,139,31.71,0,1.303,0,0
W620000,"Eisbein, Kochpökelware, gekocht",W,186,26.32,0.579,8.68,0,0.579
Y771350,"Kartoffeln gekocht, mit Kräuterquark und Butter",Y,101,5.29,9.9,4.1,1.086,2
U872232,"Schaf Vorderhaxe, mittelfett, tiefgefroren, gekocht",U,259,29.8,0,15.5,0,0
E500062,"Vollkornteigwaren eifrei, gekocht, gebacken",E,147,6.1,25.6,1.26,4.4,1.1
D771500,Hörnchen (Blätterteig),D,425,4.18,28.65,32.19,2.12,0.1226
K750432,"Mischpilze getrocknet, gekocht",K,134,13.8,8.48,1.1,20.87,3.82
T730232,"Hummer tiefgefroren, gekocht",T,80,14.72,0,2.346,0,0
W410462,"Schwein Schinkenspeck, Rohpökelware, geräuchert, gebraten ohne Fett (Ofen)",W,133,24.04,0.58,3.81,0,0.58
V454262,"Perlhuhn Fleisch, mit Haut, tiefgefroren, gebraten ohne Fett (Ofen)",V,167,29.9,0,5.23,0,0
G490242,"Knoblauch tiefgefroren, geschmort ohne Fett",G,134,8.318,4,0.578,39.3,2.8
G490232,"Knoblauch tiefgefroren, gekocht",G,111,6.875,3,0.478,33.23,2.4
U452242,"Kalb Brust, tiefgefroren, geschmort ohne Fett",U,229,23.06,0,15.15,0,0
T753172,"Garnele/Granat/Krabbe, gekocht, gegrillt",T,138,27.95,0,2.945,0,0
U010182,"Rind Hackfleisch, gebraten ohne Fett (Pfanne)",U,303,26.58,0,21.85,0,0
G620252,"Karotte/Möhre, tiefgefroren, gedünstet",G,46,0.862,7.438,0.484,3.6,7.322
V413282,"Hähnchen Fleisch, ohne Haut, tiefgefroren, gebraten ohne Fett (Pfanne)",V,156,27.5,0,5.1,0,0
V232262,"Hase Fleisch, tiefgefroren, gebraten ohne Fett (Ofen)",V,135,26.65,0,3.127,0,0
D7A7100,Plunderteig gebacken,D,486,8.85,47,28.46,2.9,7.961
V416272,"Hähnchen Brustfilet, tiefgefroren, gegrillt",V,140,30.29,0,2.05,0,0
U421242,"Kalb Rücken, tiefgefroren, geschmort ohne Fett",U,130,26.2,0,2.795,0,0
V486262,"Pute Brust, ohne Haut, tiefgefroren, gebraten ohne Fett (Ofen)",V,164,37.87,0,1.414,0,0
U724082,"Schaf Kotelett, mariniert, gebraten ohne Fett (Pfanne)",U,356,18.24,0.46,31.2,0.27,0.46
U030162,"Kalb Hackfleisch, gebraten ohne Fett (Ofen)",U,240,26.98,0,14.72,0,0
U511272,"Schwein Filetmedaillon, tiefgefroren, gegrillt",U,148,28.79,0,3.63,0,0
W226000,Wollwurst/Geschwollene,W,196,11,0.08,16.86,0.05,0
T402282,"Stint tiefgefroren, gebraten ohne Fett (Pfanne)",T,100,20.66,0,1.912,0,0
Y993140,Vanillesahneeis mit Orangenlikör,Y,293,3,16.5,20.5,0,16.5
V222242,"Reh Rücken, tiefgefroren, geschmort ohne Fett",V,152,29.15,0,3.89,0,0
U342272,"Kalb Schnitzel (Keule) tiefgefroren, gegrillt",U,116,26.85,0,0.915,0,0
U482262,"Kalb Keule, tiefgefroren, gebraten ohne Fett (Ofen)",U,114,26.85,0,0.778,0,0
T106702,"Sprotte in Öl, Konserve, abgetropft",T,244,17.28,0,19.4,0,0
V604182,"Hähnchen Innereien, gebraten ohne Fett (Pfanne)",V,163,25.05,0,6.94,0,0
Y842812,Erdbeerkompott ungesüßt,Y,41,0.852,6.941,0.368,1.9,6.647
G332252,"Rosenkohl tiefgefroren, gedünstet",G,47,5.15,2.62,0.394,5.1,1.83
K750200,Mischpilze tiefgefroren,K,43,4.4,2.71,0.4,6.38,1.22
V531282,"Rind Leber, tiefgefroren, gebraten ohne Fett (Pfanne)",V,159,22.81,6.625,4.575,0,0
Y846753,"Milchreis mit Milch 3,5 % Fett und Stachelbeerkompott",Y,126,3.69,22.1,2.34,1,9.37
V478282,"Gans Innereien, tiefgefroren, gebraten ohne Fett (Pfanne)",V,236,26.6,0,14.39,0,0
G332232,"Rosenkohl tiefgefroren, gekocht",G,40,4.45,2.26,0.34,4.6,1.58
Y8A5060,Sahneflammeri/Sahnepudding (als Dessert) mit Schokoladensauce,Y,202,4,17.4,12.92,0.2,10.66
V533282,"Schwein Leber, tiefgefroren, gebraten ohne Fett (Pfanne)",V,147,23.15,1.163,5.55,0,0
E430062,"Eierteigwaren gekocht, gebacken",E,148,5.9,28.09,1.034,1.512,0.696
F601300,Zitronensaft Konzentrat,F,150,3.124,8.429,1.5,0.64,8.429
V474282,"Gans Fleisch, mit Haut, tiefgefroren, gebraten ohne Fett (Pfanne)",V,296,24.17,0,22.14,0,0
U721272,"Schaf Kotelett, tiefgefroren, gegrillt",U,464,20.43,0,42.51,0,0
G332262,"Rosenkohl tiefgefroren, gebacken",G,53,5.816,2.96,0.445,5.8,2.07
U131272,"Rind Steak (Rücken) tiefgefroren, gegrillt",U,151,26.28,0,5.101,0,0
Y8A1000,Zabaione (mit Alkohol),Y,360,5.3,48,10.8,0,48
V494262,"Taube Fleisch, mit Haut, tiefgefroren, gebraten ohne Fett (Ofen)",V,217,32.98,0,9.5,0,0
X2A1090,Rettichsalat mit Essigmarinade,X,96,0.88,2.44,8.75,1,1.65
V250272,"Wildschwein Fleisch, tiefgefroren, gegrillt",V,209,25.64,0,11.85,0,0
G312282,"Broccoli tiefgefroren, gebraten ohne Fett (Pfanne)",G,63,4.4,4.8,1.326,6.6,2.9
W221382,Currybratwurst gebraten ohne Fett (Pfanne),W,257,13.38,0.05,22.57,0.02,0
K120264,"Kartoffel ungeschält, tiefgefroren, gebacken",K,114,2.73,24.6,0.133,1.892,1.95
G994182,"Gemüsemischung asiatische Art, gebraten ohne Fett (Pfanne)",G,44,3,5.4,0.4,3,5.4
B111272,Weizenvollkorntoastbrot getoastet,B,292,10.4,48,4.32,9.33,1.9
V512282,"Kalb Herz, tiefgefroren, gebraten ohne Fett (Pfanne)",V,158,23.48,0,7.162,0,0
U611262,"Schwein Filet/Lende, tiefgefroren, gebraten ohne Fett (Ofen)",U,144,28.87,0,3.17,0,0
T124252,"Gelbflossen-Thun tiefgefroren, gedünstet",T,91,21.8,0,0.47,0,0
U452232,"Kalb Brust, tiefgefroren, gekocht",U,232,23.66,0,15.21,0,0
W244000,Fleischkäse weiß,W,299,14.55,0.1,26.68,0.06,0
U171242,"Rind Bratenfleisch (Bug) tiefgefroren, geschmort ohne Fett",U,163,27.13,0,6.057,0,0
V604142,"Hähnchen Innereien, geschmort ohne Fett",V,172,28.69,0,6.36,0,0
G650232,"Schwarzwurzel tiefgefroren, gekocht",G,58,1.386,8.3,0.429,5,3.8
D422600,Kuchen aus Rührmasse/Rührkuchen,D,393,7.4,48.4,18.42,2.04,20.55
V485282,"Pute Keule, ohne Haut, tiefgefroren, gebraten ohne Fett (Pfanne)",V,166,29.54,0,5.309,0,0
U281242,"Rind Keule, tiefgefroren, geschmort ohne Fett",U,188,28.6,0,8.2,0,0
S581300,Milchschokoladen-Riegel gefüllt mit Vollkornkeks,S,528,6.96,53.7,30.63,4.73,38.47
U892262,"Schaf Hinterhaxe, mittelfett, tiefgefroren, gebraten ohne Fett (Ofen)",U,219,25.2,0,13.1,0,0
T612252,"Schwertfisch tiefgefroren, gedünstet",T,96,17.32,0,2.96,0,0
W207032,"Geflügelbockwurst mit Schweinefleisch, gargezogen",W,126,12.22,0,8.6,0.06,0
U133172,"Rind Steak (Rücken) mariniert, gegrillt",U,166,24.14,0.16,7.49,0.2,0.16
V414262,"Hähnchen ganz, entbeint, mit Haut, tiefgefroren, gebraten ohne Fett (Ofen)",V,208,24.17,0,12.37,0,0
U541262,"Schwein Schnitzel (Oberschale) tiefgefroren, gebraten ohne Fett (Ofen)",U,131,28.12,0,2.027,0,0
V351282,"Wachtel Fleisch, ohne Haut, tiefgefroren, gebraten ohne Fett (Pfanne)",V,155,29.7,0,4.03,0,0
V416242,"Hähnchen Brustfilet, tiefgefroren, geschmort ohne Fett",V,134,30.13,0,1.53,0,0
U891242,"Schaf Hinterhaxe, mager, tiefgefroren, geschmort ohne Fett",U,159,30.3,0,4.19,0,0
W411332,"Schwein Bauchspeck, Rohpökelware, geräuchert, gekocht",W,305,19.81,0.581,24.86,0,0.581
G710252,"Bohne grün, tiefgefroren, gedünstet",G,30,2,4,0.284,2.234,2.54
V413272,"Hähnchen Fleisch, ohne Haut, tiefgefroren, gegrillt",V,172,27.8,0,6.7,0,0
U672262,"Schwein Vordereisbein/Vorderhaxe, tiefgefroren, gebraten ohne Fett (Ofen)",U,249,31.2,0,13.78,0,0
U452262,"Kalb Brust, tiefgefroren, gebraten ohne Fett (Ofen)",U,234,23.87,0,15.35,0,0
T306282,"Heilbutt/Weißer Heilbutt, tiefgefroren, gebraten ohne Fett (Pfanne)",T,155,23.87,0,6.56,0,0
U030172,"Kalb Hackfleisch, gegrillt",U,256,26.21,0,16.81,0,0
Y720662,Rührei gebraten mit Champignons,Y,148,11.9,1.3,10.57,0.7,0.4
G450282,"Spargel tiefgefroren, gebraten ohne Fett (Pfanne)",G,59,4.109,8.33,0.326,3,7.95
G994132,"Gemüsemischung asiatische Art, gekocht",G,28,1.9,3.3,0.3,2,3.3
G312232,"Broccoli tiefgefroren, gekocht",G,33,2.3,2.5,0.6938,3.6,1.52
U611272,"Schwein Filet/Lende, tiefgefroren, gegrillt",U,154,29.97,0,3.78,0,0
T417252,"Wildlachs tiefgefroren, gedünstet",T,163,17.36,0,10.42,0,0
E607032,Grießklößchen gekocht,E,122,6.26,12.63,4.98,0.75,2.59
T793282,"Pilgermuschel/Jakobsmuschel, tiefgefroren, gebraten ohne Fett (Pfanne)",T,68,16.65,0,0.112,0,0
T710282,"Edelkrebs/Flusskrebs, tiefgefroren, gebraten ohne Fett (Pfanne)",T,79,18.27,0,0.603,0,0
D441400,Wiener Sandtorte,D,407,4.94,44.9,22.85,0.78,25.2
W415032,"Schwein Frühstücksspeck, Rohpökelware, geräuchert, gekocht",W,287,18.6,0.546,23.34,0,0.546
U281262,"Rind Keule, tiefgefroren, gebraten ohne Fett (Ofen)",U,171,26.2,0,7.4,0,0
T410262,"Lachs tiefgefroren, gebraten ohne Fett (Ofen)",T,198,22.78,0,11.88,0,0
U892242,"Schaf Hinterhaxe, mittelfett, tiefgefroren, geschmort ohne Fett",U,242,27.9,0,14.5,0,0
U532272,"Schwein Kammsteak, tiefgefroren, gegrillt",U,226,25.26,0,13.89,0,0
K701262,"Champignon tiefgefroren, gebacken",K,50,6.36,5.1,0.475,3.3,0.3
Y463013,Lammschmorbraten mit Sauce,Y,139,19.03,1.69,6.2,0.13,0.00617
G450262,"Spargel tiefgefroren, gebacken",G,37,2.562,5.2,0.204,1.9,4.96
G710232,"Bohne grün, tiefgefroren, gekocht",G,28,1.9,3.6,0.261,2.123,2.34
G994142,"Gemüsemischung asiatische Art, geschmort ohne Fett",G,32,2.2,4.1,0.3,2,4.1
U291232,"Rind Hinterhesse, tiefgefroren, gekocht",U,161,26.4,0,6.2,0,0
X651012,Kartoffeln (als Pellkartoffeln) gebraten,X,200,2.88,18.69,11.92,3.35,0.767
W222672,Rostbratwurst gegrillt,W,201,18.09,0.09,14.26,0.05,0
V487282,"Pute Flügel, mit Haut, tiefgefroren, gebraten ohne Fett (Pfanne)",V,264,27.5,0,17.1,0,0
U672232,"Schwein Vordereisbein/Vorderhaxe, tiefgefroren, gekocht",U,238,29.99,0,13.11,0,0
U411262,"Kalb Filet/Lende, tiefgefroren, gebraten ohne Fett (Ofen)",U,135,29.07,0,2.08,0,0
X462153,Gemüse-Eintopf mit Rindfleisch,X,75,5.39,6,2.9,1.7,2
G210282,"Spinat tiefgefroren, gebraten ohne Fett (Pfanne)",G,30,3.452,1.46,0.472,2.8,1.17
U872272,"Schaf Vorderhaxe, mittelfett, tiefgefroren, gegrillt",U,256,27.3,0,16.3,0,0
U863242,"Schaf Bug/Schulter, fett, tiefgefroren, geschmort ohne Fett",U,383,25.5,0,31.2,0,0
V250232,"Wildschwein Fleisch, tiefgefroren, gekocht",V,224,29.41,0,11.81,0,0
X325053,Meerrettichsauce von heller/weißer Grundsauce,X,76,1.5,4.56,5.6,0.7,1.68
G210232,"Spinat tiefgefroren, gekocht",G,20,2.288,0.97,0.313,1.9,0.78
V487272,"Pute Flügel, mit Haut, tiefgefroren, gegrillt",V,294,31.1,0,18.9,0,0
K740432,"Austernpilz getrocknet, gekocht",K,131,13.46,5.17,0.895,24.86,4.52
D9A3100,Vollkornmürbeteig süß gebacken,D,510,7.46,50.4,29.56,6.49,18.07
T633282,"Meeräsche tiefgefroren, gebraten ohne Fett (Pfanne)",T,126,24.23,0,3.25,0,0
T410272,"Lachs tiefgefroren, gegrillt",T,206,22.94,0,12.65,0,0
V475242,"Gans Schenkel tiefgefroren, geschmort ohne Fett",V,195,22.57,0,11.62,0,0
G570282,"Zuckermais tiefgefroren, gebraten ohne Fett (Pfanne)",G,84,3.8,12,1.571,3.6,4.34
T601282,"Barsch/Flussbarsch, tiefgefroren, gebraten ohne Fett (Pfanne)",T,94,21.85,0,0.7,0,0
T302252,"Steinbutt tiefgefroren, gedünstet",T,74,14.91,0,1.648,0,0
G312252,"Broccoli tiefgefroren, gedünstet",G,34,2.4,2.6,0.7207,3.6,1.58
T720272,"Languste tiefgefroren, gegrillt",T,115,25.16,0,1.642,0,0
V614242,"Hähnchen Herz, tiefgefroren, geschmort ohne Fett",V,152,15.85,0,9.87,0,0
W223182,Geflügelbratwurst gebraten ohne Fett (Pfanne),W,220,13.35,0.1,18.43,0.05,0
N500600,Kaffeeersatz (Getränk) mit Zucker,N,13,0.074,2.813,0.002,0.533,2.002
U020272,"Schwein Hackfleisch, tiefgefroren, gegrillt",U,363,24.52,0,29.41,0,0
V444262,"Poularde Fleisch, mit Haut, tiefgefroren, gebraten ohne Fett (Ofen)",V,190,24.1,0,10.4,0,0
T415252,"Königslachs tiefgefroren, gedünstet",T,163,17.36,0,10.42,0,0
T791232,"Große Sandklaffmuschel tiefgefroren, gekocht",T,54,9.844,0,1.638,0,0
U892272,"Schaf Hinterhaxe, mittelfett, tiefgefroren, gegrillt",U,256,27.3,0,16.3,0,0
X860142,Reisrand,X,185,5.3,20,9.16,0.6,0.13
X469413,"Bigosch (Eintopf mit Schweinefleisch, Kartoffeln, Sauerkraut und Weißkraut)",X,139,6.8,5,9.8,1.5,1.5
D1A2100,Kirsch-Streuselkuchen (Mürbeteig),D,257,3.39,31.9,12.42,1.7,16.57
X411813,Fleischbrühe mit Leberklößchen,X,29,2.43,2.5,1,0.2,0.34
Y911260,"Cheeseburger, doppelter",Y,230,13.2,14.7,12.7,1.2,3.4
X512163,"Pfifferlinge gedünstet, in Grundsauce hell/weiß mit Sahne",X,72,4.28,1.64,4.7,3.3,0.67
X511043,"Champignons gedünstet, in Grundsauce hell/weiß mit Sahne",X,76,4.03,4,4.8,2,0.7
Y614323,"Thunfisch gebraten, in Weißweinsauce von heller/weißer Grundsauce",Y,113,11.3,1.67,6.4,0.12,0.4
S231000,"Speiseeis mit Fruchtzubereitung, überzogen mit Schokolade",S,248,2.5,32.3,11.43,1.8,29.1
X574012,Bambussprossen gedünstet (mit Fett und Salz),X,53,1.33,0.5,5.06,0.01,0.49
X3A3000,Jägersauce mit Wildpilzmischung/Pilzragout für Jägerschnitzel,X,120,4.5,3,8.9,5.83,1.6
D313100,Mokkacreme-Marzipan-Torte (Wasserbiskuit),D,282,5.1,29,15.4,1.61,22
X475453,"Vanille-Milchkaltschale mit Ei und Fruchteinlage, gebunden mit Stärke",X,98,3.3,13.5,3.2,0.7,12.06
E530062,"Vollkorneierteigwaren gekocht, gebacken",E,142,5.88,24.5,1.12,5.12,0.308
X559063,"Kürbis gebacken, in Grundsauce hell/weiß mit Sahne",X,96,1.31,5.73,6.9,2.76,4.54
U051182,"Rind/Schwein, Frikadelle, gebraten ohne Fett (Pfanne)",U,210,15.33,5,14.1,0.6,0.7
S211400,"Speiseeis (Frucht, Kaffee) gemischt, in Waffeltüte",S,172,2.8,26.1,6,0.6,22.2
Y845143,Bratapfel gefüllt gebacken,Y,160,0.9,22.1,6.8,2.3,21.1
Y6A1020,Thunfischsteak gebraten mit Schinken,Y,146,18.7,2.5,6.6,0.6,2.49
G880602,"Mixed Pickles gesäuert, abgetropft",G,43,1.172,7.5,0.368,1.5,6.75
X449713,Kartoffel-Gemüsecremesuppe,X,50,0.99,6,2.2,0.9,1.7
Y911360,Doppeldecker Burger,Y,240,10.5,15.3,14.7,1.4,2.6
D660500,Kokosmakronen schokoliert,D,508,6,49.5,30.2,7.08,48.9
X745023,Eier-Frischteigwaren mit Kochschinkenwürfeln und Grundsauce hell/weiß,X,146,11.43,13.9,4.6,1.05,0.43
M2K7200,"Joghurt fettarm, mind. 1,5 % bis max. 1,8 % Fett, mit Frucht-Getreidezubereitung, gesüßt",M,85,3.7,13.6,1.402,0.2,11.9
X1A7010,Wurstsalat bayerische Art mit warmer Essigmarinade,X,203,9.57,0.73,17.7,0.1,0.67
Y173032,Rinderleber gebraten Berliner Art,Y,127,10.35,8.9,5.3,0.9,3.19
D313600,Orangencremetorte (Wiener Boden dunkel) mit Schokosahne,D,251,3,26,14.3,1.1,20.2
F227902,"Pflaume mit Süßungsmitteln, Konserve, abgetropft",F,22,0.24,4.52,0.141,1.1,3.42
X5A6020,"Artischocken gekocht, mit Butter",X,94,2.736,3.07,5,12.28,2.87
Y351013,"Schweineroulade mit Sauerkrautfüllung geschmort, mit Sauce",Y,136,14.73,2.99,6.6,1.5,1.38
Y024113,Blutwürste erwärmt,Y,307,13.28,0.33,28,0.1,0.21
Y818342,"Hefeplinsen mit Apfel, gebraten",Y,280,6.13,33,13.16,2.3,9.51
X454663,"Haferflockensuppe geröstet, mit Gemüsebrühe",X,36,1.14,3.3,1.8,1,1.3
D441300,Frankfurter Kranz (Sandmasse),D,357,3.7,38.2,20.8,0.5,27
Y652232,"Schleie paniert, frittiert",Y,208,17.45,14.04,8.7,1.16,0.94
Y332132,"Schweineschnitzel paniert, gebraten",Y,220,22.65,7.59,10.6,0.69,0.72
Y997043,Eiskaffee,Y,116,1.9,7.5,8.6,0.219,7.3
W009000,Mosaikumrandung,W,163,12.79,0.08,12.4,0.05,0
Y180033,"Rindfleisch gekocht, mit Suppengemüse",Y,139,17.53,1.6,6.7,0.8,1.6
X676062,Wickelklöße,X,150,5.79,24.9,2.53,2.37,0.74
Y682132,Hummer Thermidor (gratiniert mit Käse und Sauce),Y,123,11,2.2,6.8,0.4,0.9
X536563,"Rosenkohl gedünstet, mit Speck und Zwiebeln",X,128,3.44,1.8,11.2,2.8,1.37
X346360,Russische Sauce/Tomatenmayonnaise,X,320,5.8,4.91,30.4,0.4,4.84
X061310,Laugenbrötchen mit Butter,X,415,6.862,36,26.42,2.676,1.1
W252500,Krakauer Schinkenwurst,W,116,17.98,0,4.94,0.05,0
Y821143,Grießauflauf mit Apfel,Y,121,3.3,13.4,5.7,1.1,7.9
X556643,"Tomaten mit Käse-Kräuterfüllung, gebacken",X,141,4.9,10.16,8.53,1.6,4.04
X092510,"Müsli ungesüßt, mit Joghurt 3,5 % Fett und Fruchtmischung",X,117,5.03,12.7,4.3,2.4,5.08
Y612413,"Hering gegart, mit Meerrettichsauce von heller/weißer Grundsauce",Y,137,12.7,1.96,8.6,0.3,0.76
X5A1030,Kichererbsensnack gebacken,X,231,8.9,17,10.5,16.3,2.8
X5A5000,"Kohlroulade mit Reis-Schinkenfüllung, gedünstet",X,113,4.8,7.5,6.6,1.9,3
X456043,"Wildsuppe mit Rehfleisch, Speck und Rotwein",X,75,7.92,1.94,3.8,0.14,0.1
X812122,"Reispfannkuchen gebraten, mit Kompott",X,188,5.1,22.7,8.3,1.4,6.8
X323053,Gemüsesauce von heller/weißer Grundsauce,X,44,1.18,3.9,2.2,1.7,2.5
W274600,Weißer Presskopf,W,141,21.42,0.1,6.14,0.06,0
Y6A3000,Rotbarschauflauf mit Kartoffeln und Spinat,Y,159,8.8,6.3,10.73,1,1
Y856353,Johannisbeergelee mit Schlagsahne,Y,82,2.3,9.87,3,0.3,9.87
Y634233,"Seezungenfilet gedünstet, in Weißweinsauce von heller/weißer Grundsauce",Y,89,13.14,1.07,3.3,0.06,0.29
D7A6400,"Berliner/Pfannkuchen/Krapfen (Hefeteig) frittiert, gefüllt mit Pflaumenmus",D,321,6.3,41.8,13.7,2.6,13.1
K701902,"Champignon Konserve, abgetropft",K,43,5.518,3.23,0.818,2.536,0.108
W363000,Schwartenmagen,W,139,17.9,0.16,7.4,0.09,0
D771800,Croissant (Hefeblätterteig/Plunderteig) gefüllt mit Marzipan,D,444,7.8,44,25.6,2.77,13.2
X916163,"Zwiebelkuchen schwäbisch, mit Speck",X,180,5.7,17,9.4,1.8,4.6
X452263,Suppe aus Eierteigwaren mit Hühnerfleisch,X,56,4.6,2.89,2.8,0.2,0.08
X9A3030,"Frühlingsrollen vegetarisch gefüllt mit Gemüse, frittiert",X,280,6.2,28.8,14.6,4.1,2.7
X231540,Blumenkohlsalat (roh) mit Saure-Sahne-Dressing,X,46,2.48,5.4,1.4,2.5,2.7
Y710243,"Spiegelei gebacken, auf gedünstetem Spinat mit Tomaten",Y,133,6.51,1.55,10.79,1.5,1.43
N276000,Pfirsich-Maracujanektarschorle,N,22,0.2,5.13,0,0,4.91
Y694923,"Kabeljaufilet gedünstet, mit Zitronenbutter und Sauce",Y,218,14,0.46,17.6,0.1,0.46
Y9A1070,Türkische Pizza (Lahmacun) ungefüllt,Y,218,9.7,22,9.4,2.6,1.9
X498113,Biersuppe Berliner Art,X,53,1.3,7,1.5,1,1
T113902,"Rollmops Konserve, abgetropft",T,99,8,5.62,4.426,0.19,5.62
F210902,"Süßkirsche ungesüßt, Konserve, abgetropft",F,54,0.909,11.47,0.244,1.3,10.78
Y6A2030,Lachs-Spinat-Auflauf,Y,175,14.2,1.2,12.4,0.5,0.8
X215910,Kopfsalat mit Zitronenmarinade,X,149,1.03,1.8,14.8,1,1.8
X2A3010,"Fruchtsalat exotisch, gesüßt",X,69,0.8,14.2,0.3,1.6,14.1
X930642,"Pfannkuchen/Eierkuchen, gebraten, gefüllt mit gedünsteten Pilzen und saurer Sahne",X,192,6.29,17.4,10.4,2.2,2.3
Y036322,Königsberger Klopse,Y,192,16.49,3.64,12.2,0.5,0.71
Y362023,"Schweinshaxe geschmort, mit Sauce",Y,230,21.59,1.5,15.2,0.5,0.6
W251000,Bayrische Bierwurst/Bierwurst Ia,W,275,13.34,0,24.61,0.06,0
Y9A1010,Fischburger mit Seelachs,Y,200,12.3,18.33,8.2,1.4,2.39
Y536133,Kaninchenbraten mit Grundsauce dunkel/braun mit Sahne,Y,174,21.2,0.88,9.5,0.05,0.31
Y623723,"Seelachsroulade mit Speckfüllung gebacken, mit Sauce",Y,171,16.2,1.6,10.8,0.5,1.6
S242400,"Speiseeis (Frucht, Schoko, Vanille) gemischt",S,184,2.1,27.3,6.93,1.1,23.9
E605232,"Schupfnudeln schwäbisch, gekocht",E,165,6.02,29.42,2.08,2.28,0.372
D720500,Sahne-Windbeutel (Brandmasse) mit Kirschen,D,207,3.68,18.5,12.9,0.7,9.7
Y742350,"Eier pochiert, mit Meerrettichmayonnaise",Y,273,10.2,1,25.24,0.3,0.81
Y855743,Rote Grütze mit Vanillesauce,Y,95,2.1,16.2,1.8,1.8,12.2
S533000,Blätterkrokant überzogen mit Vollmilchschokolade,S,422,3.49,63.4,16.8,1.52,62.9
G994252,"Gemüsemischung asiatische Art, tiefgefroren, gedünstet",G,30,2.1,3.7,0.3,2,3.7
Y036122,Frikadellen gebraten,Y,269,18.65,4.45,19.48,0.5,0.88
W257000,Cabanossi gebrüht,W,193,15.26,0.04,14.61,0.02,0
Y144123,Rinderragout mit Pilzen,Y,161,16.7,2.37,9.1,1.4,0.68
D312500,Zuger Kirschtorte (Biskuit und Nussboden) mit Alkohol,D,307,5.8,27.5,17.1,1.1,20.4
Y999140,Fürst-Pückler-Eis,Y,276,5,18.3,20,1.1,18.1
X1A2010,Kartoffelsalat mit Marinade (Gemüsebrühe),X,83,1.52,11.42,3,1.5,1.2
W219500,Kochsalami,W,141,16.98,0,8.1,0.05,0
X1A6000,"Schichtsalat mit Gemüse, Früchten, Käse, Eiern, Schinken und Mayonnaise mit Zitronensaft",X,216,7.4,5,18,1.5,3.7
X326513,Kapernsauce von heller/weißer Grundsauce,X,82,1.4,3.39,6.9,0.28,0.8
D7B8100,Spritzgebäck (Rührmasse) schokoliert,D,507,6.6,49.8,30.4,3.75,22.8
X551563,Auberginen-Tomaten-Paprikagemüse geschmort,X,143,1.59,7.9,10.7,3.2,7.6
X2A1140,"Sauerkrautsalat (roh) mit Apfel, Paprika, Speck und Saure-Sahne-Dressing",X,52,1.67,4.9,1.7,2.9,4.5
C514600,"Knuspermüslimischung mit Schokolade, gesüßt",C,421,8.9,56.8,15.1,7.5,19.9
X1A8040,"Heringssalat mit Roter Bete, Apfel, Gewürzgurke und Mayonnaise, gestreckt mit saurer Sahne",X,157,6.1,4.7,12.1,0.9,4.6
X347160,"Remouladensauce, gestreckt mit saurer Sahne",X,288,4.5,2.5,28.7,0.3,2.5
X987312,Pizzabaguette mit Tomaten und Käse überbacken,X,260,13.9,21,12.8,1.9,1.6
Y670113,"Aal grün (Aal pochiert, in Kräutersauce)",Y,208,9.3,1.97,18,0.2,0.73
Y730443,"Omelett gebraten, gefüllt mit blanchiertem Gemüse und Kochschinken",Y,136,10.1,3.82,8.49,1.8,1.18
Y561422,Wiener Backhendl (Hähnchen im Backteig gebraten),Y,311,18.26,4.55,24.2,0.4,0.51
X518743,Gemüse mit Käsesauce überbacken,X,100,3.7,3.8,7.5,1.7,2.37
X702512,Vollkorn-Eier-Frischteigwaren mit Tomatensauce von heller/weißer Grundsauce,X,91,3.9,12.4,2.3,2.5,1.3
X268610,Rettichsalat mit Saure-Sahne-Dressing,X,39,1.4,3.4,1.8,1,2.6
X191202,Gemüsesalat (gegart) mit Joghurtmarinade,X,47,2.18,4,2.02,2.1,2.98
X740933,Eierteigwaren mit Tomatensauce (aus frischen Tomaten),X,129,4.5,16.99,4.46,1.3,1.91
Y291133,"Kalbshaxe gebraten im Ofen, mit Grundsauce dunkel/braun",Y,137,18.84,1.3,6.1,0.6,0.7
Y173012,"Rinderleber gebraten, mit Rotweinsauce",Y,122,11.46,7.34,5,0.3,0.31
Y999242,Baiser-Eistorte,Y,277,3.9,49.6,6.9,0.5,49.5
X214460,Feldsalat mit Zitronenmarinade,X,128,1.43,0.7,12.8,1.5,0.7
W252100,Krakauer/Kochpolnische,W,238,15.8,0,19.4,0.06,0
Y911160,Cheeseburger,Y,202,10.6,18.1,9.1,1.5,3.9
Y271033,"Kalbsherz geschmort, mit Sahnesauce",Y,149,11.88,3.3,9.5,1.1,1.2
Y692723,Fischgulasch mit Seelachs ungarische Art,Y,86,7.1,4.2,4.2,1.1,2.1
F134902,"Birne in Fruchtsaft, Konserve, abgetropft",F,54,0.436,11.3,0.354,2.8,9.2
W218100,Cabanossi (Brühwürstchen),W,192,15.23,0,14.57,0.07,0
S244500,"Speiseeis (Frucht, Nuss, Schoko, Vanille) gemischt",S,199,2.42,27.3,8.4,1.3,23.6
Y884312,Grüne Grütze,Y,54,0.5,11.7,0.1,1.4,9.7
W258000,"Touristenwurst einfach, gebrüht",W,213,16.33,0,16.34,0.07,0
D7A6500,"Berliner/Pfannkuchen/Krapfen (Hefeteig) frittiert, gefüllt mit Pudding",D,296,6.7,34.8,14,2.2,5.89
X531042,"Blumenkohl gedünstet, mit Semmelbröseln",X,99,2.8,7.88,6.05,3,2.29
Y6A2000,Lachs im Blätterteig gebacken,Y,229,12,8.88,15.9,0.8,0.82
X2A2000,Eisbergsalat mit Zitronenmarinade,X,72,0.8,1.71,6.4,1.6,1.7
U223072,"Rind Roastbeef (Rücken) mariniert, gegrillt",U,172,25.14,2.28,6.7,0.21,2.02
X545563,Spargelauflauf,X,164,6,3,13.9,0.7,3
F119902,"Apfel ungesüßt, Konserve, abgetropft",F,36,0.426,6.2,0.521,2.041,5.588
W872100,Krakauer Schinkenwurst Konserve,W,116,17.98,0,4.94,0.05,0
X371243,Mousselinesauce,X,350,4,2.115,36.1,0.005,2.115
X230512,"Sauerkrautsalat (roh) mit Apfel, Paprika, gebratenem Speck und Essigmarinade",X,70,1.5,4.5,3.83,3,4.12
X465823,Weiße-Bohnen-Suppe mit Fleischwursteinlage,X,98,4.45,6,5.6,2.4,0.9
X740862,"Teigwaren eifrei, in Öl geschwenkt, mit gekochtem Broccoli und Sardellen",X,140,5,17.7,5,1.9,0.91
Y857063,Fruchtgelee mit Fruchtstückchen und Schlagsahne,Y,117,2.2,14.6,4.7,0.8,14.5
Y690613,Rotbarschauflauf,Y,201,10,9.4,13.5,0.7,1.9
G332902,"Rosenkohl Konserve, abgetropft",G,29,2.736,2.2,0.3,2.969,2.1
K282262,"Kartoffelkroketten tiefgefroren, gebacken",K,257,5.77,27.22,13.24,2.99,1.36
X922143,"Frühlingsrollen gefüllt mit Gemüse und Schweinefleisch, frittiert",X,292,11.1,28,14.3,3.6,1.9
C514700,"Knuspermüslimischung mit Schokolade, gesüßt, angereichert mit Vitaminen und Mineralstoffen",C,421,8.9,56.8,15.1,7.5,19.9
Y622733,"Kabeljaufilet gefüllt, mit Grundsauce hell/weiß mit Sahne, gebacken",Y,163,15.8,2.2,9.9,0.3,0.8
D9A4600,Pudding-Vollkornplunder belegt mit Früchten und Klarguss,D,322,6.1,30,18.6,4.9,7.5
Y911060,Hamburger,Y,190,10.01,19.72,7.31,1.7,3.74
X493453,Stachelbeerkaltschale gebunden mit Stärke,X,60,0.787,12.55,0.1,1.8,9.23
Y823143,Haferflockenauflauf mit Kakao,Y,169,6.1,14.4,9.31,1.728,7.55
Y720452,Rührei gebraten mit Pfifferlingen und Speck,Y,212,8.94,1.02,18.93,0.8,0.91
X880532,Risi-Pisi mit gebratenen Shrimps,X,110,7.4,15.3,1.598,2.1,1.8
U051172,"Rind/Schwein, Frikadelle, gegrillt",U,260,19,5,18.06,0.7,0.8
Y016242,Tellersülze mit Eisbein,Y,52,6.85,0.5,2.22,0.3,0.5
X200650,Sauerkrautsalat (roh) mit Saure-Sahne-Dressing,X,56,1.34,5.1,2.1,2.8,4.7
X631042,Kartoffelschnee,X,96,1.99,16.7,2.06,1.36,0.88
X651043,"Bratkartoffeln aus Pellkartoffeln, mit Zwiebeln",X,194,2.835,18.32,11.47,3.3,1.09
F302902,"Himbeere gezuckert, Konserve, abgetropft",F,67,0.95,13.68,0.353,2,13.68
Y670632,Aal mit Speck gebacken,Y,361,17.9,0.18,31.9,0.01,0.17
T107902,"Makrele im eigenen Saft, Konserve, abgetropft",T,114,13.8,0,6.54,0,0
X462513,Linsensuppe mit Gemüse,X,82,4.53,10,1.9,3.4,1.4
Y780613,Käsepudding im Wasserbad gegart,Y,239,12,16.8,13.5,1.11,1.6
D650100,Dominosteine,D,361,4,58.4,11.4,3.6,53.3
Y036752,Kalbfleischklößchen gebraten im Ofen,Y,227,23.72,3.75,12.9,0.4,0.68
X3A7040,Spanische Sauce (Salsa),X,100,0.88,2.7,9.1,1.1,2.7
Y277133,"Kalbsnieren sauer, gebraten, mit Sahnesauce von dunkler/brauner Grundsauce",Y,165,13.45,2.31,11.1,0.2,0.67
X566142,Selleriescheiben im Backteig (mit Bier) frittiert,X,241,5.8,19.34,14.3,4.3,1.757
X3A2000,Hackfleisch-Paprikasauce,X,156,7.5,2.5,12.6,0.9,2.5
X543163,"Fenchel paniert, gebraten",X,116,4.02,7.4,7.1,2.9,2.66
Y235032,"Kalbskotelett gegrillt, mit Basilikumbutter",Y,207,22,0.1,13.2,0.1,0.1
D310300,Käsesahnetorte (Wasserbiskuit),D,222,7.2,19.1,12.7,0.25,15.7
B6A2200,Roggenvollkornknäckebrot mit Buttermilch,B,330,10.51,58.9,1.6,18.46,3.275
X702343,Vollkorn-Eier-Frischteigwaren mit Roquefortsauce,X,254,8.79,10.8,19.03,2.08,0.963
X270440,Fruchtsalat mit Chicoree und Saure-Sahne-Dressing,X,49,1.7,6.2,1.4,1.6,5.6
S154000,Fruchtsirup,S,249,0.6,59.97,0.1,0.2,59.97
Y724253,Rührei gebraten mit Fleischwurst und Zwiebeln,Y,212,12.23,0.94,17.65,0.3,0.93
W324000,"Kalbsleberwurst grob, mit Schweinefleisch",W,227,14.5,1.02,18.3,0.1,0.42
R9A4200,"Vanillebuttercreme gestreckt, für Gebäck/Torten",R,305,2.4,14.97,26.11,0.032,11.54
Y322113,"Schweinekamm geschmort, mit Grundsauce dunkel/braun",Y,158,13.08,2.9,10.2,1.2,1.1
D288300,Apfel-Mohntorte (Mürbeteig),D,266,6.5,18.8,17.4,3.9,10.9
Y022422,Berner Würstel gebraten,Y,281,15.7,0.16,24.12,0.03,0.112
Y840363,Apfelkompott mit Rosinen und Rum,Y,56,0.4,11,0.3,1.5,10.3
Y181223,"Rinderrauchfleisch gekocht, in Sahnesauce von dunkler/brauner Grundsauce",Y,119,13.62,2.81,5.9,0.18,0.47
G850132,Gemüsecremesuppe aus Instantpulver (mit Wasser zubereitet),G,34,0.75,6.7,0.3,0.6,4.09
D096000,Zwiebelkuchen mit Speck (Hefeteig),D,179,5.54,20,8,2,4.3
K391292,"Kartoffelrösti tiefgefroren, frittiert",K,291,3.13,38.6,13.23,2.5,2.6
X740833,"Teigwaren eifrei, mit Tomatensauce (aus frischen Tomaten) mit Sardellen",X,135,4.3,18.73,4.4,1.4,2.13
Y840953,"Birnen gekocht, mit Schokoladensauce",Y,90,1.82,15,2.3,2,11.25
W812000,Gefüllter Schweinekamm gebraten ohne Fett (Ofen),W,195,21,1.8,11.5,0.4,0.8
Y611632,"Brathering mariniert, abgetropft",Y,211,15.1,6.76,13.5,0.52,0.36
Y845153,"Bratapfel gefüllt gebacken, mit Vanillesauce",Y,157,2.3,18.9,7.4,1.8,16.8
X448353,Pilzsuppe,X,39,1.6,1.6,2.6,1.5,0.7
Y635132,"Flunder paniert, gebraten",Y,173,15.2,6.09,9.4,0.54,0.65
G491802,"Knoblauch gesäuert, abgetropft",G,122,7.29,3,0.507,36.41,1.9
Y921162,"Döner Kebab, Fladenbrot gefüllt mit Grillfleisch (Geflügel), Rohkost und Sauce",Y,199,13.08,18,7.9,1.6,1.1
P9A5100,"Cocktail, Bloody Mary",P,42,0.25,0.98,0.02,0.26,0.92
X760112,Maultaschen Schwäbische Art (mit Hackfleisch) gegart,X,132,10.4,8.032,6.02,2.2,0.632
W531082,"Kasseler, Rohpökelware, geräuchert, paniert, gebraten ohne Fett (Pfanne)",W,152,22.63,7.53,3.36,0.61,0.5
Y114033,"Rinderfiletsteak gebraten, mit Sauce",Y,166,18.68,1.49,9.5,0.1,0.09
E470032,Eier-Frischteigwaren Ravioli (Gemüsefüllung) gekocht,E,141,4.99,24.5,2.08,2,0.77
X381063,Cumberlandsauce mit Rot- und Portwein,X,97,0.6,16.4,0.2,0.9,16.4
Y841112,Erdbeerkompott mit Süßstoff,Y,41,0.845,6.883,0.365,1.9,6.591
W399300,"Schinkenbrätterrine mit Alkohol, gebacken",W,243,16.5,2.1,18,0.4,2
D305000,Holländische Kirsch-Sahneschnitten/Kirsch-Sahnetorte (Blätterteig),D,287,2.8,25.2,19.2,0.8,15.2
X987212,Pizzabaguette mit Gemüse und Schafskäse überbacken,X,221,9.4,20,10.8,1.9,2.4
X6A3040,Schinkenkartoffeln mit saurer Sahne und Käse überbacken,X,201,8.5,11.8,13.1,0.9,2.1
Y640413,"Lachs gebraten, in Grundsauce hell/weiß mit Sahne",Y,193,13.52,1.63,14.7,0.07,0.74
Y171022,"Rinderherz gekocht, mit Kräutersauce von heller/weißer Grundsauce",Y,135,14.57,1.68,7.7,0.09,0.42
W362000,Presswurst,W,203,21.73,0.48,12.66,0.2,0.3
Y642232,"Forelle paniert, gebraten",Y,235,19.87,6.38,14,0.57,0.69
X466143,Weißkraut-Eintopf mit Hammelfleisch,X,119,4.5,5.1,8.4,2.3,5
Y564523,Hühnerragout mit Gemüse,Y,75,9.3,3.7,2.3,1.4,1.8
X698212,"Kürbis-Kartoffelpüree mit Milch 1,5 % Fett",X,78,2.15,10.75,2.66,0.963,2.65
X720613,Auflauf aus Eier-Frischteigwaren mit Sahne-Käsesauce und Chester überbacken,X,285,9.9,19.21,18.26,1.54,1.53
X321211,Tomatensauce aus frischen Tomaten und Frischkäse,X,145,2.35,4.24,12.77,1.1,4.24
X559043,"Kürbis gebacken, in Tomatensauce (aus Tomatenmark)",X,80,1,5.3,5.4,3,4.7
D720600,Flockentorte (Brandmasse und Mürbeteig),D,240,4,24.9,13.6,0.9,13.1
W254082,"Jagdwurst/Schinkenwurst grob, gebraten ohne Fett (Pfanne)",W,212,16.3,0.09,16.32,0.05,0
X4A8040,Linsen-Eintopf mit Suppengemüse und Eier-Frischteigwaren Spätzle,X,133,7.51,17.4,2.3,5.7,1.7
X191402,Gemüsesalat (gegart) mit Essigmarinade,X,95,1.64,3.4,7.76,2.2,2.35
H740902,"Gartenbohne reif, Konserve, abgetropft",H,130,9.038,17.72,0.597,7.136,0.785
X344260,Aioli,X,692,2.3,0.7,75.1,1.4,0.7
X151462,Auberginensalat (gegart) mit Zitronenmarinade,X,166,0.96,4.5,15.3,2,4.4
Y827163,Zwiebackauflauf mit Apfel,Y,168,4.5,22.1,6.4,1.4,14.2
F131902,"Birne ungesüßt, Konserve, abgetropft",F,35,0.301,7.01,0.303,2.6,5.37
T931292,"Seelachs paniert, tiefgefroren, frittiert",T,257,16.85,16.38,13.52,1.15,0.93
Y813452,Dampfnudeln salzig gebraten,Y,333,6.49,39,16.2,2.44,6.6
X455063,"Brotsuppe (Schwarzbrot) mit Fleischbrühe, Gemüse und Speck",X,68,1.53,4.8,4.3,1.5,1.6
Y036514,"Frikadellen gefüllt mit Schafskäse, gebraten",Y,286,18.67,3.55,21.67,0.4,0.7
G993152,"Gemüsemischung mexikanische Art, gedünstet",G,64,3.6,8.5,0.5,4.8,3.8
X0A5030,"Müsli gesüßt, mit Sojadrink und Fruchtmischung",X,138,5.03,18.9,3.7,4.2,7.6
Y870463,Haselnusscreme abgeschlagen (mit Gelatine),Y,180,7.5,11.55,11.32,0.8,11.55
D7A6100,"Berliner/Pfannkuchen/Krapfen (Hefeteig) frittiert, gefüllt mit Eierlikörcreme",D,294,6.6,34.5,13.7,2.1,6.8
D1A2200,"Kuchenboden (Mürbeteig) belegt mit Früchten, Pudding und Klarguss",D,159,3,20.9,6.4,2,9.9
X338443,Heringssauce aus Kräutersauce von heller/weißer Grundsauce,X,124,6.2,2.51,9.7,0.13,0.73
T020702,"Tintenfisch in Öl, Konserve, abgetropft",T,166,13.47,0,12.4,0,0
T812702,"Meeresfrüchte in Öl, Konserve, abgetropft",T,133,13.99,0,8.4,0,0
Y404123,Lammfleischklößchen mit Curry in Tomatensauce (aus Tomatenmark),Y,113,7.6,3.8,7.3,0.7,1.7
X655112,"Reibekuchen rheinisch gebraten, mit Apfelmus und Preiselbeeren",X,175,3.1,19.2,9.2,1.6,6.7
X1A2050,Kartoffelsalat mit Speck und Marinade (Gemüsebrühe),X,95,2.76,11.85,3.6,1.6,1.18
X720713,"Teigwaren eifrei, gebraten mit Kochwurst und Eiern",X,191,9.6,16.33,9.43,0.9,0.8
Y847012,Tutti-Frutti,Y,162,4.6,18.5,7.43,0.7,11.9
X931152,"Pfannkuchen/Eierkuchen, gebraten, gefüllt mit gedünstetem Mischgemüse",X,143,4.6,14.8,6.7,2.3,2.69
Y862753,"Grießflammeri/Grießpudding, mit Ei und Kirschsaft",Y,103,4,13.9,3.45,0.3,9.2
D771300,Pasteten (Blätterteig) mit Himbeersahne,D,315,3,22.3,22.82,2.8,6.9
W219100,Debreziner Würstchen,W,192,15.25,0,14.6,0.02,0
Y101123,"Pökelrinderbrust gekocht, mit Meerrettichsauce von heller/weißer Grundsauce",Y,146,11.52,2.99,9.7,0.42,1.28
X940362,Fränkische Mehlklöße,X,218,9.61,35.41,3.57,2.7,0.98
Y859440,Russische Creme (mit Alkohol) mit Schlagsahne,Y,205,3.9,19.99,11.1,0.03,19.99
X332163,Champignon-Weißweinsauce von dunkler/brauner Grundsauce,X,62,1.5,4.6,3.5,1,0.6
X511343,"Pilzragout von Champignons, überbacken",X,202,11.09,2.6,16.4,1,1.1
X505012,"Linsen gekocht, in Grundsauce hell/weiß",X,85,5.56,10.8,1.2,4.3,0.8
W254062,"Jagdwurst/Schinkenwurst grob, gebraten ohne Fett (Ofen)",W,206,15.78,0.08,15.8,0.05,0
X356360,Quarkmayonnaise,X,214,5.9,3.13,19.4,0.1,3.13
K750252,"Mischpilze tiefgefroren, gedünstet",K,60,6.2,3.82,0.6,8.99,1.72
X711412,Eier-Frischteigwaren Spätzle mit Käse (Käsespätzle),X,155,8,16.6,5.84,1.6,1.8
Y691610,Schwertfischsalat mit Senfmarinade,Y,122,10.66,1.2,7.9,0.4,1.2
X525043,"Wurzelpetersilie gedünstet, in Grundsauce hell/weiß mit Sahne",X,100,2.16,8.6,5.9,1.6,3.86
D720200,Sahne-Windbeutel (Brandmasse),D,293,6.44,18.39,21.31,0.96,4.986
X326112,Curry-Sahnesauce mit Früchten,X,138,1.7,6,11.7,0.6,4.3
Y845643,Apfelschnee mit Rum,Y,61,1.5,10.7,0.344,1.551,9.923
X513163,"Steinpilze gedünstet, in Grundsauce hell/weiß mit Sahne",X,92,5.73,4.27,4.9,5.96,1.01
X985162,Germknödel,X,287,7.13,41,9.7,3.33,13.9
F013700,Mehrfruchtnektar mit Süßungsmitteln,F,22,0.2,5.36,0,0.2,5.075
Y623133,"Seelachsfilet gedünstet, in Weißweinsauce von heller/weißer Grundsauce mit Sahne",Y,121,12.3,1.6,6.9,0.31,0.7
Y832043,Milchreispudding mit Mandeln und Sultaninen,Y,195,5.9,21.6,9.2,1,9.1
Y135132,"Rindersteak gegrillt, mit Kräuterbutter",Y,229,26.1,0.07,13.8,0.13,0.05
E606062,"Semmelknödel gekocht, gebacken",E,162,7.33,22.94,4.22,1.6,2.53
X655512,Kartoffelküchlein mit Käse gebraten,X,247,7,21.15,14.36,2.28,0.592
X344360,Tatarensauce,X,260,4.9,2.3,25.4,0.4,2.3
X204340,Apfel-Selleriesalat mit Zitronenmarinade,X,176,1.72,5.2,15.7,2.4,4.65
G090802,Gemüsemischung gesäuert (Puszta Salat) abgetropft,G,43,0.803,7.59,0.213,1.9,7.54
Y179423,Rinderzungenragout mit Champignons,Y,130,9.07,3,9,0.5,0.3
Y672513,Hecht gebraten im Ofen badische Art,Y,124,14.7,1.4,6.5,0.2,1
S222000,"Speiseeis (Frucht-Joghurt, Joghurt) gemischt",S,116,3.6,19.48,2.3,0.2,19.48
D3A5000,Schwarz-Weiß-Buttercremetorte (Wasserbiskuit),D,283,5.8,39.4,10.9,1.43,25.9
W981100,"Wurstkuchen mit Mürbeteig, mit Alkohol, gebacken",W,329,14,15.2,23.17,1.09,0.72
X326353,Paprikasauce von Bechamelsauce,X,87,2.46,5.34,6.1,0.22,2.42
D780300,Nuss-Plunder,D,530,9.86,43,34.5,3.7,14.29
Y845362,"Apfelküchlein gebraten, mit Vanillesauce",Y,174,3.6,20.2,8.36,1.64,10.23
X531713,Blumenkohl mit Hackfleischfüllung und Käse überbacken,X,127,9.4,4.05,8,1.3,1.18
D7A7300,Mohn-Plunder,D,445,10.59,45,23.5,5.26,14.77
Y181132,"Tafelspitz gekocht, mit Meerrettichsauce von heller/weißer Grundsauce",Y,126,15.07,2.07,6.3,0.4,0.77
S211900,"Speiseeis (Frucht, Nuss) gemischt, in Waffeltüte",S,202,2.41,30,7.51,1.3,24.4
X730243,Lasagnette (Teigwaren) mit Ricotta und Tomaten mit Spinat gedünstet,X,138,6.76,11.3,6.93,1.2,2.04
Y556113,"Wildente geschmort, mit Speck und Grundsauce dunkel/braun",Y,292,19.2,1.43,23.3,0.11,0.02
W251300,Gerauchte Schinkenwurst,W,181,15.54,0.09,13.18,0.04,0
Y377013,"Schweinenierengeschnetzeltes sauer, mit Grundsauce dunkel/braun",Y,229,13.96,2.3,18,0.3,0.46
X322243,"Champignonsauce von heller/weißer Grundsauce, mit Sahne und Weißwein",X,79,1.9,3.7,6.1,0.8,1.1
X518033,"Kaisergemüse gedünstet, in Grundsauce hell/weiß mit Sahne",X,78,2.18,4.6,5.2,2.2,2.97
X243450,Fenchelsalat (roh) mit Zitronenmarinade,X,113,1.12,2.83,10.2,2.6,2.46
Y580033,"Pute gefüllt, gebraten im Ofen, mit Grundsauce dunkel/braun",Y,179,15.66,3.32,11.4,0.3,0.29
D1A4100,"Kuchenboden (Rührmasse) belegt mit Früchten, Pudding und Klarguss",D,139,3.1,19.7,4.7,1.8,10.6
F201902,"Aprikose gezuckert, Konserve, abgetropft",F,69,0.5,15.45,0.1,1.143,15.1
K392292,"Kartoffel-Speck-Rösti tiefgefroren, frittiert",K,308,6.03,32.6,16.56,2.1,1.5
Y0A2030,Leberpudding mit Hackfleisch,Y,189,15.79,8,10.33,0.4,0.6
K701502,"Champignon gegrillt, in Öl, Konserve, abgetropft",K,322,5.2,4.5,31.44,2.9,0.4
D4A6000,Eierschecke (Hefeteig),D,256,7.8,28.1,12.2,1,15.1
Y845753,Apfelkompott mit Karamellsauce,Y,76,1.3,13.4,1.6,0.937,12.2
Y622232,"Kabeljaufilet paniert, gebraten",Y,180,17.5,6.61,8.9,0.59,0.72
X0A5020,"Müsli gesüßt, mit Milch 3,5 % Fett und Fruchtmischung",X,154,5.17,21.2,4.5,3.5,9.99
X425163,Gemüsesuppe italienisch (Minestrone),X,44,2.2,4,1.8,1.3,1.4
X0A5010,"Müsli gesüßt, mit Joghurt 3,5 % Fett und Fruchtmischung",X,125,4.85,15.3,4.1,2.3,7.93
X811233,Reis Trauttmansdorff,X,144,3.2,22,4.7,0.8,11.5
X531433,Blumenkohlauflauf,X,86,4.9,4.92,5.1,1.3,1.25
Y921062,"Döner Kebab, Fladenbrot gefüllt mit Grillfleisch (Kalb/Rind), Rohkost und Sauce",Y,177,11.2,20,5.3,1.7,1.18
Y242013,Kalbsgeschnetzeltes Zürcher Art,Y,119,12,1.8,6.8,0.5,0.6
X703112,"Teigwaren eifrei, mit Pesto verde",X,222,5.7,23.2,11.5,1.6,0.8
N271000,Mehrfruchtsaftschorle,N,22,0.2,5.36,0,0.2,5.075
Y380212,"Schweinebauch gekocht, mit Sauerkraut mit Apfel gedünstet",Y,140,7.92,1.9,10.47,1.7,1.75
T410902,"Lachs Konserve, abgetropft",T,165,21.1,0,8.93,0,0
D9A4400,Pudding-Vollkornplunder,D,302,6.3,32,15.73,3.26,12.3
E605032,Kartoffel-Schupfnudeln gekocht,E,133,4.42,25.4,1.05,2.26,0.503
X566253,"Selleriegemüse gekocht, in Grundsauce hell/weiß mit Sahne",X,65,1.37,2.77,4.7,2.7,1.79
X720533,Schinkenfleckerl (Auflauf aus Eier-Frischteigwaren mit Kochschinken und saurer Sahne),X,204,11.48,19.4,8.6,1.48,0.5
Y0A2050,Hackfleisch-Reisfüllung (für Gemüse) gedünstet,Y,240,12.97,11.1,15.87,0.4,0.54
S220500,"Speiseeis (Frucht, Nuss) gemischt",S,184,1.85,28.6,6.47,1.2,25.5
X742123,Eierteigwaren mit Tomatensauce (aus Tomatenmark) mit Speck,X,189,4.8,16,11.5,1,1.1
Y690633,Rotbarschauflauf mit Gemüse,Y,100,8,2.3,6.4,1,1.4
G410902,"Artischocke Konserve, abgetropft",G,44,2.424,2.3,0.122,11.64,2.15
G343902,"Wirsing Konserve, abgetropft",G,26,2.121,2.7,0.244,2.3,2.3
Y844912,Ananaskompott mit Süßstoff,Y,39,0.4,7.9,0.1,1.2,7.9
Y826063,Quarkauflauf mit Apfel,Y,131,4.7,13.5,6.2,0.8,9.2
Y672232,"Hecht paniert, gebraten",Y,184,18,6.61,9.1,0.59,0.72
F3B4902,"Heidelbeere ungesüßt, Konserve, abgetropft",F,20,0.3,2.61,0.318,2.1,2.61
Y021413,"Bratwurst gebraten, in Biersauce",Y,154,6.8,2,12.9,0.2,1.1
G550802,"Pfefferschote gesäuert, abgetropft",G,53,1.8,9.16,0.3,1.5,9.02
D306000,Flocken-Sahnetorte (Brandmasse und Mürbeteig),D,250,5.4,23.9,14.4,1.1,10.3
X455153,"Brotsuppe (Schwarzbrot) mit Rosinen, Apfel und saurer Sahne",X,76,1.4,11.3,2.4,1.2,6.4
X412613,Fleischbrühe mit Markklößchen,X,59,1.77,3.78,4,0.3,0.35
X570343,Erbsenpüree von Trockenerbsen,X,77,4.45,7.5,2.26,4.5,1.3
X212540,Endiviensalat mit Saure-Sahne-Dressing,X,60,1.97,3.1,4,0.8,3.1
D771400,Schuhsohlen (Blätterteig) mit Mokkasahne,D,432,3.8,23.1,35.7,1.4,4.5
X534212,"Grünkohl gedünstet, mit Speck",X,103,4.75,3.3,6.68,5.1,1.8
X526062,"Chicoree gedünstet, mit Butter",X,84,1.612,1,7.8,0.9,0.74
W372000,Rindfleischsülze mit Schwarten,W,166,23.49,0.29,7.86,0.1,0.15
W391400,Wildpastete mit Hasenfleisch,W,126,16.7,0.08,6.58,0.05,0
S241400,"Speiseeis (Frucht, Kaffee, Nuss) gemischt, mit Eierlikör",S,193,2.9,25.1,7.3,0.7,23.2
X203460,Griechischer Bauernsalat,X,157,5.27,1.41,14,0.7,1.4
Y021512,Hot Dog,Y,231,9.61,17.15,13.28,1.7,2.97
X436343,Fleischklößchen,X,171,12.61,5.43,10.88,0.6,1.34
D735100,Spitzbuben (Mürbeteig),D,501,7.3,55,27.2,3.3,28.3
X446953,Selleriesuppe,X,33,0.8,1.14,2.6,1,0.98
S210100,"Speiseeis (Frucht, Vanille) gemischt, in Waffeltüte",S,182,1.98,28.3,6.4,0.7,22.7
M293300,"Joghurt mind. 3,5 % Fett, mit Schokoladen-Getreidezubereitung, gesüßt",M,140,4.092,18.29,5.094,0.8,16.23
K241232,"Kartoffelkloß halb und halb, tiefgefroren, gargezogen",K,98,3.45,18.18,0.86,1.67,0.565
X653242,Kartoffelkroketten aus Brandteig,X,264,6.2,24.15,15.34,2.41,0.99
X465153,Weiße-Bohnen-Eintopf mit Rindfleisch,X,83,6.1,8,2.2,2.8,1.5
Y239123,"Kalbsschulter gedünstet, mit Sahnesauce",Y,142,16.26,2.3,7.4,0.3,0.4
Y583312,"Putenschnitzel paniert, gebraten",Y,204,22.72,7.07,9.1,0.63,0.68
X3A3010,"Tomatensauce aus frischen Tomaten mit Aubergine, Zucchini und Paprika",X,102,1,4,8.7,1.5,4
Y221122,"Kalbskotelett paniert, gebraten",Y,216,22.28,6.07,11.1,0.56,0.58
G891102,"Honiggurke gesäuert, abgetropft",G,70,1.083,14.52,0.201,1,14.49
X0A5040,"Müsli ungesüßt, mit Sojadrink und Fruchtmischung",X,131,5.35,16.2,3.9,4.4,4.17
X713343,Eier-Frischteigwaren Spätzle mit Gulasch einfach (mit Rindfleisch),X,133,11.2,8,6.1,0.7,0.5
X452153,"Eintopf aus Teigwaren eifrei, mit Gemüse und Hühnerfleisch",X,93,5.7,11.2,2.6,0.9,0.8
R911032,"Helle Soße aus Instantpulver, zubereitet mit Wasser",R,43,0.41,6.1,1.83,0.1,2
X205650,Gurken-Tomatensalat mit Saure-Sahne-Dressing,X,42,1.49,3.4,2.2,0.9,3.4
X469343,"Holländischer Eintopf (mit Kartoffeln, Karotten und Mettwürstchen)",X,124,6.59,7.58,7.1,1.5,3.44
Y849560,Charlotte russische Art (mit Bayerischer Creme),Y,256,6.2,19.1,17.1,0.2,15.08
W255372,"Käsekrainer/Käsewürstchen, gegrillt",W,236,19.7,0.08,17.36,0.05,0
Y661313,Rotbarsch pochiert polnische Art,Y,97,9.2,4.1,4.6,0.3,0.7
X446913,Sauerkrautsuppe mit Paprika und Kartoffeln,X,42,0.89,3.8,2,1.5,2.13
T930792,"Alaska-Seelachs im Backteig, tiefgefroren, frittiert",T,291,10.3,20.51,18.33,1.47,0.66
X1A7060,Fleischsalat (Schwein) mit Mayonnaise,X,208,12.4,3.2,15.7,0.7,2.98
X653042,Kartoffelkroketten mit Käse,X,248,6.3,27.26,12,2.82,0.99
Y173833,Saures Rinderlebergeschnetzeltes mit Sauce,Y,166,14.6,5.84,9.3,0.2,0.32
Y622633,Kabeljaufilet in Weißweinsauce von heller/weißer Grundsauce mit Sahne,Y,109,11.3,1.6,6,0.31,0.7
X518363,"Karotten und Erbsen gedünstet, in Grundsauce hell/weiß mit Sahne",X,83,2.9,8.57,3.3,3.4,4.2
Y111123,"Rinderfilet gebraten im Ofen, mit Sauce",Y,131,15.26,2.2,6.7,0.3,0.76
X328453,Sardellensauce von heller/weißer Grundsauce,X,72,2.45,3.4,5.4,0.21,0.62
X321242,Tomatensauce aus frischen Tomaten und Fleischwurst,X,157,3.643,3.37,13.88,1.1,3.37
D770400,Feingebäck (Blätterteig) schokoliert,D,556,5.77,41.5,39.95,3.54,14.2
G491702,"Knoblauch in Öl, Konserve, abgetropft",G,250,6.511,4,15.57,33.13,2.3
F091902,"Fruchtmischung/Fruchtcocktail, in Fruchtsaft, Konserve, abgetropft",F,53,0.8,10.6,0.3,2.5,8.9
D330400,Prinzregententorte (Biskuit),D,325,6.4,35.7,17,1.78,25.6
Y033132,Hamburger Hackbeefsteak gebraten,Y,227,16.27,2.62,16.64,0.6,2.62
F012700,Mehrfruchtnektar,F,42,0.2,10.36,0,0.2,10.07
X659012,Schupfnudeln gegart,X,103,3.6,19.23,0.79,2.09,0.534
D307000,Herrentorte (Mürbeteig und Wiener Boden hell) mit Apfel-Weincreme,D,336,5.3,37.3,17.7,2.2,26.4
G543802,"Gemüsepaprika rot, gesäuert, abgetropft",G,35,0.738,6.11,0.072,1.765,6.11
D300600,Schwarzwälder Kirschtorte (Schokobiskuit) mit Alkohol,D,258,4.5,22.5,15.9,1.1,14.5
E603022,Eier-Frischteigwaren Ravioli (Fleischfüllung) gedämpft,E,138,5.94,20,3.33,1.8,0.9
G569902,"Tomate getrocknet, mariniert, abgetropft",G,319,7.242,22.39,18.84,10,22.39
W811000,Gefüllter Schweinebauch gebraten ohne Fett (Ofen),W,355,23,2.8,27.9,0.4,1
X070160,"Clubsandwich mit Hähnchenbrustfilet, Tomaten, Speck und Mayonnaise",X,200,11.2,12.38,11.3,1.5,1.96
Y812343,"Grießschnitten gebraten, mit Zucker und Zimt",Y,223,6.2,18.31,13.7,0.68,8.43
W855000,Schweinebauch in Aspik,W,210,15.5,0.44,16.2,0.01,0.44
Y9A1030,Tofu-Burger vegan,Y,182,9.9,17,7.7,2.2,1.8
X9A4010,"Burrito gefüllt mit Gemüse, Pilzen und Käse",X,241,8.1,33,8.1,1.7,2.6
R146100,"Sambal Oelek, Würzpaste",R,55,1.45,9.41,0.4,1.1,8.98
Y261013,Kalbsbraten mit Weißwein-Sahnesauce von dunkler/brauner Grundsauce,Y,104,13.2,2.9,4.2,0.4,1
Y840843,Birnenkompott,Y,58,0.172,13.66,0.2,1.5,12.05
Y461113,Lammbraten mit Rotweinsauce von dunkler/brauner Grundsauce,Y,126,16.83,2,5.4,0.6,0.7
Y253133,Kalbsnierenbraten mit Grundsauce dunkel/braun,Y,130,12.48,2.9,7.4,0.9,1
X203140,Waldorfsalat mit Mayonnaise mit Zitronensaft,X,185,2.1,4.6,16.8,2.8,4.04
Y0A2040,Hackfleischfüllung (für Gemüse) roh,Y,219,14.67,4,15.91,0.5,0.7
X4A1020,Hühnersuppe mit Hühnerfleisch und Suppengemüse,X,56,5.5,0.4,3.5,0.5,0.4
X211040,Chicoreesalat mit Zitronenmarinade,X,95,1.92,1.4,8.6,1.1,1.06
Y684562,Jakobsmuscheln gebraten provenzalische Art,Y,89,6.1,3.5,5.1,1.6,2.6
X215540,Kopfsalat mit Saure-Sahne-Dressing,X,57,2.07,3.3,3.6,0.9,3.3
X454243,Grießsuppe geröstet,X,36,1.05,4,1.6,0.8,1.2
W211332,Käsewiener gargezogen,W,228,12.5,0.06,19.72,0.04,0
Y180622,"Rindfleisch gekocht, mit Apfelsahnemeerrettich",Y,157,20.47,2.3,7.1,0.7,1.88
X5A9020,"Kohlrüben/Steckrüben, gedünstet, mit Speck",X,27,1.58,2.03,0.8,2.463,1.25
F213902,"Sauerkirsche ungesüßt, Konserve, abgetropft",F,31,0.674,5.474,0.391,0.7,5.075
T931262,"Seelachs paniert, tiefgefroren, gebraten ohne Fett (Ofen)",T,194,16.67,16.21,6.71,1.13,0.92
Y633533,Seezungenfilet gratiniert,Y,141,15.4,2.6,7.5,0.8,0.4
W255382,"Käsekrainer/Käsewürstchen, gebraten ohne Fett (Pfanne)",W,194,16.4,0.06,14.17,0.04,0
T797902,"Venusmuschel Konserve, abgetropft",T,86,16.2,2.1,1.41,0,0
S242900,"Speiseeis (Frucht, Kaffee, Schoko) gemischt",S,177,2.8,25.7,6.6,1,23.7
Y171123,"Rinderherz geschmort, mit Sauce",Y,139,11.6,3.5,8.6,0.3,0.6
X326453,Senfsauce von heller/weißer Grundsauce,X,75,1.08,4,5.9,0.4,1.52
Y720643,Rührei gebraten mit Speck,Y,270,11.99,0.34,24.55,0.1,0.33
X447413,"Tomatensuppe aus frischen Tomaten, Gemüsebrühe und Teigwaren eifrei",X,38,1.1,5,1.2,0.9,2.9
X2A1020,Chinakohlsalat mit Mandarinen und Sahne-Dressing,X,62,1.64,4.7,3.6,1,4.6
Y638132,"Steinbutt paniert, gebraten",Y,169,15.3,6.08,8.9,0.54,0.65
Y637132,"Heilbutt paniert, gebraten",Y,207,17.9,6.08,12,0.54,0.65
Y650513,Karpfen pochiert polnische Art,Y,105,10,4,5.2,0.3,0.7
X412113,Fleischbrühe mit Maultaschen (mit Schweinebrät),X,26,1.3,2.26,1.2,0.2,0.15
G090262,"Gemüsemischung Kaisergemüse, tiefgefroren, gebacken",G,42,2.716,5.2,0.502,3.4,3.66
X4A8020,Erbsensuppe mit Gemüsebrühe und Suppengrün,X,56,3.25,6,1.4,3.2,1.4
D313500,Zitronensahnetorte (Wasserbiskuit),D,294,4.4,27.5,18.2,0.5,20.8
N261000,Kirschnektarschorle,N,26,0.174,5.846,0.086,0,5.652
Y943062,Currywurst mit Curryketchup und Brötchen,Y,222,9.11,19.95,11.36,1.45,6.74
Y114012,"Rinderfiletsteak gebraten, mit Kräuterbutter",Y,227,23.3,0.07,14.8,0.13,0.05
U050182,"Rind/Schwein, Hackfleisch gemischt, gebraten ohne Fett (Pfanne)",U,333,27.09,0,24.91,0,0
H620902,"Sojabohnensprossen/Sojabohnenkeimlinge, Konserve, abgetropft",H,36,4.299,2.4,0.692,1.751,2.4
X2A1080,Lauchsalat (roh) mit Saure-Sahne-Dressing,X,55,1.86,7,1.6,1.9,5.6
Y856153,Ananasgelee mit Schlagsahne,Y,83,1.7,12.07,2.9,0.266,11.22
Y692623,Fischgulasch mit Seelachs und Paprika,Y,105,9.7,2.6,5.8,1.3,2.6
Y660213,"Rotbarschfilet gedünstet, in Kräutersauce von heller/weißer Grundsauce",Y,96,9.8,1.68,5.5,0.1,0.47
X252910,Gurken-Rettichsalat mit Saure-Sahne-Dressing,X,32,1.35,2.8,1.4,0.9,2.5
X1A7050,"Fleischsalat (Rind) mit Mayonnaise, gestreckt mit saurer Sahne",X,231,13.9,1.7,18.5,0.2,1.7
X092410,"Müsli ungesüßt, mit Milch 3,5 % Fett und Fruchtmischung",X,143,5.48,17.6,4.7,3.8,5.59
Y847353,Apfelkompott mit Vanillesauce,Y,69,1.5,11.3,1.7,0.942,9.49
Y813442,Dampfnudeln süß gebraten,Y,348,7.67,42,16.05,2.53,9.25
K850532,Pilzcremesuppe aus Instantpulver (mit Wasser zubereitet),K,27,0.9,5,0.3,0.4,1.1
X449353,Kartoffelsuppe mit Lauch und Gemüsebrühe,X,57,1.06,9,1.7,0.7,1.2
D9A4300,Mohn-Vollkornplunder,D,421,10.45,40,22.7,7.23,13.95
X371043,Sauce Hollandaise/Holländische Sauce,X,518,4.5,0.75,54.9,0.007,0.75
H610902,"Bambussprossen Konserve, abgetropft",H,11,1.723,0.559,0.206,0,0.559
X6A4000,"Kartoffeltaschen mit Kräuter-Frischkäse-Füllung, gebraten",X,293,5.31,21.19,20.22,2.33,1.71
X810113,"Milchreis gesüßt, mit Milch 3.5 % Fett, gebräunter Butter, Zucker und Zimt",X,152,4.75,22.8,4.55,0.6,6.34
X6A3000,Kartoffelsouffle mit Bacon,X,174,10.3,9.6,10.24,0.8,1.46
Y291113,"Kalbshaxe gebraten im Ofen, mit Orangensauce",Y,125,17.25,1.9,5.1,0.3,1.88
U941100,"Königsberger Klopse, Konserve",U,164,9.38,3.28,12.53,0.07,0.019
Y870843,Weißweincreme abgeschlagen (mit Gelatine),Y,100,4.7,13.14,2.8,0.004,13.14
Y8A3040,Heiße Himbeersauce,Y,59,0.9,9.6,0.3,4.3,9
G720902,"Wachsbohne Konserve, abgetropft",G,17,1.4,2,0.1,1.406,1.33
K703902,"Morchel Konserve, abgetropft",K,33,2.584,0.6,0.329,8.441,0.6
D6A6000,"Lebkuchen mit Fruchtfüllung, schokoliert",D,437,5.2,50,22.9,4.7,44.5
Y686132,Tintenfischringe im Backteig (mit Bier) frittiert,Y,185,12.5,10.3,10,0.83,0.245
D741000,"Donut (Hefeteig) frittiert, mit Schokoladenglasur",D,338,6,43,15.1,3.2,18.1
Y562123,"Hähnchenbrustfilet gebraten, mit gekochtem Spargel und Grundsauce hell/weiß",Y,94,17.03,1.79,2,0.5,1.3
F217902,"Sauerkirsche mit Süßungsmitteln, Konserve, abgetropft",F,31,0.674,5.474,0.391,0.7,5.075
X328112,Sahne-Schinkensauce von heller/weißer Grundsauce mit Sahne,X,153,4.64,3.19,13.4,0.13,1.51
W275232,Helle Zungenwurst gekocht,W,257,16.28,0.21,21.18,0.12,0.14
G993200,"Gemüsemischung mexikanische Art, tiefgefroren",G,57,3.3,7.4,0.5,4.4,3.3
F207902,"Pfirsich mit Süßungsmitteln, Konserve, abgetropft",F,41,0.8,8.2,0.152,1.4,7.2
X359440,Speck-Essigmarinade für Salat,X,361,2.56,0.92,38.02,0.2,0.9
F208902,"Pfirsich ungesüßt, Konserve, abgetropft",F,19,0.5,3.46,0.094,1.1,3.02
S243600,"Speiseeis (Frucht, Nuss, Schoko) gemischt",S,201,2.44,28.9,7.81,1.6,25.5
X235540,Kohlrabisalat (roh) mit Saure-Sahne-Dressing,X,53,2.19,4.4,2.6,1.1,4.3
Y162212,"Sauerbraten vom Rind, mit Sauce",Y,238,22.7,1,15.9,0,0.36
Y301533,"Kasseler Rippenspeer gebraten im Ofen, mit Rotweinsauce von dunkler/brauner Grundsauce",Y,119,12.34,2.94,6.2,0.2,0.62
G510702,"Aubergine gegrillt, in Öl, Konserve, abgetropft",G,231,1.004,5.73,21.98,2.6,5.09
X336753,Paprika-Sahnesauce von dunkler/brauner Grundsauce,X,90,1.7,5.4,6.6,0.86,2.5
Y026022,Leberkäse gebraten,Y,328,12.53,0.19,30.78,0.07,0
U040182,"Schwein/Rind, Hackfleisch gemischt, gebraten ohne Fett (Pfanne)",U,352,26.56,0,27.31,0,0
D3A2000,Erdbeer-Charlotte mit Joghurtsahne (Biskuit),D,215,5.3,30.6,7.5,1.1,23.2
S450000,Nugat/Nougat/Noisette,S,461,3.812,76.5,15.2,1.486,76
Y564123,Hühnerfrikassee mit Weißwein,Y,180,11.34,1.7,13.9,0.11,0.31
D340100,Buttercremetorte (Sandmasse),D,357,3.7,38.2,20.8,0.5,27
Y9A1020,Gyrosburger,Y,156,14.3,14,4.3,1.6,1.4
F3A2902,"Himbeere mit Süßungsmitteln, Konserve, abgetropft",F,14,0.5,1.3,0.151,2,1.3
F305902,"Stachelbeere gezuckert, Konserve, abgetropft",F,74,0.658,16.49,0.118,1.987,15.45
Y584412,Putengeschnetzeltes mit Weißwein und saurer Sahne,Y,139,17.62,1.3,6.7,0.1,0.7
Y660313,"Rotbarschfilet gedünstet, mit Tomatensauce (aus Tomatenmark)",Y,105,11.1,1,6.1,0.3,1
X357260,Meerrettich-Dressing,X,149,3,3.7,13.1,0.21,3.5
Y022322,Bierschinken gebraten,Y,174,17.71,0.09,11.36,0.05,0
X466443,Grünkohl-Eintopf mit Kartoffeln und Schweinebauch,X,110,4.97,6.7,6.4,2.9,1.91
Y631232,"Schollenfilet mit Petersilie paniert, gebraten",Y,163,15.6,6.07,8.1,0.56,0.65
Y213133,"Kalbsmedaillons gebraten, in Weißweinsauce von heller/weißer Grundsauce",Y,135,14.5,2.8,7,0.49,0.4
Y363323,"Schweinerücken geschmort, mit Gemüse und Sauce",Y,127,9.4,3.9,7.9,1.3,1.52
E530082,"Vollkorneierteigwaren gekocht, gebraten ohne Fett (Pfanne)",E,127,5.28,22,1.01,4.6,0.276
Y637513,Heilbutt gebraten amerikanische Art,Y,169,16.91,2.92,9.6,0.91,1.8
Y231322,Wiener Schnitzel gebraten,Y,192,18.74,9.48,8.5,0.79,0.91
X2A1160,Tomaten-Paprikasalat mit Zitronenmarinade,X,99,0.78,3.26,8.7,1.3,3.25
X711343,Eier-Frischteigwaren Spätzle mit Sauerkraut (Krautspätzle),X,83,3.2,11.94,1.84,2.1,2.34
X2A1060,Kohlrabi-Karottensalat (roh) mit Zitronenmarinade,X,92,1.47,3.82,7.4,1.4,3.68
X511153,"Champignons gedünstet, in Kräutersauce von heller/weißer Grundsauce",X,54,3.89,3.9,2.5,1.9,0.4
W871800,"Krakauer/Kochpolnische, Konserve",W,173,15.85,0,12.14,0.06,0
X454812,"Graupensuppe Mecklenburg (mit Gemüsebrühe, getrockneten Pflaumen, Entenfleisch)",X,80,4.1,12.5,1,1.8,4.3
T934292,"Alaska-Seelachs paniert, tiefgefroren, frittiert",T,257,16.85,16.38,13.52,1.15,0.93
Y131032,"Roastbeef gebraten im Ofen, mit Röstgemüse",Y,141,21.21,0.9,5.6,0.9,0.9
Y945062,Rostbratwurst mit Brötchen und Senf,Y,222,15.27,16.36,10.28,1.3,1.02
F022700,"Mehrfruchtnektar, angereichert mit Vitaminen (Multivitaminnektar)",F,42,0.2,10.36,0,0.2,10.07
X2A2040,Gemischter Salat mit Zitronenmarinade,X,116,1.3,2,11,1.3,1.7
X9A1000,Couscous gebraten mit Gemüse,X,118,3.03,14.4,4.8,2.3,2.7
G992252,"Gemüsemischung Erbsen-Karotten, tiefgefroren, gedünstet",G,60,3.3,8.659,0.427,3.9,3.54
P1A1110,Weizenbier mit Fruchtnektar,P,43,0.561,4.1,0,0,2.05
Y886260,Zitronen-Joghurt-Creme (mit Gelatine),Y,211,2.9,16.75,14.2,0.027,16.75
Y9A1060,"Falafel frittiert, in Fladenbrot, vegetarisch gefüllt",Y,156,5.4,14,7.8,2.8,1.8
G311802,"Blumenkohl gesäuert, abgetropft",G,49,1.617,7.74,0.766,2.093,5.835
X1A7030,Wurstsalat Schweizer Art,X,287,10.3,0.55,26.79,0.1,0.49
F220902,"Pflaume gezuckert, Konserve, abgetropft",F,70,0.651,15.92,0.149,1.1,14.81
Y135033,"Pfeffersteak vom Rind gebraten, mit Sauce",Y,156,20.2,1.4,7.7,0.1,0.2
X459143,Aalsuppe Hamburger Art mit Trockenfrüchten,X,95,5,5.8,5.4,1.4,5.1
G543702,"Gemüsepaprika rot, gegrillt, in Öl, Konserve, abgetropft",G,215,1.026,6.64,19.78,2.366,6.64
Y690313,"Rotbarsch gebraten, mit Grundsauce hell/weiß mit Sahne",Y,154,10.2,1.78,11.6,0.2,1.1
X1A1060,"Selleriesalat (gegart) mit Apfel, Mayonnaise und Sahne",X,104,1.1,4.8,8.1,2.7,4.13
Y813652,Rohrnudeln gebacken,Y,370,7.39,45,17.25,2.75,9.42
X702233,Vollkorn-Eier-Frischteigwaren mit Sardellen-Kräuter-Pesto,X,147,6.18,12.5,7.3,2.9,0.3
X536363,"Rosenkohl gekocht, mit Bechamelsauce mit Sahne",X,103,3.2,3.35,8,2.1,2.09
W222172,"Bratwurst mittelgrob, gegrillt",W,325,17.1,0.09,28.51,0.06,0
Y945032,Rostbratwurst mit Senf,Y,196,17.41,0.24,13.86,0.3,0.15
Y845843,Vanilleäpfel,Y,128,3.8,15.3,5.4,1.2,12.4
D9A4200,Marzipan-Vollkornplunder,D,496,8.12,43,31.3,5.03,22.84
X445213,Tomatensuppe gebunden mit Reis,X,49,0.67,3.4,3.47,0.5,1.37
U013162,"Rind Frikadelle, gebraten ohne Fett (Ofen)",U,228,19.91,5,14.12,0.7,0.8
U063182,"Rind/Schwein, Hacksteak, gebraten ohne Fett (Pfanne)",U,224,17.22,1.13,16.64,0.2,1.13
F2C1902,"Aprikose ungesüßt, Konserve, abgetropft",F,23,0.7,3.623,0.113,1.143,3.271
Y623823,"Seelachsfilet gedämpft, mit Kräutersauce von heller/weißer Grundsauce",Y,96,8.45,2.05,5.8,0.2,0.78
U013182,"Rind Frikadelle, gebraten ohne Fett (Pfanne)",U,216,17.87,5,13.71,0.7,0.8
T931282,"Seelachs paniert, tiefgefroren, gebraten ohne Fett (Pfanne)",T,213,18.29,17.8,7.37,1.24,1.02
Y591112,"Hähnchenbrustfilet paniert, gebraten",Y,186,20.92,6.62,8.1,0.6,0.64
X465033,Weiße-Bohnen-Suppe mit geräuchertem Schweinefleisch,X,110,5.47,6.4,6.3,2.6,1
Y373622,Pfälzer Leberknödel (Schwein) gegart,Y,214,16.69,10.92,11.23,1,1.24
X328663,Fischsamtsauce von heller/weißer Grundsauce,X,100,3.9,3,7.9,0.5,1
W151082,Mettwurst gebraten ohne Fett (Pfanne),W,418,27.99,0.22,33.86,0.12,0
W862000,Kalbsbrust in Aspik,W,118,11.9,0.23,7.7,0.05,0.21
X323353,Gemüsesauce von Bechamelsauce,X,57,1.95,4.8,2.9,1.7,3.4
X678212,"Kartoffelmaultaschen gefüllt mit Pflaumen, gebacken",X,153,2.53,19.7,6.7,1.8,7.9
Y1A2000,Saure Nieren (Rind),Y,285,24.9,2.7,19.1,0.2,1.2
S211700,"Speiseeis Frucht, in Waffeltüte",S,174,1.7,32.4,3.66,1,26
S244600,"Speiseeis (Frucht, Karamell, Nuss, Vanille) gemischt",S,187,2.5,25.6,7.97,0.7,22.8
Y161333,"Zwiebelfleisch vom Rind geschmort, mit Sauce",Y,209,19.73,3.92,12.5,0.7,2.39
X322053,Pilzsauce von Bechamelsauce,X,78,2.9,5.13,4.7,1.7,2.6
Y252223,Kalbsrollbraten mit Weißwein-Sahnesauce von dunkler/brauner Grundsauce,Y,130,14.38,2.4,6.6,0.9,1
F304902,"Heidelbeere gezuckert, Konserve, abgetropft",F,71,1.194,13.25,0.814,2.1,13.25
X338553,Specksauce von dunkler/brauner Grundsauce,X,85,1.91,5.31,6.1,0.5,0.42
X935613,"Grießpudding salzig, mit Käse und Petersilie",X,167,6.9,16.99,7.76,0.73,2.77
Y942062,Bratwurst mit Brötchen und Senf,Y,256,11.49,18.15,14.91,1.4,1.12
Y856253,Weingelee mit Früchten,Y,87,1.3,17.3,0.1,0.6,17
Y870912,Rotweincreme abgeschlagen (mit Gelatine),Y,102,4.6,13.38,2.8,0.004,13.38
Y302113,"Kasseler Rippenspeer gebraten im Ofen, mit Sahnesauce von dunkler/brauner Grundsauce",Y,132,12.44,2.98,7.8,0.19,0.46
D433600,Baumstamm (Rührmasse) mit Schokobuttercreme,D,348,5.1,35.5,20.31,1.55,20.6
Y273113,Kalbsleber gebraten Berliner Art,Y,111,9.49,9,3.9,0.9,3.21
X2A1150,Selleriesalat (roh) mit Saure-Sahne-Dressing,X,59,1.79,4.9,2.8,2.7,4.4
Y650232,"Karpfen paniert, frittiert",Y,243,17.98,14.26,12.3,1.16,0.9
U051162,"Rind/Schwein, Frikadelle, gebraten ohne Fett (Ofen)",U,250,19.65,5,16.71,0.7,0.8
X211540,Chicoreesalat mit Saure-Sahne-Dressing,X,46,2.49,2.7,2.4,1,2.4
X230443,Sauerkrautsalat (roh) mit Apfel und gebratenem Speck,X,55,1.75,5.7,1.65,3,5.16
F324902,"Johannisbeere rot, ungesüßt, Konserve, abgetropft",F,14,0.729,1.15,0.106,1.6,1.15
C513300,"Müslimischung mit Schokolade, gesüßt",C,397,10.45,58,11.84,8.1,21.29
E470042,Eier-Frischteigwaren Ravioli (Gemüsefüllung) gedämpft,E,141,4.99,24.5,2.08,2,0.77
U040162,"Schwein/Rind, Hackfleisch gemischt, gebraten ohne Fett (Ofen)",U,357,26.96,0,27.72,0,0
G550702,"Pfefferschote in Öl, Konserve, abgetropft",G,242,1.8,6.22,22.9,1.5,6.05
D7A6200,"Berliner/Pfannkuchen/Krapfen (Hefeteig) frittiert, gefüllt mit Konfitüre",D,329,6.2,44,13.7,2.4,15.6
X682513,Himmel und Erde (Äpfel und Kartoffeln) mit gebratenem Speck,X,129,1.74,13.2,7.39,1.4,3.21
X371053,Holländische Sauce einfach,X,156,1.9,1.98,15.5,0.018,0.9
G450902,"Spargel Konserve, abgetropft",G,18,1.9,1.38,0.3,1.095,1.265
U040142,"Schwein/Rind, Hackfleisch gemischt, geschmort ohne Fett",U,386,28.08,0,30.41,0,0
Y6A4000,"Krebse gegart, in Grundsauce hell/weiß mit Sahne",Y,121,6.6,2.4,9.4,0.3,1.4
N274000,Bananennektarschorle,N,26,0.148,6.18,0,0,5.96
Y611813,"Hering gegart, in Tomatensauce von heller/weißer Grundsauce",Y,120,11.5,2.2,7,0.4,1.3
D310600,"Biskuitrolle/Biskuitroulade, mit Joghurtsahne",D,253,6.2,28.38,12.5,0.57,20.77
X191302,Gemüsesalat (gegart) mit Mayonnaise mit Essig,X,151,2,3.4,13.93,2.2,2.36
S244000,"Speiseeis (Frucht, Vanille) gemischt",S,161,1.34,26.5,5.15,0.5,23.4
D3A4000,"Nussbiskuitrolle/Nussbiskuitroulade, mit Himbeeren und Sahne",D,275,6.3,24.8,16.2,1.6,19.6
Y942032,Bratwurst mit Senf,Y,244,12.2,0.25,21.46,0.3,0.15
X329263,"Weißwein-Sahnesauce von heller/weißer Grundsauce, mit Lachs",X,129,4.2,2.6,10.9,0.5,1.4
X2A1170,Tomatensalat mit Zitronenmarinade,X,87,0.85,2.98,7.5,1.1,2.97
E606282,"Semmelknödel getrocknet, gekocht, gebraten ohne Fett (Pfanne)",E,181,8.28,24.87,4.99,1.7,2.77
X268550,Rettichsalat mit Sahne-Dressing,X,39,1.24,3,2,1,2.2
X462123,Gemüsesuppe gebunden,X,42,1.2,3.5,2.4,0.9,1.3
K260282,"Kartoffelpuffer tiefgefroren, gebraten ohne Fett (Pfanne)",K,179,5,34.32,1.81,2.7,1.54
X4A8010,"Erbsen-Eintopf mit Gemüsebrühe, Suppengrün und Kartoffeln",X,83,5.09,10,1.4,5,2
Y626132,"Leng paniert, gebraten",Y,168,17.06,6.09,8,0.54,0.65
Y731263,Kräuteromelett gebraten mit Pfifferlingen,Y,165,10.65,0.7,13.08,1,0.59
W864000,Rinderbrust in Weißweinaspik,W,163,17.4,0.61,9.2,0.02,0.61
D9A4700,Quark-Vollkornplunder,D,364,9.46,36,19.19,4.52,10.5
T930892,"Fischfrikadelle (Alaska-Seelachs) paniert, tiefgefroren, frittiert",T,178,10.2,18.6,6.73,1.3,0.42
Y860212,Zitronenwackelpudding,Y,80,2.1,14.99,0.2,0.182,14.61
X327143,Käsesauce von Bechamelsauce,X,122,4.86,4.75,9.2,0.19,2.15
Y869143,Hefepudding,Y,335,7.6,46,12.6,3.3,12.4
Y760152,"Quarkklöße mit Süßkirschkompott, Zucker und Zimt",Y,146,6.01,21,3.92,1.2,12.74
Y639132,"Rotzunge paniert, gebraten",Y,173,15.58,6.61,9,0.59,0.72
N264000,Johannisbeernektarschorle,N,27,0.215,6.404,0,0,6.393
Y274333,Kalbslungenhaschee sauer mit Sauce,Y,95,9.41,3.23,4.8,0.2,0.4
W224082,Münchner Weißwurst gebraten ohne Fett (Pfanne),W,297,12.2,0.09,27.52,0.09,0
X541563,Püree von Artischockenböden,X,181,2.63,3.27,15.4,8.98,3.11
X454463,Grünkernsuppe geröstet,X,35,1.04,3.6,1.6,1,1.4
G994262,"Gemüsemischung asiatische Art, tiefgefroren, gebacken",G,34,2.4,4,0.4,2,4
Y693312,"Seezunge gebraten in Butter, mit Kaisergemüse und Salzkartoffeln",Y,81,8.16,6.23,2.3,1.2,1.33
Y663132,"Zanderfilet paniert, gebraten",Y,185,19.3,6.61,8.7,0.59,0.72
Y211033,"Kalbslende gedünstet, mit Sauce",Y,155,19.8,1.9,7.5,0.2,0.2
F2B1902,"Aprikose mit Süßungsmitteln, Konserve, abgetropft",F,23,0.7,3.623,0.113,1.143,3.271
X741033,Eierteigwaren mit Gorgonzolasauce,X,166,6.6,16.73,7.9,0.916,0.75
S210600,"Speiseeis (Frucht, Schokolade, Vanille) gemischt, in Waffeltüte",S,197,2.47,28.6,7.61,1.2,23.5
X466023,"Wirsing-Eintopf mit Kartoffeln, Karotten und Speck",X,63,2.85,6,2.7,1.4,2.8
U040132,"Schwein/Rind, Hackfleisch gemischt, gekocht",U,370,28.54,0,28.38,0,0
Y351023,"Schweineroulade geschmort, mit Grundsauce dunkel/braun",Y,144,16,3.1,7.3,0.8,1.6
X465813,"Grüne-Bohnen-Eintopf mit Gemüsebrühe, Kartoffeln, Birne und Speck",X,78,1.6,7,4.6,1.1,2
X466053,"Wirsing-Eintopf mit Rindfleisch, Kartoffeln und Karotten",X,65,5.7,6,1.7,1.3,2.5
X981452,Schinkenknödel,X,180,9.77,19.91,6.49,1.4,2.4
W256262,"Fleischkäse grob, gebraten ohne Fett (Ofen)",W,229,21.89,0.12,15.69,0.07,0
G750902,"Sojabohne unreif (Edamame) Konserve, abgetropft",G,94,8.6,3.5,4.4,3,0.7
X456743,Ochsenschwanzsuppe gebunden,X,114,7.8,3,7.2,1,1.5
F2A1902,"Aprikose in Fruchtsaft, Konserve, abgetropft",F,36,0.8,6.7,0.148,1.3,6
F5A1902,"Ananas in Fruchtsaft, Konserve, abgetropft",F,41,0.7,8.1,0.1,1.3,7.8
X358140,Joghurt-Sahnesauce mit Kräutern für Salat,X,92,3.16,3.8,6.7,0.2,3.8
Y291223,Ossobuco alla milanese (Kalbsbeinscheiben geschmort),Y,131,18.52,0.8,5.5,0.5,0.8
G581802,"Kürbis gesäuert, abgetropft",G,112,1.042,24.22,0.123,3.449,23.66
Y622812,Bratkartoffel-Fischpfanne mit Kabeljaufilet,Y,185,10.5,13.52,9.5,1.63,0.684
U010272,"Rind Hackfleisch, tiefgefroren, gegrillt",U,303,26.2,0,22.01,0,0
H650902,"Mungbohnensprossen/Mungbohnenkeimlinge, Konserve, abgetropft",H,22,2.182,2.4,0.202,0.911,2.4
X061410,Laugenbrezel mit Butter,X,403,7.014,36,24.94,2.747,1.1
X696312,Weißes Bohnenpüree,X,161,7.962,16,5,8.3,1.2
Y840343,Apfelkompott mit Weißwein und Sultaninen,Y,67,0.4,13.6,0.3,1.5,12.9
G994282,"Gemüsemischung asiatische Art, tiefgefroren, gebraten ohne Fett (Pfanne)",G,42,3,5,0.4,3,5
Y301423,"Kasseler Rücken gebraten im Ofen, mit Grundsauce dunkel/braun",Y,118,11.97,2.97,6.4,0.2,0.309
Y569523,"Hähnchenschenkel gekocht, in Currysauce",Y,124,10.86,1.77,8.2,0.11,0.28
S541600,Vollmilchschokolade gefüllt mit Nugat/Nougat/Noisette,S,539,6.94,52.5,32.9,2.73,51.7
F597902,"Ananas mit Süßungsmitteln, Konserve, abgetropft",F,24,0.5,4.4,0.1,1.1,4.4
Y251323,"Kalbsroulade gebraten, mit Grundsauce dunkel/braun",Y,156,12.12,3.23,10.3,0.5,0.97
F083902,"Rhabarber ungesüßt, Konserve, abgetropft",F,9,0.314,0.629,0.072,1.803,0.523
Y8A4000,Grießbrei (als Dessert) mit Erdbeersauce roh,Y,102,3.14,15.02,3,0.6,10.58
Y179032,"Rinderzunge gekocht, mit Rosinensauce",Y,157,10.8,4.2,10.6,0.4,2.1
W222772,Rindsbratwurst gegrillt,W,251,12.98,0,22.17,0,0
Y634113,"Seezungenfilet gedünstet, in Tomatensauce (aus Tomatenmark)",Y,102,13.1,0.9,5,0.3,0.9
X746023,"Eier-Frischteigwaren, grün, mit Gorgonzolasauce",X,189,7.9,13.5,11.2,1.1,0.64
W211400,Berner Würstchen,W,259,13.6,0.15,22.6,0.03,0.098
X7A3000,Maultaschen mit Spinatfüllung gegart,X,96,4.4,13,2.53,1.7,0.6
G891202,"Senfgurke gesäuert, abgetropft",G,44,1.052,7.97,0.198,1,7.97
X328312,Carbonara Sauce,X,279,20.47,0.3,21.66,0.157,0.3
G720802,"Wachsbohne gesäuert, abgetropft",G,41,1.6,6.5,0.2,1.662,5.71
K713902,"Pfifferling Konserve, abgetropft",K,24,2.083,0.643,0.69,3.81,0.188
X572143,"Linsengemüse gekocht, mit Suppengrün und Speck",X,81,5.35,9,1.8,3.7,0.9
G090282,"Gemüsemischung Kaisergemüse, tiefgefroren, gebraten ohne Fett (Pfanne)",G,53,3.446,6.5,0.637,4.3,4.64
W253200,Tiroler/Tiroler Schinkenwurst,W,106,18.28,0.11,3.54,0.06,0
W231862,Kalbfleischkäse gebraten ohne Fett (Ofen),W,362,14.95,0.13,33.54,0.07,0
X262540,Karottensalat (roh) mit Saure-Sahne-Dressing,X,64,1.5,6.2,3,2,6.1
S244400,"Speiseeis (Frucht, Nuss, Vanille) gemischt",S,187,2.02,26.5,7.7,0.9,23
K311282,"Kartoffeltaschen mit Frischkäsefüllung, tiefgefroren, gebraten ohne Fett (Pfanne)",K,301,4.31,34,15.92,2.1,2.8
X2A1030,Coleslaw (Weißkrautsalat amerikanisch) mit Saure-Sahne-Dressing,X,54,1.72,4.9,2.4,2.2,4.8
R9A4100,"Schokobuttercreme gestreckt, für Gebäck/Torten",R,350,2.94,17.9,29.3,1.16,14.8
Y373223,"Schweinelebergeschnetzeltes mit Apfel, Zwiebeln und Grundsauce dunkel/braun",Y,109,9.37,6.6,4.8,0.9,2.81
W254042,"Jagdwurst/Schinkenwurst grob, geschmort ohne Fett",W,209,15.46,0.08,16.3,0.05,0
Y640432,Lachs gedämpft mit Joghurt-Dip mit Rosmarin,Y,125,10.62,1.7,8.1,0.009,1.7
Y660422,"Rotbarsch paniert, gebraten",Y,192,15.5,6.61,11.1,0.59,0.72
W320100,Leberrolle,W,237,17,0.52,18.56,0.1,0.17
Y9A2030,Tartufo di Pizzo (mit Nuss- und Schokoladeneis),Y,231,4.4,29,10.6,0.8,27.7
T213802,"Alaska-Pollack/Alaska-Seelachs, in Öl, Präserve, abgetropft",T,274,9.9,0,26.01,0,0
D321000,Joghurtsahnetorte (Biskuit und Mürbeteig),D,261,4.7,25.1,15.5,0.5,18.8
X465663,"Grüne-Bohnen-Eintopf mit Gemüsebrühe, Kartoffeln und Hammelfleisch",X,82,3.8,6,4.5,1,1.3
Y845953,Apfelkompott mit Rosinen und Mandeln,Y,73,1.2,11.2,2,1.9,10.4
Y662433,"Schwertfisch gebraten, mit gedünstetem Paprika-Tomaten- und Gurkengemüse",Y,86,10.31,2.3,3.6,0.9,2.3
K282292,"Kartoffelkroketten tiefgefroren, frittiert",K,320,5.12,24.16,21.91,2.65,1.2
X465623,"Grüne-Bohnen-Eintopf mit Gemüsebrühe, Kartoffeln, Rindfleisch und Speck",X,94,4.7,6,5.4,0.9,1.3
D771100,Erdbeer-Sahneschnitten (Blätterteig),D,289,2.69,17.08,22.8,1.6,5.056
Y161013,Rinderbraten mit Sauce,Y,138,16,1.6,7.2,1.1,1.6
F321902,"Johannisbeere rot, gezuckert, Konserve, abgetropft",F,67,0.729,14.58,0.106,1.6,14.58
S244200,"Speiseeis (Frucht, Kaffee, Schoko, Vanille) gemischt",S,182,2.7,25,7.5,0.9,22.3
X427153,Fleischbrühe mit Leberspätzle/Leberreis,X,63,4.13,7.88,1.5,0.6,0.11
Y692943,Ragout fin mit Rotbarsch,Y,106,10.8,1.1,6.3,0.2,0.57
D340200,Traubentorte (Sandmasse) mit Vanillecreme und Klarguss,D,176,2.4,23.2,7.73,1,15.9
W251200,Norddeutsche Kochmettwurst,W,195,15.07,0.12,14.92,0.07,0
X6A1000,"Kartoffeln gekocht, mit gebratenem Hähnchenfleisch und Kräutersauce von Bechamelsauce",X,97,8.83,10.18,2.2,0.78,1.04
Y720863,Rührei gebraten mit Käse und Kochschinken,Y,220,16.4,0.42,16.88,0.1,0.41
X703012,"Eier-Frischteigwaren Ravioli, mit Hackfleischfüllung, in Tomatensauce von heller/weißer Grundsauce",X,114,5.5,13,4.1,1.2,1
Y299113,"Kalbskeule geschmort, mit Sahnesauce von dunkler/brauner Grundsauce",Y,105,13.7,2.7,4.1,1,1.2
Y621922,"Kabeljau gebraten, mit gedünstetem Paprika-Tomatengemüse",Y,66,7.9,4.2,1.6,1.3,3.2
Y9A2050,Vanillecremeeis mit Schlagsahne und frischen Erdbeeren,Y,151,2.3,8.97,11.43,0.9,8.79
Y279033,"Kalbszunge gekocht, mit Weißweinsauce von heller/weißer Grundsauce und saurer Sahne",Y,114,9.89,1.4,7.4,0.08,0.3
Y846653,"Milchreis mit Milch 3,5 % Fett und Aprikosenkompott",Y,116,3.7,19.7,2.34,0.8,7.36
D720700,Preiselbeer-Stracciatella-Sahne-Kranz (Brandmasse),D,302,5.1,27.7,18.6,1.3,17.9
X613043,Kartoffelgemüse mit Kräutersauce von heller/weißer Grundsauce,X,79,1.56,10.7,3,1.3,0.86
Y301213,"Kasseler Rippenspeer gekocht, mit Sauerkraut",Y,58,5.59,1.45,2.42,2.1,1.33
Y023113,Leberwürste erwärmt,Y,356,16.83,0.59,31.74,0.1,0.23
X444143,Gemüsecremesuppe,X,63,1.17,4.08,4.5,0.7,1.62
Y623312,"Seelachsfilet paniert, gebraten",Y,181,17.3,6.09,9.4,0.54,0.65
X447313,"Tomatensuppe aus Tomatenmark, Gemüsebrühe und Teigwaren eifrei",X,51,1.1,5.6,2.6,0.4,1.3
X702612,Vollkorn-Eier-Frischteigwaren mit gedünstetem Kaisergemüse,X,95,4.19,11.47,2.9,3.1,1.53
X4A8100,Weiße-Bohnen-Eintopf mit Speck,X,88,4.4,8,3.5,2.9,1.7
X371143,Sauce Bearnaise/Bearner Sauce,X,212,2.9,1.03,21.1,0.1,0.95
S211800,"Speiseeis (Frucht, Karamell) gemischt, in Waffeltüte",S,178,2.7,28.1,5.82,0.6,24.2
G582802,"Zucchini gesäuert, abgetropft",G,34,1.1,5.5,0.3,0.7,5.5
G410702,"Artischocke in Öl, Konserve, abgetropft",G,254,2.559,3.02,22.82,12.52,2.82
Y881743,Quarkklöße gefüllt mit Aprikosen,Y,133,5.6,18.4,3.53,1.29,10.97
X201200,Gemischter Salat mit Sahne-Dressing,X,42,1.7,2.8,2.2,1.4,2.5
T930182,"Fischstäbchen (Alaska-Seelachs) paniert, tiefgefroren, gebraten ohne Fett (Pfanne)",T,209,13.91,16.5,9.437,0.92,1.1
X992133,Couscous mit Butter,X,209,4.888,28.48,7.773,2.547,0.468
F023700,"Mehrfruchtnektar mit Süßungsmitteln, angereichert mit Vitaminen (Multivitaminnektar)",F,22,0.2,5.36,0,0.2,5.075
Y693932,Fish and Chips (mit Rotbarsch),Y,221,10.7,17.7,11.6,1.33,1.09
X1A1050,Rote-Bete-Salat (gegart) mit Zitronenmarinade,X,109,1.67,5.88,8.2,2,5.85
G570802,"Zuckermais gesäuert, abgetropft",G,67,2.563,10.1,0.962,2.4,6.35
Y180012,"Rindfleisch gekocht, mit Rotweinsauce",Y,124,14.74,2.41,5.9,0.2,0.3
K311262,"Kartoffeltaschen mit Frischkäsefüllung, tiefgefroren, gebacken",K,282,4.03,32,14.88,1.9,2.7
D7A7400,Pudding-Plunder,D,321,6.4,36,16.48,1.49,13.04
Y8B1012,"Vanillepudding, Flammeri, zubereitet aus Pulver und Milch 3,5 % Fett, mit Süßstoff",Y,88,3.65,10.19,3.56,0.057,4.1
T820802,"Bismarckhering Präserve, abgetropft",T,225,16.5,2.68,16,0.135,2.68
X673042,Kartoffelklöße von gekochten Kartoffeln,X,137,3.8,23.4,2.62,2.15,0.67
X201740,Gurkensalat mit Saure-Sahne-Dressing,X,41,1.53,2.9,2.3,0.8,2.9
F240902,"Süßkirsche mit Süßungsmitteln, Konserve, abgetropft",F,33,0.7,6.35,0.251,1.3,5.66
G560900,Tomate Konserve,G,19,1.15,2.536,0.2,0.93,2.498
X636212,"Kartoffel-Rosenkohlpüree mit Milch 3,5 % Fett",X,80,2.65,10.76,2.55,1.5,1.7
T935262,"Schlemmerfilet Bordelaise (Alaska-Seelachs) tiefgefroren, gebraten ohne Fett (Ofen)",T,132,9.6,6.12,7.6,0.3,0.35
Y891542,"Schaumeierkuchen (Omelette souffle) gebraten, gefüllt mit Konfitüre",Y,250,8.4,23.8,13.3,0.3,21.6
Y682333,"Hummer gegart, in Currysauce von heller/weißer Grundsauce",Y,87,10.07,1.37,4.1,0.21,0.24
X1A3040,"Reissalat mit Gemüse, Früchten, Curry und Zitronenmarinade",X,88,1.9,13.8,2.4,1.4,2.2
F591902,"Ananas ungesüßt, Konserve, abgetropft",F,24,0.5,4.4,0.1,1.1,4.4
Y8A4020,Grießbrei (als Dessert) mit Kirschsauce,Y,102,3.11,16.44,2.4,0.5,11.74
F211902,"Süßkirsche gezuckert, Konserve, abgetropft",F,67,0.7,15.01,0.251,1.3,14.32
T930882,"Fischfrikadelle (Alaska-Seelachs) paniert, tiefgefroren, gebraten ohne Fett (Pfanne)",T,129,9.8,17.9,1.73,1.2,0.4
F505902,"Feige gezuckert, Konserve, abgetropft",F,68,0.996,14.3,0.399,1.386,14.3
X322163,Pilzsauce von heller/weißer Grundsauce,X,72,1.7,3.77,5.2,1.6,1.36
D720300,Sahne-Eclairs (Brandmasse),D,293,6.44,18.39,21.31,0.96,4.986
E605332,"Schupfnudeln eifrei, gekocht",E,154,4.36,32.01,0.46,2.25,0.478
F3A4902,"Heidelbeere mit Süßungsmitteln, Konserve, abgetropft",F,20,0.3,2.61,0.318,2.1,2.61
W222182,"Bratwurst mittelgrob, gebraten ohne Fett (Pfanne)",W,349,18.62,0.1,30.4,0.06,0
K392282,"Kartoffel-Speck-Rösti tiefgefroren, gebraten ohne Fett (Pfanne)",K,292,6.28,34,13.97,2.2,1.6
W850500,Wurstsülze,W,170,11.3,0.12,13.7,0.02,0.09
Y321323,"Schweinekotelett gedünstet, mit Grundsauce dunkel/braun",Y,218,18.43,2.4,14.8,0.5,0.4
S201400,"Speiseeis (Frucht, Schokolade) gemischt, in Waffeltüte",S,198,2.51,31,6.53,1.6,25.6
U050162,"Rind/Schwein, Hackfleisch gemischt, gebraten ohne Fett (Ofen)",U,338,27.5,0,25.28,0,0
X336443,Senfsauce von dunkler/brauner Grundsauce,X,75,1.32,5.52,5.1,0.7,0.64
Y2A3000,"Kalbsroulade geschmort, mit Rotweinsauce von dunkler/brauner Grundsauce",Y,142,15.55,3.43,7.2,0.3,0.47
X328563,Muschelsauce von heller/weißer Grundsauce,X,65,5.79,2.1,3.7,0.2,0.5
F515902,"Litschi gezuckert, Konserve, abgetropft",F,68,0.65,15.3,0.239,1.097,15.1
E607182,"Grießklößchen getrocknet, gekocht, gebraten ohne Fett (Pfanne)",E,141,7.25,14.6,5.76,0.87,2.99
Y371013,"Schweineherz gespickt, gedünstet, mit Sahnesauce von dunkler/brauner Grundsauce",Y,187,14.9,3.1,12.6,0.6,0.8
X566412,"Sellerie gekocht, mit Sahne",X,31,1.43,2.5,0.8,3.5,2
Y946162,Schaschlik mit Pommes frites und Tomatenketchup,Y,175,12.29,11.49,8.47,1.5,4.02
K750282,"Mischpilze tiefgefroren, gebraten ohne Fett (Pfanne)",K,70,7.2,4.44,0.7,10.46,2
Y856453,Weingelee mit Ananas,Y,79,1.2,15.75,0,0.42,15.75
Y352112,Schweinebraten mit Grundsauce dunkel/braun,Y,185,17.2,2.2,11.7,0.8,0.9
Y379032,"Schweinezunge gekocht, mit Weißweinsauce von heller/weißer Grundsauce",Y,134,11.07,1.59,8.9,0.09,0.3
G331902,"Kohlrabi Konserve, abgetropft",G,18,1.34,2.27,0.111,1.1,2.16
G093232,"Suppengrün/Suppenkraut, tiefgefroren, gekocht",G,31,2.019,3.2,0.314,3.3,3.1
W391200,Wildbretpastete mit Hirschfleisch,W,126,16.19,0.08,6.73,0.05,0
E608082,"Böhmische Knödel gekocht, gebraten ohne Fett (Pfanne)",E,240,8.69,30.53,8.76,2,2.22
Y943032,Currywurst mit Curryketchup,Y,202,8.77,8.16,14.66,0.71,8
D300400,Nuss-Sahnetorte (Biskuit),D,335,6.4,18,26.1,1.2,13.7
X461713,"Linsen-Eintopf mit Suppengemüse, Kartoffeln und Wiener Würstchen",X,149,7.81,13.4,6,4.6,1.4
X462313,Linsen-Eintopf mit Speck,X,147,8.52,14.4,4.8,5.6,1.7
K392262,"Kartoffel-Speck-Rösti tiefgefroren, gebacken",K,323,6.93,36,16.25,2.4,1.7
W874600,Debreziner Würstchen Konserve,W,192,15.25,0,14.6,0.02,0
W256232,"Fleischkäse grob, gekocht",W,172,16.94,0.09,11.53,0.06,0
Y695112,Fischstäbchen (mit Alaska-Seelachs) gebraten,Y,255,13.12,15.57,15.41,0.867,1.04
K750902,"Mischpilze Konserve, abgetropft",K,42,4.3,2.45,0.3,7.05,1.1
X465253,Weiße-Bohnen-Suppe mit Speck,X,76,4.01,6.7,3,2.7,1
Y695623,"Hamburger Pannfisch, mit Rotbarsch",Y,181,8.4,9.79,11.59,1.8,1.05
X652912,Kartoffelkroketten,X,246,5.95,26.88,12.08,2.79,0.95
X449613,"Kartoffelsuppe mit Gemüsebrühe, gebunden",X,62,1.11,10,1.8,0.7,1
Y744123,"Eierfrikassee mit Blumenkohl und Spargel in Grundsauce hell/weiß, dazu Risotto",Y,89,4.96,7.2,4.4,0.9,1.22
U010232,"Rind Hackfleisch, tiefgefroren, gekocht",U,299,28.65,0,20.49,0,0
R9A4000,"Mokkabuttercreme gestreckt, für Gebäck/Torten",R,304,2.7,15.1,25.7,0.4,11.74
F3B2902,"Himbeere ungesüßt, Konserve, abgetropft",F,14,0.5,1.3,0.151,2,1.3
W222782,Rindsbratwurst gebraten ohne Fett (Pfanne),W,214,11.23,0,18.78,0,0
G530902,"Okra Konserve, abgetropft",G,13,1.2,0.6,0.1,2.3,0.6
T932282,"Seelachs im Backteig, tiefgefroren, gebraten ohne Fett (Pfanne)",T,277,15.85,22.09,13.54,1.59,0.71
G920902,"Gemüsemischung Leipziger Allerlei, Konserve, abgetropft",G,44,2.639,5.75,0.385,3.482,2.05
H730902,"Linse reif, Konserve, abgetropft",H,119,9.036,15.4,0.7,7.433,0.5
U012282,"Rind Hackfleisch, tiefgefroren, gebraten ohne Fett (Pfanne)",U,303,26.58,0,21.85,0,0
Y860453,"Karamellflammeri/Karamellpudding, mit Vanillesauce",Y,141,3.9,21.05,4.57,0.051,15.48
G567702,"Tomate getrocknet, in Öl, Konserve, abgetropft",G,293,6.487,23.33,16.32,9.4,23.33
G090252,"Gemüsemischung Kaisergemüse, tiefgefroren, gedünstet",G,39,2.537,4.8,0.469,3.2,3.42
G994242,"Gemüsemischung asiatische Art, tiefgefroren, geschmort ohne Fett",G,31,2.2,3.8,0.3,2,3.8
G992232,"Gemüsemischung Erbsen-Karotten, tiefgefroren, gekocht",G,60,3.3,8.631,0.426,4,3.528
X532142,"Broccoli gedünstet, mit gerösteten Semmelbröseln",X,100,4.06,5.1,6.31,3.2,1.58
Y271133,"Kalbsherz gefüllt, gedünstet, mit Sahnesauce von dunkler/brauner Grundsauce",Y,177,13.4,5.5,11.1,0.7,0.9
S221000,"Speiseeis (Frucht, Karamell, Vanille) gemischt",S,170,2.3,25.2,6.36,0.3,23
Y862763,"Grießflammeri/Grießpudding, mit Ei und Mandeln",Y,136,5.8,13.53,6.31,0.8,7.9
T105702,"Sardine in Öl, Konserve, abgetropft",T,222,24.1,0,13.9,0,0
T780702,"Europäische Auster in Öl, Konserve, abgetropft",T,87,8.865,1.508,5.02,0,0
W256162,Leberkäse gebraten ohne Fett (Ofen),W,293,13.63,0.2,26.42,0.07,0
X635253,"Kartoffel-Karottenpüree mit Milch 3,5 % Fett",X,82,2.15,11.7,2.62,1.2,2.5
N277000,Mehrfruchtsaftschorle angereichert mit Vitaminen (Multivitaminsaftschorle),N,22,0.2,5.3,0,0.2,5
F517902,"Papaya gezuckert, Konserve, abgetropft",F,58,0.5,13.2,0.079,1.4,13.2
T930862,"Fischfrikadelle (Alaska-Seelachs) paniert, tiefgefroren, gebraten ohne Fett (Ofen)",T,142,10.9,19.5,1.93,1.4,0.44
F130902,"Birne gezuckert, Konserve, abgetropft",F,84,0.475,19.48,0.176,2.6,17.84
U050132,"Rind/Schwein, Hackfleisch gemischt, gekocht",U,349,29.11,0,25.88,0,0
F313902,"Weintraube weiß, ungesüßt, Konserve, abgetropft",F,22,0.384,4.53,0.114,0.294,4.53
T934262,"Alaska-Seelachs paniert, tiefgefroren, gebraten ohne Fett (Ofen)",T,163,11.4,16.21,5.54,1.13,0.92
G488802,"Silberzwiebel gesäuert, abgetropft",G,45,0.974,8.51,0.124,1.2,8.51
G730902,"Dicke Bohne unreif, Konserve, abgetropft",G,51,4.4,4.3,0.6,5.2,0.9
Y373323,"Schweineleberschnitten gedünstet, mit Sahnesauce von dunkler/brauner Grundsauce",Y,180,15.32,3.2,11.5,0.6,0.8
Y864053,"Grießflammeri/Grießpudding, mit Ei und Kirschsauce",Y,116,4.4,15.47,3.9,0.4,10.3
K391282,"Kartoffelrösti tiefgefroren, gebraten ohne Fett (Pfanne)",K,276,3.261,40.2,10.81,2.6,2.7
X702142,Vollkorn-Eier-Frischteigwaren mit Mandelpesto,X,205,8.64,14,11.92,3.7,0.6
Y563112,Cordon bleu vom Hähnchen gebraten,Y,215,20.7,8.11,10.8,0.68,0.81
Y839312,Bananenkompott mit Süßstoff,Y,68,1.139,13.47,0.4,1.7,11.78
K750262,"Mischpilze tiefgefroren, gebacken",K,60,6.1,3.76,0.6,8.86,1.69
C492082,"Mehrkornschrot gekocht, gebraten ohne Fett (Pfanne)",C,65,2.19,11.3,0.6,2.6,0.254
Y392023,"Schweineschulter gekocht, mit Kräutersauce von heller/weißer Grundsauce",Y,128,14.12,1.86,7.1,0.1,0.47
T934282,"Alaska-Seelachs paniert, tiefgefroren, gebraten ohne Fett (Pfanne)",T,179,12.6,17.8,6.09,1.24,1.02
F3B5902,"Stachelbeere ungesüßt, Konserve, abgetropft",F,24,0.658,3.937,0.118,1.987,2.892
D780500,Marzipan-Plunder,D,520,8.24,48,32.1,3.24,23.59
X262712,Karottensalat (roh) mit Zitronenmarinade,X,130,0.68,5.05,11.2,2.2,4.97
X462063,Gemüsesuppe mit Kartoffeln und Rindfleisch,X,42,3.5,2.5,1.8,0.8,1.6
F401902,"Preiselbeere gezuckert, Konserve, abgetropft",F,164,0.733,38.33,0.448,1.313,38.29
Y880453,Quarkauflauf mit Fruchtsauce,Y,124,3.5,16.6,4.6,0.6,13.1
F3A3902,"Brombeere ungesüßt, Konserve, abgetropft",F,16,0.66,2.7,0.1,1.4,1.4
S535000,Milchschokolade gefüllt mit Nugat/Nougat/Noisette,S,527,7.2,53.5,30.9,3.16,52.4
Y021113,"Pfälzer Bratwurst gebraten, in Grundsauce dunkel/braun",Y,194,8.85,1.87,16.8,0.17,0.00667
G760902,"Erbse grün, Konserve, abgetropft",G,61,4.985,6.628,0.485,5.19,4.343
Y610712,Backfisch-Brötchen mit Kabeljau,Y,228,12.1,17.7,11.6,1.3,1.1
F6B6902,"Mandarine mit Süßungsmitteln, Konserve, abgetropft",F,28,0.858,4.609,0.269,0.86,4.609
X465953,Weiße-Bohnen-Suppe mit Karotten,X,59,2.78,7.9,1.1,2.8,1.4
Y613312,"Makrele gedünstet, pikante Art",Y,205,18.2,0.9,14.1,0.5,0.9
Y854312,Rote Grütze mit Süßstoff,Y,63,1.1,11.5,0.3,3,7.1
H720902,"Kichererbse reif, Konserve, abgetropft",H,136,7.5,15.5,2.7,9.8,1.2
Y946062,Schaschlik mit Brötchen und Tomatenketchup,Y,172,15.2,10.68,7.3,1.4,3.9
Y8A7010,"Pfannkuchen/Eierkuchen, mit Milch 3,5 % Fett und Rosinen, gebraten",Y,268,7.8,33.4,11,1.9,13.4
D7A7500,Quark-Plunder,D,398,9.63,43,20.24,2.07,11.6
Y672413,"Hecht gedünstet, mit Weißweinsauce von heller/weißer Grundsauce und saurer Sahne",Y,110,11.3,1.9,6.1,0.5,0.9
F341902,"Erdbeere mit Süßungsmitteln, Konserve, abgetropft",F,17,0.551,2.116,0.28,1.3,2.095
G890902,"Cornichons gesäuert, abgetropft",G,33,0.925,5.58,0.175,0.8,5.58
F640902,"Mandarine ungesüßt, Konserve, abgetropft",F,28,0.858,4.609,0.269,0.86,4.609
F3A5902,"Stachelbeere mit Süßungsmitteln, Konserve, abgetropft",F,24,0.658,3.937,0.118,1.987,2.892
G650902,"Schwarzwurzel Konserve, abgetropft",G,38,1.062,4.6,0.327,4,1.43
Y8A5050,Sahneflammeri/Sahnepudding (als Dessert) mit Kirschsauce,Y,212,3.2,20.04,13.1,0.2,13.69
X3A7070,"Mayonnaise, gestreckt mit süßer Sahne",X,514,2.2,1.92,55.2,0,1.92
G620802,"Karotte/Möhre, gesäuert, abgetropft",G,50,0.463,8.655,0.463,2.361,8.578
T710902,"Edelkrebs/Flusskrebs, Konserve, abgetropft",T,78,18,0,0.638,0,0
F092902,"Fruchtmischung/Fruchtcocktail, mit Süßungsmitteln, Konserve, abgetropft",F,34,0.5,6.4,0.3,2.2,5.2
U471242,"Kalb Haxe, tiefgefroren, geschmort ohne Fett",U,140,24.19,0,4.811,0,0
H742902,"Kidneybohne reif, Konserve, abgetropft",H,128,8.5,15.1,1,11.23,0.9
D300200,Sachertorte (Rührmasse),D,352,5.9,41,17.6,2.7,33.6
T830802,"Bratmakrele Konserve, abgetropft",T,144,13.8,5.91,6.68,0.31,3.349
F22B902,"Mirabelle mit Süßungsmitteln, Konserve, abgetropft",F,35,0.594,7.266,0.17,1.1,6.136
K271000,Gnocchi tiefgefroren,K,160,4.084,33.58,0.642,1.937,0.429
X870213,"Reisauflauf gesüßt, mit Apfel",X,144,4.19,21.9,4.16,1.2,7.5
T104702,"Sardelle in Öl, Konserve, abgetropft",T,170,16.9,0,11.4,0,0
K718902,"Steinpilz Konserve, abgetropft",K,57,6.442,3.69,0.471,8.328,0.598
G992282,"Gemüsemischung Erbsen-Karotten, tiefgefroren, gebraten ohne Fett (Pfanne)",G,93,5.1,13.31,0.657,6,5.442
G710802,"Bohne grün, gesäuert, abgetropft",G,47,1.787,7.01,0.255,3.209,6.254
Y8D7010,Tiramisu (ohne Ei) mit Likör und Früchten,Y,209,3.7,21,11.3,2,15
G710902,"Bohne grün, Konserve, abgetropft",G,21,1.662,2.1,0.138,2.72,1.292
F081902,"Rhabarber gezuckert, Konserve, abgetropft",F,74,0.314,16.79,0.072,1.803,16.69
D7A6300,"Berliner/Pfannkuchen/Krapfen (Hefeteig) frittiert, gefüllt mit Nuss-Nougat-Creme",D,392,7.6,43.7,20.1,3,14.91
F340902,"Erdbeere ungesüßt, Konserve, abgetropft",F,12,0.394,1.511,0.2,0.9,1.495
F516902,"Mango gezuckert, Konserve, abgetropft",F,65,0.5,14,0.395,1.3,12.8
Y567133,"Hühnerherzen geschmort, in Weißweinsauce von heller/weißer Grundsauce",Y,131,7.6,2.21,9.8,0.3,1.2
G090232,"Gemüsemischung Kaisergemüse, tiefgefroren, gekocht",G,30,1.96,3.8,0.363,2.6,2.65
D314400,Buttercremetorte (Schokobiskuit) mit Canacheüberzug,D,314,6.1,31.5,17.79,1.82,23.7
Y623523,Seelachs-Risotto,Y,145,9.16,17,4.3,0.7,0.8
U471272,"Kalb Haxe, tiefgefroren, gegrillt",U,140,23.16,0,5.299,0,0
X491443,"Apfelkaltschale/Apfelsuppe, mit Korinthen",X,56,0.3,12.1,0.3,1.2,11.5
Y8A5012,"Vanillepudding, Flammeri, zubereitet aus Pulver und Milch 1,5 % Fett, mit Früchten",Y,90,2.28,17.3,1,0.8,13.5
X761033,"Eier-Frischteigwaren Ravioli, vegetarisch gefüllt, mit gekochtem Gemüse in Grundsauce hell/weiß",X,92,4.6,10.2,3.3,1.5,1.63
E438062,"Eier-Frischteigwaren gekocht, gebacken",E,196,8.25,33.69,2.6,2.43,0.278
S244300,"Speiseeis (Frucht, Schoko) gemischt",S,181,1.96,29.9,5.31,1.5,27
U067162,"Kalbskäsebrät mit Schweinefleisch, gebraten ohne Fett (Ofen)",U,288,14.4,0.11,25.5,0.06,0
K311292,"Kartoffeltaschen mit Frischkäsefüllung tiefgefroren, frittiert",K,366,3.93,31,24.68,1.9,2.6
H702902,"Augenbohne reif, Konserve, abgetropft",H,114,8.5,16.07,0.47,4.1,0.713
E438082,"Eier-Frischteigwaren gekocht, gebraten ohne Fett (Pfanne)",E,176,7.41,30.25,2.34,2.18,0.249
U045172,"Schwein/Rind, Hackfleisch gemischt, gegrillt",U,351,26.07,0,27.37,0,0
U063172,"Rind/Schwein, Hacksteak, gegrillt",U,292,21.98,1.37,21.94,0.3,1.37
T936182,"Garnele paniert, tiefgefroren, gebraten ohne Fett (Pfanne)",T,360,16.38,27.56,20.05,1.94,1.48
W224032,Münchner Weißwurst gargezogen,W,258,10.9,0.07,23.79,0.08,0
G993132,"Gemüsemischung mexikanische Art, gekocht",G,58,3.3,7.7,0.5,4.5,3.4
X338653,Haschee mit Rinderhackfleisch von dunkler/brauner Grundsauce,X,144,8.2,5,9.9,0.8,1.9
K260292,"Kartoffelpuffer tiefgefroren, frittiert",K,214,5,37.97,4.03,2.9,1.7
G993142,"Gemüsemischung mexikanische Art, geschmort ohne Fett",G,70,3.9,9.3,0.6,5.2,4.2
Y844253,Rharbarbergrütze mit Vanillesauce,Y,102,1.7,18.84,1.67,1.3,14.04
X930452,Speckpfannkuchen gebraten,X,275,10.21,24.8,14.61,1.67,2.16
F22C902,"Mirabelle ungesüßt, Konserve, abgetropft",F,35,0.594,7.266,0.17,1.1,6.136
T930782,"Alaska-Seelachs im Backteig, tiefgefroren, gebraten ohne Fett (Pfanne)",T,250,11.2,22.26,12.59,1.6,0.71
W254032,"Jagdwurst/Schinkenwurst grob, gekocht",W,191,14.99,0.08,14.51,0.05,0
X612152,Petersilienkartoffeln,X,76,2.03,15.62,0.104,2.082,0.653
U010242,"Rind Hackfleisch, tiefgefroren, geschmort ohne Fett",U,297,28.06,0,20.49,0,0
Y814210,Apfel-Bananen-Birnenmus roh,Y,66,0.658,13.8,0.4,2,12
X562013,"Karotten/Möhren, gekocht, gebraten",X,104,1.193,9.401,5.811,4.3,9.256
Y562112,"Hähnchenbrustfilet gebraten, mit gedünstetem Kaisergemüse",Y,98,13.94,2.5,3.3,1.4,1.76
Y536123,Hasenbraten mit Grundsauce dunkel/braun und saurer Sahne,Y,132,19.56,1.6,5.2,0.1,0.3
F133902,"Birne mit Süßungsmitteln, Konserve, abgetropft",F,35,0.301,7.01,0.303,2.6,5.37
U010262,"Rind Hackfleisch, tiefgefroren, gebraten ohne Fett (Ofen)",U,281,26.97,0,19.28,0,0
U047200,"Schwein/Rind, Hackfleisch gemischt, tiefgefroren",U,250,18.43,0,19.55,0,0
X534133,"Grünkohl gedünstet, mit westfälischer Mettwurst",X,141,6.56,2.7,10.64,4.2,1.45
T830102,"Brathering Konserve, abgetropft",T,222,16.8,5.91,14,0.31,3.349
W231882,"Kalbfleischkäse mit Schweinefleisch, gebraten ohne Fett (Pfanne)",W,348,13.81,0.12,32.46,0.07,0
G993182,"Gemüsemischung mexikanische Art, gebraten ohne Fett (Pfanne)",G,87,4.9,11.6,0.7,6.6,5.3
Y860963,Mandelcreme (Bayerische Creme mit Mandelkrokant),Y,290,7,14.6,22.3,1.1,14.57
F22A902,"Pflaume ungesüßt, Konserve, abgetropft",F,22,0.24,4.52,0.141,1.1,3.42
G440902,"Palmenherz Konserve, abgetropft",G,23,2.2,2.74,0.1,1.3,2.62
X7A1010,"Teigwaren eifrei, gebraten mit Ei, Paprika und Hähnchenfleisch",X,148,11.8,14.59,4.43,1.39,2.49
X2A2030,Gemischter Salat mit Saure-Sahne-Dressing,X,44,1.9,3.3,2.2,1.3,3
Y631413,"Scholle gedünstet, mit Weißweinsauce von heller/weißer Grundsauce",Y,82,10.4,1.55,3.5,0.1,0.55
Y231632,Cordon bleu vom Kalb gebraten,Y,207,19.2,7.63,10.8,0.64,0.74
W256282,"Fleischkäse grob, gebraten ohne Fett (Pfanne)",W,218,20.22,0.11,15.19,0.07,0
T930762,"Alaska-Seelachs im Backteig, tiefgefroren, gebraten ohne Fett (Ofen)",T,228,10.2,20.29,11.47,1.46,0.66
F303902,"Brombeere gezuckert, Konserve, abgetropft",F,68,0.66,15.7,0.1,1.4,14.4
C492062,"Mehrkornschrot gekocht, gebacken",C,56,1.9,9.8,0.52,2.2,0.22
T417902,"Wildlachs Konserve, abgetropft",T,145,15.52,0,9.22,0,0
Y580013,"Pute gebraten im Ofen, mit Sahnesauce von dunkler/brauner Grundsauce",Y,223,19.65,1.56,15.3,0.12,0.086
G992262,"Gemüsemischung Erbsen-Karotten, tiefgefroren, gebacken",G,73,4,10.49,0.518,4.7,4.289
G561802,"Tomate gesäuert, abgetropft",G,40,0.846,6.71,0.098,1.2,6.71
Y849512,Fruchtkompott mit Süßstoff,Y,52,0.644,10.5,0.3,1.2,9.55
Y271013,"Kalbsherz gespickt, gedünstet, mit Sahnesauce von dunkler/brauner Grundsauce",Y,171,13.4,2.9,11.6,0.6,0.7
E606082,"Semmelknödel gekocht, gebraten ohne Fett (Pfanne)",E,188,8.48,26.54,4.88,1.8,2.94
F093902,"Fruchtmischung/Fruchtcocktail, ungesüßt, Konserve, abgetropft",F,34,0.5,6.4,0.3,2.2,5.2
G620902,"Karotte/Möhre, Konserve, abgetropft",G,23,0.803,2.572,0.457,2.31,2.503
T107702,"Makrele in Öl, Konserve, abgetropft",T,212,15.1,0,16.84,0,0
G994232,"Gemüsemischung asiatische Art, tiefgefroren, gekocht",G,27,1.9,3.1,0.3,2,3.1
T121702,"Thunfisch in Öl, Konserve, abgetropft",T,207,28.26,0,10.45,0,0
W211132,Bockwurst gargezogen,W,249,12.58,0,22.05,0.06,0
G613802,"Rote Rübe/Rote Bete, gesäuert, abgetropft",G,70,1.6,13,0.3,2.7,12.4
G210902,"Spinat Konserve, abgetropft",G,17,2.2,0.31,0.4,1.716,0.261
K260262,"Kartoffelpuffer tiefgefroren, gebacken",K,171,5,32.38,1.88,2.5,1.46
G090242,"Gemüsemischung Kaisergemüse, tiefgefroren, geschmort ohne Fett",G,39,2.512,4.8,0.465,3.2,3.42
K110902,"Kartoffel geschält, gekocht, Konserve, abgetropft",K,65,1.772,13.25,0.089,1.877,0.542
F206902,"Pfirsich in Fruchtsaft, Konserve, abgetropft",F,41,0.8,8.2,0.152,1.4,7.2
K391262,"Kartoffelrösti tiefgefroren, gebacken",K,303,3.597,42.5,12.58,2.8,2.8
T412902,"Buckellachs in Öl, Konserve, abgetropft",T,196,19,0,13.3,0,0
T410702,"Lachs in Öl, Konserve, abgetropft",T,203,18.91,0,14.2,0,0
G322902,"Grünkohl Konserve, abgetropft",G,34,2.4,2,1.1,3.1,0.6
F090902,"Fruchtmischung/Fruchtcocktail, gezuckert, Konserve, abgetropft",F,69,0.5,15.4,0.2,1.9,14.5
F6A6902,"Mandarine in Fruchtsaft, Konserve, abgetropft",F,48,1.379,8.115,0.442,1.053,8.115
U013172,"Rind Frikadelle, gegrillt",U,246,20.12,5,15.95,0.7,0.8
T792702,"Miesmuschel in Öl, Konserve, abgetropft",T,150,8.19,0,12.8,0,0
T933182,"Karpfen im Backteig, gebraten ohne Fett (Pfanne)",T,189,16.9,14.13,6.85,1.04,0.13
U063162,"Rind/Schwein, Hacksteak, gebraten ohne Fett (Ofen)",U,272,22.08,1.41,19.71,0.3,1.41
K702902,"Trüffel Konserve, abgetropft",K,93,9.887,0.6,0.602,22.88,0.6
U050200,"Rind/Schwein, Hackfleisch gemischt, tiefgefroren",U,236,18.8,0,17.83,0,0
F301902,"Erdbeere gezuckert, Konserve, abgetropft",F,63,0.774,13.73,0.231,0.9,13.72
T930162,"Fischstäbchen (Alaska-Seelachs) paniert, tiefgefroren, gebraten ohne Fett (Ofen)",T,206,13.75,16.32,9.33,0.909,1.09
K270032,Gnocchi gekocht,K,140,3.64,29.13,0.54,1.93,0.373
E603032,Eier-Frischteigwaren Ravioli (Fleischfüllung) gekocht,E,138,5.94,20,3.33,1.8,0.9
F323902,"Johannisbeere schwarz, gezuckert, Konserve, abgetropft",F,72,0.698,15.77,0.117,1.6,15.77
G660802,"Knollensellerie gesäuert, abgetropft",G,40,1.142,5.85,0.242,3.2,5.449
K270022,Gnocchi gedämpft,K,140,3.731,29.13,0.587,1.769,0.373
F224902,"Mirabelle gezuckert, Konserve, abgetropft",F,68,0.594,15.49,0.17,1.1,14.36
K724902,"Shiitakepilz Konserve, abgetropft",K,37,2.9,2.69,0.3,5.77,2.69
U471262,"Kalb Haxe, tiefgefroren, gebraten ohne Fett (Ofen)",U,144,25.04,0,4.876,0,0
Y8A4080,"Milchreis mit Milch 3,5 % Fett und roter Grütze",Y,123,3.8,20.7,2.4,1.2,7.4
U063200,"Rind/Schwein, Hacksteak, tiefgefroren",U,201,15.25,0,15.54,0.2,0
T932262,"Seelachs im Backteig, tiefgefroren, gebraten ohne Fett (Ofen)",T,252,14.44,20.14,12.33,1.44,0.66
X427363,Leberknödelsuppe,X,69,4.71,4.03,3.7,0.3,0.53
X1A9010,"Hummersalat mit Mayonnaise, gestreckt mit süßer Sahne",X,177,6.2,3.2,15.3,0.9,2.7
Y277013,"Kalbsnieren gebraten, mit Senfsauce von dunkler/brauner Grundsauce",Y,173,13.63,2.12,12.2,0.2,0.67
X1A4010,"Geflügelsalat (Huhn) mit Mayonnaise, gestreckt mit süßer Sahne",X,136,8.7,6.88,8,0.74,6.37
X023310,Baguette-Brötchen mit Ei und Remoulade,X,213,11.5,24,7.5,1.8,1.1
D771200,Aprikosenteilchen (Blätterteig),D,283,3,28.3,16.8,1.9,13.6
X3A6020,Linsen-Bolognese vegan,X,98,5.2,9,3.7,3.8,2.7
X339243,Madeirasauce von dunkler/brauner Grundsauce,X,77,1,6.9,4.5,0.4,2.3
X1A8060,"Thunfischsalat mit Mayonnaise, gestreckt mit Joghurt",X,180,12,1.71,13.6,0.6,1.7
W398000,Kalbfleischpastete mit Schweinefleisch,W,126,15.28,0.09,7.18,0.07,0.01
X450033,Kartoffelsuppe mit Gemüsebrühe und Brühwurst,X,93,2.95,8,5.4,0.5,0.9
X171450,Grüne-Bohnen-Salat (gegart) mit Speck-Essigmarinade,X,121,2.28,2.7,10.84,1.4,1.83
X463613,Linsensuppe mit Gemüse und gepökeltem Schweinefleisch,X,122,7.18,9,5.6,3.1,1.4
X469743,Chili con carne einfach,X,179,11.7,8,10.1,4.3,2.3
X141462,Artischockensalat (gegart) mit Zitronenmarinade,X,141,1.82,1.88,11.9,8.53,1.76
X1A3050,"Reissalat mit Gemüse, Kochschinken und Essigmarinade",X,114,4.94,6.8,6.96,1.2,2.28
X450212,"Kartoffelsuppe sauer, gebunden",X,62,1.07,10,1.7,0.7,1
X060060,"Baguette-Brötchen mit Kochschinken, Käse, Tomaten und Remoulade",X,193,14.6,16,7.3,1.5,1.3
X760312,"Maultaschen Schwäbische Art (mit Hackfleisch) gegart, mit gebratenen Zwiebeln",X,116,8.186,8.38,4.95,2.2,2.87
X565143,"Schwarzwurzeln gekocht, mit Sauce Hollandaise/Holländischer Sauce",X,174,2.1,6,14.2,4,2.9
X9A3080,"Pirogge mit Hackfleischfüllung, gebacken",X,366,15.2,33,18.59,2.7,1.6
X821012,Reis mit Pilzsauce von heller/weißer Grundsauce,X,95,2.2,15.7,2.4,1.1,0.65
D132100,Spiegeleierkuchen (Rührmasse),D,192,3.2,22.7,9.72,0.7,13.11
X541463,Artischockenböden mit Fleischfüllung,X,84,7.5,2.2,3.6,5.9,2.1
X4A8050,Linsensuppe mit Gemüse und Wiener Würstchen,X,115,5.78,9,5.5,2.8,1.2
W298100,Olivenpastete,W,155,10.91,0.07,12.27,0.32,0
X338353,Wildsauce von dunkler/brauner Grundsauce,X,95,1.1,6.6,6.7,0.4,2.5
D7B2100,"Butterkekse/Butterplätzchen (Mürbeteig) mit Nougatfüllung, schokoliert",D,482,6.43,65.8,20.9,2.49,46.9
X693412,Labskaus,X,127,7.65,7.19,7.2,1,2.14
W982700,Pastete im Brotteig gebacken,W,168,19.53,4,7.96,0.66,0.16
V913500,"Gänseleberpastete getrüffelt, in der Kruste gebacken",V,245,15.9,8.9,16,0.8,0.4
Y733242,Schaumomelett gebraten mit Gemüse,Y,168,8.2,1.98,13.87,1.413,1.094
Y064033,Hackfleischpastete (mit Mürbeteig) gebacken,Y,412,16.4,25.2,26.8,2.3,1.6
X203560,Budapester Salat,X,99,6.9,5.54,5.1,1,5.45
X6A5010,Kirschknödel mit Zucker und Zimt,X,197,2.88,24.1,9.52,1.7,9.79
X4A8000,Chili sin carne,X,70,3.3,8,1.6,4.6,3.8
X1A3030,"Reissalat bunt, mit Hühnerfleisch, Ei und Mayonnaise",X,144,4.8,9.2,9.55,1.1,2.9
D314200,Mokkabuttercremetorte (Biskuit) mit Alkohol,D,273,5.1,24,17,0.7,16
D7B5300,"Kekse/Plätzchen, kakaohaltig (Rührmasse) mit Nougatfüllung, schokoliert",D,521,6.5,56.4,29,4.03,36.4
Y724153,Rührei gebraten mit Leberkäse,Y,227,12.9,0.35,19.35,0.1,0.3
S243900,"Speiseeis (Frucht, Vanille) gemischt, mit Eierlikör",S,177,1.66,26.5,5.37,0.4,23.8
Y692313,"Seehecht mit Senfsauce von heller/weißer Grundsauce, überbacken",Y,99,10.3,1.37,5.7,0.1,0.58
S571300,Bitterschokolade gefüllt mit Fruchtcreme (alkoholhaltig),S,506,6.41,41,32.58,7.5,38.4
Y581233,"Pute mit Kastanienfüllung, gebraten im Ofen, mit Preiselbeerkonfitüre und Grundsauce dunkel/braun",Y,206,19,6.74,11.2,1.1,2.546
D9B1300,"Kekse/Plätzchen (Vollkornmürbeteig) mit Nougatfüllung, schokoliert",D,512,6.25,59,26.9,4.27,44.3
X1A9000,"Krabben-Cocktail mit Mayonnaise, gestreckt mit süßer Sahne",X,198,7.7,3.4,16.7,0.6,3.37
Y686612,"Tintenfischringe im Backteig frittiert, mit Tsatsiki",Y,159,10.1,8.6,9,0.8,1
X552423,"Gurken mit Hackfleischfüllung, geschmort, mit Sauce",X,136,7.3,4,9.7,1,2.4
X4A8070,Rote-Linsensuppe mit Koriander,X,91,4.9,9.4,3.2,2.1,1.9
D410300,Baumstamm/Bismarckeiche (Wasserbiskuit) mit Mokkabuttercreme,D,314,6.2,36.6,15.6,1.4,22.79
X464753,"Erbsensuppe mit Gemüsebrühe, Suppengrün und Speck",X,73,4.09,6,2.9,3,1.4
M856000,"Grießpudding mit Sahne und Fruchtzubereitung, gesüßt",M,116,2.34,16.5,4.47,0.2,14.68
X985212,Rohrnudeln (aus Hefeteig mit Wasser zubereitet) gebacken,X,347,6.69,46,14.49,2.76,9.971
X464913,Kichererbsen-Tomaten-Eintopf,X,104,4.7,9,4.4,5.2,1.7
X572212,"Antipasti-Teller (Gemüse und Pilze gegart, mit Thunfisch und Parmaschinken)",X,107,7.7,4,6,2.8,2
Y912060,Frikadelle mit Brötchen und Tomatenketchup,Y,266,15.51,19.85,13.53,1.5,2.19
X891212,Bami Goreng (Eierteigwaren gebraten mit Gemüse und Hähnchenfleisch),X,113,5.9,16,2.4,1.5,1.9
D7B7200,"Nuss-Spritzgebäck (Rührmasse) mit Nougatfüllung, schokoliert",D,547,7.1,44.2,37,4.2,28.2
Y038213,Bologneser Sauce mit Rinderhackfleisch,Y,182,9.34,2.9,14.4,1.2,2.9
U043262,"Schwein/Rind, Hackfleisch gemischt, tiefgefroren, gebraten ohne Fett (Ofen)",U,357,26.96,0,27.72,0,0
X556422,"Tomaten mit Hackfleischfüllung, gebacken",X,167,10.58,4,11.75,1.1,2.5
D311200,Buttercremetorte (Biskuit),D,299,5.44,26.66,18.85,0.54,17.4
D7B6200,"Mürbchen (Mürbeteig) mit Nougatfüllung, schokoliert",D,499,6.12,60.5,25.3,2.58,44.5
Y915032,Knacker mit Senf,Y,255,19.77,0.16,19.34,0.3,0.15
Y261213,"Kalbsbrust mit Hackfleischfüllung, gebraten im Ofen, mit Sauce",Y,247,17.89,2,18.5,0.4,0.4
X5A6050,"Zwiebeln gefüllt mit Champignons und Hackfleisch, geschmort",X,233,10.56,6.3,18.2,1.3,2.9
D710700,Schokoladen-Biskuitplätzchen mit Nougatfüllung,D,428,11.6,68.4,10.9,4.9,44
X5A7030,Zucchini mit Hackfleischfüllung und Käse überbacken,X,116,5.5,3,8.89,1,1.7
X940412,Fränkische Mehlklöße mit Kompott aus Trockenfrüchten,X,208,6.03,38.7,2.1,3.51,17.9
D7A1100,Biskuitplätzchen mit Nougatfüllung,D,421,11.15,77.4,6.9,2.47,47
X760712,Maultaschen Schwäbische Art (mit Hackfleisch) gebraten,X,190,10.12,7.819,12.67,2.142,0.615
X720343,"Vollkorn-Eier-Frischteigwaren mit Spinat und Tomaten Konserve, überbacken",X,89,5.23,10,2.5,2.7,1.3
Y740540,Eier russisch,Y,225,12.6,0.37,19.1,0.1,0.36
D320100,Buttercremetorte (Wiener Boden hell),D,328,4.86,27.9,21.78,0.44,17.75
D238500,Aprikosen-Nuss-Torte (Rührmasse),D,284,4.83,27.3,16.87,1.7,16.46
W272300,Würfelpastete,W,170,12.89,0.08,13.16,0,0.002
X454223,"Grießsuppe geröstet, legiert mit Eigelb",X,43,1.4,3.9,2.2,0.8,1.2
D7B3100,"Butterkekse/Butterplätzchen, kakaohaltig (Mürbeteig) mit Nougatfüllung",D,497,5.41,64.4,23.5,2.98,46.2
X331353,Tomatensauce italienische Art,X,55,1.09,3.5,3.65,1.3,3.5
X1A8030,"Heringssalat mit Apfel, Gewürzgurke und Mayonnaise, gestreckt mit saurer/süßer Sahne",X,160,7.8,3.1,12.4,0.6,2.9
D7A7410,Pudding-Frucht-Plunder,D,306,5.7,35,15.5,1.8,13.2
Y036553,"Hackfleischbällchen mit Tomatenfüllung, gebraten, mit Tomatensauce (aus Tomatenmark)",Y,226,10.9,4.2,18.1,0.9,2.2
Y610920,Heringsstipp (mit Bismarck-Hering),Y,170,7.94,3.9,13.1,0.4,3.9
D431400,Donauwellen (Rührmasse),D,315,4.55,27.7,20.23,1.91,16.1
X456243,Hascheesuppe,X,59,2.3,2.2,4.5,0.2,0.3
X5A4000,"Chicoree gedünstet, mit Käsesauce von Bechamelsauce gratiniert",X,116,3.45,3.06,9.7,0.6,1.62
X538212,"Kohlroulade mit Hackfleischfüllung, gedünstet",X,107,5.1,4,7.4,1.8,2.9
W865000,Gesülzter Hackbraten,W,198,17.1,1.07,13.9,0.2,1.07
W295200,Frühlingspastete,W,138,10.91,0.6,10.12,0.3,0.3
Y621712,Kabeljau gedünstet auf asiatischem Gemüse,Y,80,11.3,1.4,2.7,2.6,1
Y859663,Aprikosencreme,Y,138,4.8,12.8,7.1,0.303,12.7
X742423,Eierteigwaren gebraten mit Gemüse und Ei,X,122,6.1,14.2,4.2,1.5,1.52
X475713,"Haferflockensuppe geröstet, mit Gemüsebrühe und Ei",X,39,1.49,3.2,2,1,1.3
S623400,Pralinen gefüllt mit Fruchtcreme (alkoholhaltig),S,506,6.41,41,32.58,7.5,38.4
D7A7510,Quark-Frucht-Plunder,D,378,8.13,40,20.1,2.25,11.4
D630700,Waffelkekse mit Nougatfüllung,D,431,4.11,69.6,14.8,1.6,65.7
X673252,"Kartoffelklöße von gekochten Kartoffeln, gebraten mit Eiermilch",X,267,7.03,18.76,17.82,1.63,1.56
D7B8300,"Spritzgebäck (Rührmasse) mit Nougatfüllung, schokoliert",D,502,6.3,52.7,28.7,3.49,28.8
P9A8100,"Cocktail, Hugo",P,38,0,2.56,0,0,2.56
D312300,Aprikosen-Sahnetorte (Wasserbiskuit),D,217,3.6,21.4,12.8,0.8,16
X384243,Teufelssauce/Grillsauce,X,174,1.03,8.8,14.3,1.4,8.69
X682533,Himmel und Erde (Äpfel und Kartoffeln) mit gebratener Blutwurst,X,133,3.3,10.7,8.2,1.3,4.74
Y2A1010,Kalbfleischpudding mit Lachsschinken und Champignons,Y,274,20.4,6.3,18.45,0.7,1.02
W272200,Sternpastete,W,163,12.77,0.08,12.38,0.05,0
X4A8090,"Weiße-Bohnen-Eintopf mit Paprika, Tomaten und Ajvar",X,65,3.4,8,1.3,2.9,2.7
W291200,Eierpastete,W,160,12.71,0.17,12.01,0.12,0.09
X444313,Kartoffel-Lauchcremesuppe,X,63,1.21,9,2.3,0.6,1.5
Y180723,"Rindfleisch gekocht, mit Kapernsauce von heller/weißer Grundsauce",Y,131,15.6,1.46,6.9,0.2,0.36
X1A8050,"Matjessalat mit Roter Bete, Apfel, Kartoffeln und Mayonnaise",X,126,5.1,8,7.6,1.4,4.6
X712343,"Eier-Frischteigwaren mit gebackenem Kürbis, in Grundsauce hell/weiß mit Sahne",X,128,3.67,14.57,5.6,2.5,2.75
X711242,"Eier-Frischteigwaren Tomatenspätzle, selbstgemacht, roh",X,208,10.3,32.2,3.5,3.3,1.4
X476540,Gurken-Buttermilch-Joghurt-Kaltschale,X,34,2.24,3.2,1.1,0.5,3.2
Y912160,Frikadelle mit Pommes frites und Tomatenketchup,Y,240,10.01,18.32,13.65,1.5,2.98
E605082,"Kartoffel-Schupfnudeln gekocht, gebraten ohne Fett (Pfanne)",E,190,6.31,36.29,1.5,3.23,0.719
X469753,Chili con carne (mit Rinderhackfleisch),X,158,9.9,9,7.9,4.9,3.1
Y694723,"Rotbarsch mit Champignonsauce, überbacken",Y,110,6.8,3.9,7.2,0.7,0.9
D9B1100,"Butterkekse/Butterplätzchen, kakaohaltig (Vollkornmürbeteig) mit Nougatfüllung",D,494,5.96,61.8,23.7,4.68,46.2
X553812,"Paprikaschoten mit Hackfleischfüllung, gebacken",X,116,7.43,4,7.5,1.3,3.4
U063262,"Rind/Schwein, Hacksteak, tiefgefroren, gebraten ohne Fett (Ofen)",U,266,22.08,0,19.71,0.3,0
X536343,"Rosenkohl gekocht, mit Käsesauce von Bechamelsauce",X,77,4.29,3.27,4.6,2.1,1.73
D9B1500,Schoko-Müslikekse/Schoko-Müsliplätzchen (Vollkornmürbeteig),D,515,7.2,49.6,30.3,6.5,21.3
D7B8200,Spritzgebäck (Rührmasse) mit Nougatfüllung,D,489,6.3,54.1,26.9,2.33,25.4
W293100,Haselnusspastete,W,189,14.24,0.4,14.36,0.6,0.282
D7B3200,"Butterkekse/Butterplätzchen, kakaohaltig (Mürbeteig) mit Nougatfüllung, schokoliert",D,513,6.09,59.3,27.2,3.3,44.1
Y073012,Innereiengericht (von Rind/Schwein) mit Sahnesauce,Y,207,17.29,3.62,13.6,0.2,0.2
X720413,Auflauf aus Eier-Frischteigwaren mit Pilzsauce von Bechamelsauce und Gouda überbacken,X,165,6.8,20,5.9,2.2,1.4
P9A5000,"Cocktail, Touch Down",P,82,0.3,7.8,0.1,0.1,7.8
P196000,Berliner Weisse mit Fruchtsirup,P,53,0.6,5.74,0,0,3.5
X659112,"Schupfnudeln gegart, gebraten",X,243,4.55,24.14,13.62,2.66,0.676
Y036533,"Frikadellen gebraten, mit gedünsteten Tomaten",Y,164,10.43,4.41,11.38,1,2.15
X760812,Maultaschen Schwäbische Art (mit Hackfleisch) gebraten mit Ei,X,190,10.78,5.404,13.56,1.473,0.527
D7B6100,Mürbchen (Mürbeteig) mit Nougatfüllung,D,490,6.34,60.1,24.4,2.44,30.4
X081243,"Toast mit Spargel, Lachsschinken und Käse, gebacken",X,201,11,7.67,13.71,1.068,1.5
X365643,Preiselbeersauce mit Rotwein,X,145,0.476,32.46,0.289,0.854,31.53
X3A6040,Tofu-Bolognese vegan,X,160,11.4,2.7,10.7,3.2,2.7
X1A2020,Kartoffelsalat mit Mayonnaise,X,154,1.6,10.14,11.4,1.4,1.11
X810553,"Milchreis gesüßt, mit Milch 3,5 % Fett und Kompott aus Trockenfrüchten",X,167,3.98,31,2.4,1.9,17.7
X545043,"Spargel gekocht, mit Sauce Hollandaise/Holländischer Sauce",X,180,2.7,2.93,17.2,1,2.81
Y912030,Frikadelle mit Senf,Y,261,18.02,4.39,18.88,0.7,0.98
Y915062,Knacker mit Brötchen und Senf,Y,263,16.48,18.45,13.38,1.4,1.14
W295100,Champignonpastete,W,143,12.81,0.27,10.05,0.2,0
Y992060,Vanillecremeeis mit Schlagsahne und Früchten (Konserve),Y,162,2.2,12.56,11.29,0.5,12.37
Y244023,Kalbsragout fein (Ragout fin),Y,113,12.85,1.8,5.9,0.4,0.6
X208240,Tomaten-Thunfischsalat mit Essigmarinade,X,106,6.76,2.24,7.45,0.9,2.23
E470082,"Eier-Frischteigwaren Ravioli (Gemüsefüllung) gekocht, gebraten ohne Fett (Pfanne)",E,144,5.09,25,2.12,2,0.78
W291100,Schinken-Käsepastete,W,172,17.08,0.05,11.39,0.03,0
G993242,"Gemüsemischung mexikanische Art, tiefgefroren, geschmort ohne Fett",G,68,3.9,8.9,0.6,5.2,4
D330100,Buttercremetorte (Rührmasse),D,315,4.55,27.7,20.23,1.91,16.1
Y813262,Baba mit Rum,Y,315,6.6,50,8.7,2.8,20.1
X651343,Bratkartoffeln mit Speck und Zwiebeln,X,204,4.13,16.88,12.65,3,1.05
X7A3010,"Maultaschen mit Spinatfüllung, gegart in Gemüsebrühe",X,42,2,5.7,1.1,0.7,0.6
X463453,Linsen-Eintopf mit Wurst und Eier-Frischteigwaren Spätzle,X,152,7.8,15,5.7,4.4,1.3
D314300,Schokobuttercremetorte (Biskuit),D,309,5.12,25.9,20.2,1.19,18.1
Y015132,"Schweinebauch gekocht, mit warmer Blut- und Leberwurst und gedünstetem Sauerkraut",Y,139,6.32,1.36,11.31,1.7,1.24
Y740453,"Eier weich gekocht, mit Senfsauce",Y,103,6.73,2.29,7.3,0.2,0.97
X1A1000,Blumenkohlsalat (gegart) mit Quarkmayonnaise,X,131,4,4.04,10.8,1.2,2.78
Y036233,Hackbraten mit Gemüsesauce,Y,196,13.33,5.7,12.9,1.9,2.1
D9A4800,Quark-Frucht-Vollkornplunder,D,349,7.96,34,19.05,4.7,10.3
X760912,Maultaschen Schwäbische Art (mit Hackfleisch) gegart in Fleischbrühe,X,57,4.53,3.308,2.6,0.92,0.262
X5A8020,Kidneybohnen gedünstet,X,129,6.8,12,3.7,9.2,1.2
D410100,Biskuitschnitte mit Vanillebuttercreme,D,299,4.4,24.4,20.3,0.4,17.2
G993232,"Gemüsemischung mexikanische Art, tiefgefroren, gekocht",G,57,3.3,7.4,0.5,4.5,3.3
P9A6000,"Cocktail, Tequila Sunrise",P,60,0.3,5.594,0,0.1,5.594
Y913032,Bockwurst mit Senf,Y,241,12.16,0.17,21.16,0.3,0.16
E605062,"Kartoffel-Schupfnudeln gekocht, gebacken",E,208,6.91,39.7,1.64,3.53,0.786
U050282,"Rind/Schwein, Hackfleisch gemischt, tiefgefroren, gebraten ohne Fett (Pfanne)",U,333,27.09,0,24.91,0,0
X1A2000,Kartoffelsalat mit Gewürzgurke und Marinade (Gemüsebrühe),X,75,1.42,10.49,2.5,1.4,1.87
U050242,"Rind/Schwein, Hackfleisch gemischt, tiefgefroren, geschmort ohne Fett",U,364,28.65,0,27.74,0,0
E603082,"Eier-Frischteigwaren Ravioli (Fleischfüllung) gekocht, gebraten ohne Fett (Pfanne)",E,139,6.06,20,3.4,1.8,0.9
U042232,"Schwein/Rind, Hackfleisch gemischt, tiefgefroren, gekocht",U,370,28.54,0,28.38,0,0
Y9A1090,Türkische Pizza (Lahmacun) gefüllt mit Salat und Sauce,Y,183,8.2,18,8.1,2.3,2.1
Y361623,"Schweinebraten mit Sauce, Kaisergemüse und Salzkartoffeln",Y,107,7.05,7.1,5.3,1.5,1.6
V880100,Wildpaste (Brotaufstrich),V,298,14.35,1.75,25.8,0.4,1.66
Y741353,Eierfrikassee mit Pilzsauce von heller/weißer Grundsauce,Y,107,9.9,1.57,6.7,0.6,0.72
X464813,"Erbsensuppe mit Gemüsebrühe, Gemüse, Mettwürstchen und Schweinebauch",X,116,6.37,5,7.2,2.7,1.1
W272400,Trüffelmosaikpastete,W,169,14.1,0.18,12.34,0.43,0.118
U063272,"Rind/Schwein, Hacksteak, tiefgefroren, gegrillt",U,286,21.98,0,21.94,0.3,0
D7B5200,"Kekse/Plätzchen, kakaohaltig (Rührmasse) mit Nougatfüllung",D,512,6.5,58.8,27.2,2.94,34.7
Y995060,Vanillecremeeis mit heißer Himbeersauce,Y,91,1.8,12.1,2.8,3.1,11.5
X3A2010,Lachs-Spinatsauce von Grundsauce hell/weiß mit Sahne,X,160,11.33,1.51,11.9,0.4,0.75
Y6A2020,"Lachs gebraten, in Grundsauce hell/weiß mit Sahne und Risi-Pisi",Y,156,9.2,9.4,8.8,1.2,1.4
Y874012,"Vanillepudding, Flammeri, zubereitet aus Pulver und Milch 3,5 % Fett, mit Früchten und Süßstoff",Y,69,2.5,9.13,2.22,0.8,5.35
Y694823,"Kabeljaufilet gedünstet, mit Gemüsesauce von heller/weißer Grundsauce",Y,91,11.2,1.9,4,0.8,1.3
X740733,Eierteigwaren mit Carbonara Sauce,X,167,9,18.6,6.01,1.034,0.6
S241300,"Speiseeis (Frucht, Nuss, Schokolade) gemischt, mit Eierlikör",S,212,2.63,28.7,7.71,1.4,25.8
X452013,"Eintopf aus Teigwaren eifrei, mit Hackfleisch",X,134,6.5,13.1,6,0.9,2.2
Y743253,"Eier weich gekocht, mit Specksauce von dunkler/brauner Grundsauce",Y,108,7.17,2.97,7.4,0.3,0.38
Y652313,"Schleie gedünstet, mit Senfsauce von heller/weißer Grundsauce",Y,82,11.29,1.86,3.1,0.2,0.75
W399100,Lachsschinkenpastete,W,139,14.13,0.23,9.1,0.07,0.18
X147442,Lauchsalat (gegart) mit Speck-Essigmarinade,X,133,2.36,4,11.37,1.7,3
D7B2000,Butterkekse/Butterplätzchen (Mürbeteig) mit Nougatfüllung,D,458,5.83,72.3,15.7,1.98,49.5
X653123,Kartoffelkroketten mit Karotten und Erbsen in Grundsauce hell/weiß mit Sahne,X,174,4.6,18.77,8.2,3.1,2.39
Y913062,Bockwurst mit Brötchen und Senf,Y,254,11.44,18.79,14.46,1.5,1.16
X463813,Linsen-Eintopf mit Backpflaumen und Blutwurst,X,142,7.15,15.2,4.6,4.9,2.7
D9A4500,Pudding-Frucht-Vollkornplunder,D,286,5.5,31,14.75,3.57,12.47
K271032,"Gnocchi tiefgefroren, gekocht",K,148,3.927,30.67,0.617,1.862,0.391
Y036223,Hackbraten mit Grundsauce dunkel/braun,Y,210,13.53,5.82,14.6,0.7,1.04
D610800,Baiser mit Schoko-Nougatfüllung,D,435,5.4,78.2,10.6,2.46,72.1
U044262,"Schwein/Rind, Hackfleisch gemischt, tiefgefroren, gebraten ohne Fett (Pfanne)",U,352,26.56,0,27.31,0,0
X6A5020,Zwetschgenknödel mit Zucker und Zimt,X,165,2.28,20.89,7.73,1.6,8.75
Y995140,Birne Helene,Y,166,2.6,15.9,10.05,1.1,13.92
W211472,Berner Würstchen gegrillt,W,296,15.7,0.17,25.75,0.03,0.114
Y912260,Frikadelle mit Bratkartoffeln aus rohen Kartoffeln und Tomatenketchup,Y,235,8.02,16.56,14.71,2,1.37
W211482,Berner Würstchen gebraten ohne Fett (Pfanne),W,260,14,0.15,22.6,0.03,0.103
D9B1200,Kekse/Plätzchen (Vollkornmürbeteig) mit Nougatfüllung,D,507,6.3,59,26.1,5.21,34.7
Y6A2010,"Lachs im Blätterteig gebacken, mit gekochtem Spargel und Grundsauce hell/weiß",Y,177,9.2,7.49,12,0.9,1.34
Y692123,Fischklößchen mit Rotbarsch gegart und Gemüsesauce von heller/weißer Grundsauce,Y,64,5.2,3.8,2.8,1.2,1.7
K270062,"Gnocchi gekocht, gebacken",K,218,5.688,45.52,0.844,3.016,0.583
D7A7420,Pudding-Plunder belegt mit Früchten und Klarguss,D,237,4.6,28,11.4,1.5,12.1
G410732,"Artischocke in Öl, Konserve, abgetropft gekocht",G,310,3.112,3.67,27.76,15.9,3.42
Y036333,Königsberger Klopse mit Kapernsauce von heller/weißer Grundsauce,Y,140,9.4,3.52,9.7,0.4,0.75
D7B7100,Nuss-Spritzgebäck (Rührmasse) mit Nougatfüllung,D,545,7.4,43.8,37.1,3.2,24.9
G993252,"Gemüsemischung mexikanische Art, tiefgefroren, gedünstet",G,62,3.6,8.1,0.5,4.8,3.6
S244100,"Speiseeis (Frucht, Schoko, Vanille) gemischt, mit Eierlikör",S,198,2.33,27.3,6.94,1,24.4
W272100,Mosaikroulade,W,156,12.64,0.08,11.7,0.05,0
X760212,Maultaschen Schwäbische Art (mit Hackfleisch) in Butter geröstet,X,176,9.994,7.698,11.23,2.098,0.641
X1A2030,Kartoffelsalat mit Salatgurke und Marinade (Gemüsebrühe),X,71,1.44,9.74,2.5,1.4,1.34
U047242,"Schwein/Rind, Hackfleisch gemischt, tiefgefroren, geschmort ohne Fett",U,386,28.08,0,30.41,0,0
U063282,"Rind/Schwein, Hacksteak, tiefgefroren, gebraten ohne Fett (Pfanne)",U,219,17.22,0,16.64,0.2,0
E470162,"Eier-Frischteigwaren Ravioli (Gemüsefüllung) gekocht, gebacken",E,160,5.67,27.8,2.36,2.3,0.86
X466043,"Wirsing-Eintopf mit Fleischklößchen, Kartoffeln und Karotten",X,64,3.58,6,2.5,1.3,2.6
X531543,Blumenkohl mit Käsesauce von Bechamelsauce überbacken,X,84,3.92,5.43,5,1.7,2.31
X561043,"Kohlrüben/Steckrüben, gedünstet mit Speck, in Grundsauce hell/weiß",X,37,1.35,2.47,1.9,1.81,1.05
X1A1080,Weißkrautsalat (gegart) mit Speck-Essigmarinade,X,102,1.72,4.09,8.03,2.7,3.97
G991902,"Gemüsemischung asiatische Art, Konserve, abgetropft",G,22,1.7,2.5,0.3,1,2.5
G993282,"Gemüsemischung mexikanische Art, tiefgefroren, gebraten ohne Fett (Pfanne)",G,84,4.9,11,0.7,6.6,5
X559243,"Kürbis gebacken, in Paprikasauce von Bechamelsauce",X,74,1.63,6.26,4.1,2.78,4.78
Y742250,"Eier gekocht, mit Remouladensauce, gestreckt mit saurer Sahne",Y,196,9.7,1.2,16.8,0.1,1.2
Y944062,Currywurst mit Pommes frites,Y,217,6.58,17.44,13.04,1.42,5.39
K270082,"Gnocchi gekocht, gebraten ohne Fett (Pfanne)",K,200,5.2,41.62,0.771,2.757,0.533
E603062,"Eier-Frischteigwaren Ravioli (Fleischfüllung) gekocht, gebacken",E,157,6.75,23,3.78,2,1
G992902,"Gemüsemischung Erbsen-Karotten, Konserve, abgetropft",G,49,2.9,6.64,0.368,3.6,2.714
X870123,"Reisauflauf mit Karotten, Erbsen und Pilzen",X,152,6.2,18.2,5.4,2.6,2.8
Y526013,Rehbraten mit Wildsauce von dunkler/brauner Grundsauce,Y,196,22.5,2.1,10.8,0.1,0.8
Y942132,Bratwurst mit Kartoffelsalat und Senf,Y,188,5.6,6.43,15.2,1,0.75
Y525023,Rehpfeffer,Y,162,13.5,4.2,9.7,1.3,2.3
X673122,"Kartoffelklöße gebraten mit Eiermilch, mit Butterbröseln und Kompott aus Trockenfrüchten",X,253,5.47,26.5,13.1,2.53,12.5
Y9A1080,"Türkische Pizza (Lahmacun) gefüllt mit Grillfleisch (Geflügel), Rohkost und Sauce",Y,186,9.1,17,8.5,2.2,2.1
X6A3020,"Moussaka (Auflauf mit Kartoffeln, Auberginen, Bechamel- und Hackfleischsauce)",X,157,6.14,7.5,11,1.1,2.8
X321813,Tomatensauce aus Tomaten Konserve,X,108,1.206,3.6,9.549,1,3.6
X702412,Vollkorn-Eier-Frischteigwaren mit Bologneser Sauce,X,166,9.16,9,9.8,2.2,1.6
Y599112,Wrap gefüllt mit Salat und gebratenem Hähnchenbrustfilet,Y,153,12.18,15.9,4.2,1.3,2.6
X554333,"Paprikaschoten mit Hackfleisch-Reisfüllung gedünstet, in Tomatensauce (aus Tomatenmark)",X,139,5.7,8,9.1,1.2,3.6
Y546123,Wildschweinbraten mit Speck und Wildsauce von dunkler/brauner Grundsauce,Y,183,16.3,2.5,11.8,0.1,1
Y915132,Knacker mit Kartoffelsalat und Senf,Y,191,8.3,6.47,14.3,1,0.76
Y5A4000,Ragout fin aus Hühnerfleisch,Y,219,15.12,1.7,16.8,0.45,0.22
Y534133,Hasenragout,Y,182,17,3.6,10.9,0.2,2
Y945132,Rostbratwurst mit Kartoffelsalat und Senf,Y,170,7.6,6.38,12.3,1,0.75
Y916032,Brühwurst mit Senf,Y,183,14.33,0.16,13.8,0.2,0.15
Y504233,Wildgulasch mit Steinpilzen und Wildsauce von dunkler/brauner Grundsauce,Y,129,16,3.1,5,1.8,1.6
Y361233,"Schweinebrust mit Hackfleischfüllung, gebraten im Ofen, mit Sahnesauce von dunkler/brauner Grundsauce",Y,235,17.4,2,17.4,0.2,0.2
X9A4000,"Burrito gefüllt mit Gemüse, Rinderhackfleisch und Käse",X,289,11.5,35,11,1.8,2.2
X332053,Pilzsauce von dunkler/brauner Grundsauce,X,75,1.8,5.3,4.8,1.73,0.23
X450243,"Kartoffelsuppe sauer, mit Blut- und Leberwurst",X,119,3.5,8,7.9,0.6,1
X760533,"Cannelloni al forno, Teigwaren gefüllt mit Bologneser Sauce, mit Käse überbacken",X,236,11.34,14.9,14.1,1.8,2.2
Y564113,Hühnerfrikassee mit Champignons,Y,172,10.91,2.23,13.2,0.38,0.32
X466513,Grünkohl-Eintopf mit Kartoffeln und Kochwurst,X,80,5.13,6.1,3.3,2.7,1.75
Y912130,Frikadelle mit Kartoffelsalat und Senf,Y,198,8.4,7.77,14.5,1.1,1.05
D7A7430,"Pudding-Plunder belegt mit Früchten, Klarguss und Sahne",D,246,4.5,26,13.4,1.3,11.5
Y913132,Bockwurst mit Kartoffelsalat und Senf,Y,185,5.4,6.54,14.9,1,0.77
Y914132,Wiener Würstchen mit Kartoffelsalat und Senf,Y,197,5.5,6.47,16.2,1,0.76
Y516033,Hirschbraten mit Wildsauce von dunkler/brauner Grundsauce,Y,159,19.9,1.52,8,0.1,0.673
Y584223,Putenragout mit Tomaten und Champignons,Y,89,15.23,1.5,2.3,0.6,1.2
Y063813,Pirogge mit Hackfleischfüllung und Sauerkraut mit Apfel gedünstet,Y,180,7.2,16,8.84,2.6,2.1
Y916132,Brühwurst mit Kartoffelsalat und Senf,Y,165,6.6,6.2,12.3,0.9,0.73
Y916062,Brühwurst mit Brötchen und Senf,Y,214,13,17.13,10.02,1.3,1.07
X464433,"Erbsensuppe mit Gemüsebrühe, Suppengrün, Speck und Wiener Würstchen",X,103,5.38,5,6.3,2.5,1.3
Y344023,Schweineragout mit Gemüse,Y,146,12.7,2.5,9.2,1,2.3
X554113,"Paprikaschoten mit Hackfleischfüllung gebacken, in Tomatensauce (aus frischen Tomaten)",X,118,5.19,5,8.2,1.3,3.8
X070360,Sandwich mit Krabben-Cocktail,X,223,7.9,20.76,11.5,1.9,3.5
X464713,"Erbsensuppe mit Gemüsebrühe, Suppengrün und Speck, gebunden",X,77,4.15,7,2.9,3,1.4
X740433,Eierteigwaren mit Bologneser Sauce,X,164,8.3,13.9,8,1.2,1.6
Y522133,"Rehrücken gebraten im Ofen, mit Wildsauce von dunkler/brauner Grundsauce",Y,184,15.3,2.8,12.1,0.2,1.1
Y531023,Hasenbraten mariniert (Hasenpfeffer) mit Sauce,Y,199,14.1,3.8,14,0.6,1.9
Y171223,Rinderherzragout mit Champignons,Y,112,11.5,3.6,5.6,0.7,0.8
X450013,Kartoffel-Lauchcremesuppe mit Speck,X,81,2.22,9,3.9,0.6,1.5
X730033,"Lasagne al forno, Teigwaren geschichtet mit Bechamel- und Bologneser Sauce, mit Käse überbacken",X,197,9.69,8.9,13.3,1.2,3.1
Y377323,"Schweinenieren gebraten, mit Pilzen und Grundsauce dunkel/braun",Y,116,11.7,2.31,6.2,2.21,0.34
X070460,Sandwich mit Geflügelsalat (Huhn),X,186,8.5,22.85,6.2,2.02,5.31
G993902,"Gemüsemischung mexikanische Art, Konserve, abgetropft",G,47,2.9,5.7,0.4,4,2.6
Y688113,"Scampi gegart, in scharfer Tomatensauce (aus Tomaten Konserve)",Y,88,9.35,2.7,4,1,2.7
X911112,"Vollkornpizza mit Tomatensauce, Gemüse, Mozzarella und Champignons",X,181,7,16,9.12,3.6,2.3
Y332532,"Jägerschnitzel (Schweineschnitzel natur, gebraten, mit Pilzsauce)",Y,118,18.1,2.5,3.8,0.82,0.11
X912033,"Pizza Margherita (mit Tomatensauce, Mozzarella)",X,238,7.77,20,13.55,1.9,1.6
Y670533,"Aal in Tomatensauce (aus Tomaten Konserve), überbacken",Y,196,7.4,2.4,17.1,0.7,2.4
X914233,"Pizza quattro stagioni (mit Tomatensauce, Artischocken, Champignons, Paprika, Kochschinken)",X,146,5.67,15,6.11,3.8,2.4
X911013,"Vollkornpizza mit Tomatensauce, Mozzarella, Tomaten, Zwiebeln, Oliven",X,207,7.46,17,11.2,3.9,2.4
X571453,"Weiße Bohnen gekocht, in Tomatensauce (aus Tomaten Konserve)",X,83,4.4,9,2.1,4.5,1.2
X551363,"Auberginenscheiben gebraten, mit Tomatensauce (aus Tomaten Konserve) und Käse überbacken",X,154,4.4,5.5,12.2,1.6,3.7
X915333,"Pizza marinara (mit Tomatensauce, Mozzarella, Meeresfrüchten)",X,212,9.01,15,12.4,1.6,1.2
X915113,"Pizza siciliana (mit Tomatensauce, Mozzarella, Anchovis, Oliven)",X,233,8.4,17,14.1,1.8,1.4
X912363,"Pizza Napoli (mit Tomatensauce, Mozzarella, Sardellenfilets, Oliven, Kapern)",X,224,7.84,17,13.4,1.8,1.4
X9A5020,"Pizza Spezial (mit Tomatensauce, Mozzarella, Schinken, Salami)",X,247,12.98,15,14.48,1.5,1.3
X912133,"Pizza al funghi (mit Tomatensauce, Champignons, Mozzarella)",X,202,7.29,17,11.24,2,1.3
X912412,"Pizza Prosciutto (mit Tomatensauce, Kochschinken, Mozzarella)",X,224,11.36,16,12.17,1.6,1.5
X914133,"Pizza Salame (mit Tomatensauce, Mozzarella, Salami, Oliven, Peperoni)",X,251,9.6,16,16,1.7,1.4
X9A5010,"Pizza Hawaii (mit Tomatensauce, Mozzarella, Ananas, Schinken)",X,207,9.89,17,10.52,1.6,3.9
X915233,"Pizza tonno (mit Tomatensauce, Mozzarella, Thunfisch, Sardellen, Oliven, Zwiebeln)",X,228,11.16,15,13.3,1.6,1.4
